show_id,type,title,date_added,release_year,rating,duration,duration_type
s1,Movie,Dick Johnson Is Dead,9/25/2021,2020,PG-13,90,min
s2,TV Show,Blood & Water,9/24/2021,2021,TV-MA,2,Seasons
s3,TV Show,Ganglands,9/24/2021,2021,TV-MA,1,Season
s4,TV Show,Jailbirds New Orleans,9/24/2021,2021,TV-MA,1,Season
s5,TV Show,Kota Factory,9/24/2021,2021,TV-MA,2,Seasons
s6,TV Show,Midnight Mass,9/24/2021,2021,TV-MA,1,Season
s7,Movie,My Little Pony: A New Generation,9/24/2021,2021,PG,91,min
s8,Movie,Sankofa,9/24/2021,1993,TV-MA,125,min
s9,TV Show,The Great British Baking Show,9/24/2021,2021,TV-14,9,Seasons
s10,Movie,The Starling,9/24/2021,2021,PG-13,104,min
s11,TV Show,"Vendetta: Truth, Lies and The Mafia",9/24/2021,2021,TV-MA,1,Season
s12,TV Show,Bangkok Breaking,9/23/2021,2021,TV-MA,1,Season
s13,Movie,Je Suis Karl,9/23/2021,2021,TV-MA,127,min
s14,Movie,Confessions of an Invisible Girl,9/22/2021,2021,TV-PG,91,min
s15,TV Show,Crime Stories: India Detectives,9/22/2021,2021,TV-MA,1,Season
s16,TV Show,Dear White People,9/22/2021,2021,TV-MA,4,Seasons
s17,Movie,Europe's Most Dangerous Man: Otto Skorzeny in Spain,9/22/2021,2020,TV-MA,67,min
s18,TV Show,Falsa identidad,9/22/2021,2020,TV-MA,2,Seasons
s19,Movie,Intrusion,9/22/2021,2021,TV-14,94,min
s20,TV Show,Jaguar,9/22/2021,2021,TV-MA,1,Season
s21,TV Show,Monsters Inside: The 24 Faces of Billy Milligan,9/22/2021,2021,TV-14,1,Season
s22,TV Show,Resurrection: Ertugrul,9/22/2021,2018,TV-14,5,Seasons
s23,Movie,Avvai Shanmughi,9/21/2021,1996,TV-PG,161,min
s24,Movie,Go! Go! Cory Carson: Chrissy Takes the Wheel,9/21/2021,2021,TV-Y,61,min
s25,Movie,Jeans,9/21/2021,1998,TV-14,166,min
s26,TV Show,Love on the Spectrum,9/21/2021,2021,TV-14,2,Seasons
s27,Movie,Minsara Kanavu,9/21/2021,1997,TV-PG,147,min
s28,Movie,Grown Ups,9/20/2021,2010,PG-13,103,min
s29,Movie,Dark Skies,9/19/2021,2013,PG-13,97,min
s30,Movie,Paranoia,9/19/2021,2013,PG-13,106,min
s31,Movie,Ankahi Kahaniya,9/17/2021,2021,TV-14,111,min
s32,TV Show,Chicago Party Aunt,9/17/2021,2021,TV-MA,1,Season
s33,TV Show,Sex Education,9/17/2021,2020,TV-MA,3,Seasons
s34,TV Show,Squid Game,9/17/2021,2021,TV-MA,1,Season
s35,TV Show,Tayo and Little Wizards,9/17/2021,2020,TV-Y7,1,Season
s36,Movie,The Father Who Moves Mountains,9/17/2021,2021,TV-MA,110,min
s37,Movie,The Stronghold,9/17/2021,2021,TV-MA,105,min
s38,TV Show,Angry Birds,9/16/2021,2018,TV-Y7,1,Season
s39,Movie,Birth of the Dragon,9/16/2021,2017,PG-13,96,min
s40,TV Show,Chhota Bheem,9/16/2021,2021,TV-Y7,3,Seasons
s41,TV Show,He-Man and the Masters of the Universe,9/16/2021,2021,TV-Y7,1,Season
s42,Movie,Jaws,9/16/2021,1975,PG,124,min
s43,Movie,Jaws 2,9/16/2021,1978,PG,116,min
s44,Movie,Jaws 3,9/16/2021,1983,PG,98,min
s45,Movie,Jaws: The Revenge,9/16/2021,1987,PG-13,91,min
s46,Movie,My Heroes Were Cowboys,9/16/2021,2021,PG,23,min
s47,Movie,Safe House,9/16/2021,2012,R,115,min
s48,TV Show,The Smart Money Woman,9/16/2021,2020,TV-MA,1,Season
s49,Movie,Training Day,9/16/2021,2001,R,122,min
s50,TV Show,Castle and Castle,9/15/2021,2021,TV-MA,2,Seasons
s51,TV Show,Dharmakshetra,9/15/2021,2014,TV-PG,1,Season
s52,Movie,InuYasha the Movie 2: The Castle Beyond the Looking Glass,9/15/2021,2002,TV-14,99,min
s53,Movie,InuYasha the Movie 3: Swords of an Honorable Ruler,9/15/2021,2003,TV-14,99,min
s54,Movie,InuYasha the Movie 4: Fire on the Mystic Island,9/15/2021,2004,TV-PG,88,min
s55,Movie,InuYasha the Movie: Affections Touching Across Time,9/15/2021,2001,TV-PG,100,min
s56,TV Show,Nailed It,9/15/2021,2021,TV-PG,6,Seasons
s57,Movie,Naruto Shippuden the Movie: Blood Prison,9/15/2021,2011,TV-14,102,min
s58,Movie,Naruto Shippûden the Movie: Bonds,9/15/2021,2008,TV-PG,93,min
s59,Movie,Naruto Shippûden the Movie: The Will of Fire,9/15/2021,2009,TV-PG,96,min
s60,Movie,Naruto Shippuden: The Movie,9/15/2021,2007,TV-PG,95,min
s61,Movie,Naruto Shippuden: The Movie: The Lost Tower,9/15/2021,2010,TV-14,85,min
s62,Movie,Naruto the Movie 2: Legend of the Stone of Gelel,9/15/2021,2005,TV-PG,97,min
s63,Movie,Naruto the Movie 3: Guardians of the Crescent Moon Kingdom,9/15/2021,2006,TV-PG,95,min
s64,Movie,Naruto the Movie: Ninja Clash in the Land of Snow,9/15/2021,2004,TV-PG,83,min
s65,Movie,Nightbooks,9/15/2021,2021,TV-PG,103,min
s66,TV Show,Numberblocks,9/15/2021,2021,TV-Y,6,Seasons
s67,TV Show,Raja Rasoi Aur Anya Kahaniyan,9/15/2021,2014,TV-G,1,Season
s68,TV Show,Saved by the Bell,9/15/2021,1994,TV-PG,9,Seasons
s69,Movie,Schumacher,9/15/2021,2021,TV-14,113,min
s70,TV Show,Stories by Rabindranath Tagore,9/15/2021,2015,TV-PG,1,Season
s71,TV Show,Too Hot To Handle: Latino,9/15/2021,2021,TV-MA,1,Season
s72,Movie,A StoryBots Space Adventure,9/14/2021,2021,TV-Y,13,min
s73,TV Show,Jack Whitehall: Travels with My Father,9/14/2021,2021,TV-MA,5,Seasons
s74,Movie,King of Boys,9/14/2021,2018,TV-MA,182,min
s75,TV Show,The World's Most Amazing Vacation Rentals,9/14/2021,2021,TV-PG,2,Seasons
s76,Movie,You vs. Wild: Out Cold,9/14/2021,2021,TV-G,106,min
s77,TV Show,Yowamushi Pedal,9/14/2021,2013,TV-14,1,Season
s78,Movie,Little Singham - Black Shadow,9/11/2021,2021,TV-Y7,48,min
s79,Movie,Tughlaq Durbar,9/11/2021,2020,TV-14,145,min
s80,Movie,Tughlaq Durbar (Telugu),9/11/2021,2021,TV-14,145,min
s81,Movie,Firedrake the Silver Dragon,9/10/2021,2021,TV-Y7,93,min
s82,Movie,Kate,9/10/2021,2021,R,106,min
s83,TV Show,Lucifer,9/10/2021,2021,TV-14,6,Seasons
s84,TV Show,Metal Shop Masters,9/10/2021,2021,TV-MA,1,Season
s85,Movie,Omo Ghetto: the Saga,9/10/2021,2020,TV-MA,147,min
s86,TV Show,Pokémon Master Journeys: The Series,9/10/2021,2021,TV-Y7,1,Season
s87,Movie,Prey,9/10/2021,2021,TV-MA,87,min
s88,TV Show,Titipo Titipo,9/10/2021,2019,TV-Y,2,Seasons
s89,Movie,Blood Brothers: Malcolm X & Muhammad Ali,9/9/2021,2021,PG-13,96,min
s90,TV Show,Mighty Raju,9/9/2021,2017,TV-Y7,4,Seasons
s91,Movie,Paradise Hills,9/9/2021,2019,TV-MA,95,min
s92,Movie,The Women and the Murderer,9/9/2021,2021,TV-14,92,min
s93,TV Show,Into the Night,9/8/2021,2021,TV-MA,2,Seasons
s94,Movie,JJ+E,9/8/2021,2021,TV-MA,91,min
s95,Movie,Show Dogs,9/8/2021,2018,PG,90,min
s96,TV Show,The Circle,9/8/2021,2021,TV-MA,3,Seasons
s97,Movie,If I Leave Here Tomorrow: A Film About Lynyrd Skynyrd,9/7/2021,2018,TV-MA,97,min
s98,TV Show,Kid Cosmic,9/7/2021,2021,TV-Y7,2,Seasons
s99,TV Show,Octonauts: Above & Beyond,9/7/2021,2021,TV-Y,1,Season
s100,TV Show,On the Verge,9/7/2021,2021,TV-MA,1,Season
s101,TV Show,Tobot Galaxy Detectives,9/7/2021,2019,TV-Y7,2,Seasons
s102,Movie,Untold: Breaking Point,9/7/2021,2021,TV-MA,80,min
s103,TV Show,Countdown: Inspiration4 Mission to Space,9/6/2021,2021,TV-14,1,Season
s104,Movie,Shadow Parties,9/6/2021,2020,TV-MA,117,min
s105,TV Show,Tayo the Little Bus,9/6/2021,2016,TV-Y,2,Seasons
s106,Movie,Angamaly Diaries,9/5/2021,2017,TV-14,128,min
s107,TV Show,Bunk'd,9/5/2021,2021,TV-G,5,Seasons
s108,Movie,A Champion Heart,9/4/2021,2018,G,90,min
s109,TV Show,Dive Club,9/3/2021,2021,TV-G,1,Season
s110,TV Show,La casa de papel,9/3/2021,2021,TV-MA,5,Seasons
s111,TV Show,Money Heist: From Tokyo to Berlin,9/3/2021,2021,TV-MA,1,Season
s112,TV Show,Sharkdog,9/3/2021,2021,TV-Y,1,Season
s113,Movie,Worth,9/3/2021,2021,PG-13,119,min
s114,Movie,Afterlife of the Party,9/2/2021,2021,TV-PG,110,min
s115,Movie,Anjaam,9/2/2021,1994,TV-14,143,min
s116,Movie,Bright Star,9/2/2021,2009,PG,119,min
s117,Movie,Dhanak,9/2/2021,2015,TV-PG,114,min
s118,Movie,Final Account,9/2/2021,2021,PG-13,94,min
s119,Movie,Gurgaon,9/2/2021,2017,TV-14,106,min
s120,Movie,Here and There,9/2/2021,2020,TV-MA,99,min
s121,TV Show,Heroes of Goo Jit Zu,9/2/2021,2021,TV-Y7,1,Season
s122,TV Show,Hotel Del Luna,9/2/2021,2019,TV-14,1,Season
s123,Movie,In the Cut,9/2/2021,2003,R,118,min
s124,TV Show,Luv Kushh,9/2/2021,2012,TV-Y7,1,Season
s125,TV Show,Pororo - The Little Penguin,9/2/2021,2013,TV-Y7,3,Seasons
s126,TV Show,Q-Force,9/2/2021,2021,TV-MA,1,Season
s127,Movie,Shikara,9/2/2021,2020,TV-14,115,min
s128,Movie,A Cinderella Story,9/1/2021,2004,PG,95,min
s129,Movie,Agatha Christie's Crooked House,9/1/2021,2017,PG-13,115,min
s130,Movie,An Unfinished Life,9/1/2021,2005,PG-13,108,min
s131,Movie,Barbie Big City Big Dreams,9/1/2021,2021,TV-Y,63,min
s132,Movie,Blade Runner: The Final Cut,9/1/2021,1982,R,117,min
s133,TV Show,Brave Animated Series,9/1/2021,2021,TV-MA,1,Season
s134,Movie,Chappie,9/1/2021,2015,R,121,min
s135,Movie,Clear and Present Danger,9/1/2021,1994,PG-13,142,min
s136,Movie,Cliffhanger,9/1/2021,1993,R,113,min
s137,Movie,Cold Mountain,9/1/2021,2003,R,154,min
s138,Movie,Crocodile Dundee in Los Angeles,9/1/2021,2001,PG,95,min
s139,Movie,Dear John,9/1/2021,2010,PG-13,108,min
s140,Movie,Do the Right Thing,9/1/2021,1989,R,120,min
s141,Movie,"El patrón, radiografía de un crimen",9/1/2021,2014,TV-MA,100,min
s142,Movie,Extraction,9/1/2021,2015,R,82,min
s143,Movie,Freedom Writers,9/1/2021,2007,PG-13,124,min
s144,Movie,Green Lantern,9/1/2021,2011,PG-13,114,min
s145,Movie,House Party,9/1/2021,1990,R,104,min
s146,Movie,House Party 2,9/1/2021,1991,R,94,min
s147,Movie,House Party 3,9/1/2021,1994,R,94,min
s148,TV Show,How to Be a Cowboy,9/1/2021,2021,TV-PG,1,Season
s149,TV Show,HQ Barbers,9/1/2021,2020,TV-14,1,Season
s150,Movie,I Got the Hook Up,9/1/2021,1998,R,93,min
s151,Movie,In Too Deep,9/1/2021,1999,R,97,min
s152,Movie,Initial D,9/1/2021,2005,TV-14,109,min
s153,Movie,Janoskians: Untold and Untrue,9/1/2021,2016,TV-MA,88,min
s154,TV Show,Kid-E-Cats,9/1/2021,2016,TV-Y,2,Seasons
s155,TV Show,Kuroko's Basketball,9/1/2021,2015,TV-MA,3,Seasons
s156,Movie,Labyrinth,9/1/2021,1986,PG,101,min
s157,Movie,Letters to Juliet,9/1/2021,2010,PG,105,min
s158,Movie,Level 16,9/1/2021,2018,TV-14,102,min
s159,Movie,Love Don't Cost a Thing,9/1/2021,2003,PG-13,101,min
s160,Movie,Love in a Puff,9/1/2021,2010,TV-MA,103,min
s161,TV Show,Major Dad,9/1/2021,1992,TV-PG,4,Seasons
s162,Movie,Mars Attacks!,9/1/2021,1996,PG-13,106,min
s163,Movie,Marshall,9/1/2021,2017,PG-13,118,min
s164,Movie,My Boss's Daughter,9/1/2021,2003,R,86,min
s165,Movie,Mystery Men,9/1/2021,1999,PG-13,121,min
s166,TV Show,Oldsters,9/1/2021,2019,TV-MA,1,Season
s167,Movie,Once Upon a Time in America,9/1/2021,1984,R,229,min
s168,Movie,Open Season 2,9/1/2021,2008,PG,76,min
s169,Movie,Osmosis Jones,9/1/2021,2001,PG,95,min
s170,Movie,Poseidon,9/1/2021,2006,PG-13,98,min
s171,Movie,Rhyme & Reason,9/1/2021,1997,R,89,min
s172,Movie,Same Kind of Different as Me,9/1/2021,2017,PG-13,120,min
s173,Movie,School of Rock,9/1/2021,2003,PG-13,110,min
s174,Movie,Snervous Tyler Oakley,9/1/2021,2015,PG-13,83,min
s175,Movie,Tears of the Sun,9/1/2021,2003,R,121,min
s176,Movie,The Blue Lagoon,9/1/2021,1980,R,105,min
s177,Movie,The Golden Child,9/1/2021,1986,PG-13,94,min
s178,Movie,The Guns of Navarone,9/1/2021,1961,TV-14,156,min
s179,Movie,The Interview,9/1/2021,2014,R,112,min
s180,Movie,The Nutty Professor,9/1/2021,1996,PG-13,95,min
s181,Movie,The Nutty Professor II: The Klumps,9/1/2021,2000,PG-13,107,min
s182,TV Show,Turning Point: 9/11 and the War on Terror,9/1/2021,2021,TV-14,1,Season
s183,Movie,Welcome Home Roscoe Jenkins,9/1/2021,2008,PG-13,114,min
s184,Movie,In the Line of Fire,8/31/2021,1993,R,129,min
s185,TV Show,Sparking Joy,8/31/2021,2021,TV-PG,1,Season
s186,Movie,Untold: Crime & Penalties,8/31/2021,2021,TV-MA,86,min
s187,TV Show,Hometown Cha-Cha-Cha,8/29/2021,2021,TV-14,1,Season
s188,TV Show,The Ingenuity of the Househusband,8/29/2021,2021,TV-G,1,Season
s189,Movie,2 Alone in Paris,8/28/2021,2008,TV-MA,97,min
s190,TV Show,Bread Barbershop,8/28/2021,2020,TV-Y,2,Seasons
s191,Movie,Thimmarusu,8/28/2021,2021,TV-14,125,min
s192,Movie,Wind River,8/28/2021,2017,R,107,min
s193,Movie,C Kkompany,8/27/2021,2008,TV-14,127,min
s194,TV Show,D.P.,8/27/2021,2021,TV-MA,1,Season
s195,TV Show,Deadly Sins,8/27/2021,2002,TV-MA,1,Season
s196,Movie,EMI: Liya Hai To Chukana Padega,8/27/2021,2008,TV-14,128,min
s197,Movie,He's All That,8/27/2021,2021,TV-14,92,min
s198,TV Show,I Heart Arlo,8/27/2021,2021,TV-Y7,1,Season
s199,TV Show,King of Boys: The Return of the King,8/27/2021,2021,TV-MA,1,Season
s200,Movie,Koi Aap Sa,8/27/2021,2006,TV-14,135,min
s201,Movie,Krishna Cottage,8/27/2021,2004,TV-14,124,min
s202,Movie,Kucch To Hai,8/27/2021,2003,TV-14,136,min
s203,Movie,Kyaa Kool Hai Hum,8/27/2021,2005,TV-MA,165,min
s204,Movie,Kyaa Kool Hain Hum 3,8/27/2021,2016,TV-MA,124,min
s205,Movie,Kyaa Super Kool Hain Hum,8/27/2021,2012,TV-MA,136,min
s206,Movie,Kyo Kii... Main Jhuth Nahin Bolta,8/27/2021,2001,TV-14,150,min
s207,Movie,"LSD: Love, Sex Aur Dhokha",8/27/2021,2010,TV-MA,112,min
s208,Movie,Mission Istaanbul: Darr Ke Aagey Jeet Hai,8/27/2021,2008,TV-14,119,min
s209,Movie,Once Upon a Time in Mumbaai,8/27/2021,2010,TV-14,133,min
s210,Movie,Once Upon a Time in Mumbai Dobaara!,8/27/2021,2013,TV-14,142,min
s211,Movie,Ragini MMS,8/27/2021,2011,TV-MA,93,min
s212,Movie,Ragini MMS 2,8/27/2021,2014,TV-MA,113,min
s213,TV Show,Rebellion,8/27/2021,2016,TV-MA,2,Seasons
s214,TV Show,RIDE ON TIME,8/27/2021,2021,TV-PG,3,Seasons
s215,Movie,SAS: Rise of the Black Swan,8/27/2021,2021,R,124,min
s216,Movie,Shootout at Lokhandwala,8/27/2021,2007,TV-MA,116,min
s217,Movie,Shor In the City,8/27/2021,2011,TV-14,106,min
s218,Movie,The Dirty Picture,8/27/2021,2011,TV-14,145,min
s219,TV Show,Titletown High,8/27/2021,2021,TV-14,1,Season
s220,TV Show,EDENS ZERO,8/26/2021,2021,TV-14,1,Season
s221,TV Show,Family Reunion,8/26/2021,2021,TV-PG,4,Seasons
s222,Movie,"Bob Ross: Happy Accidents, Betrayal & Greed",8/25/2021,2021,TV-14,93,min
s223,TV Show,Clickbait,8/25/2021,2021,TV-MA,1,Season
s224,TV Show,John of God: The Crimes of a Spiritual Healer,8/25/2021,2021,TV-MA,1,Season
s225,TV Show,Motel Makeover,8/25/2021,2021,TV-14,1,Season
s226,TV Show,Open Your Eyes,8/25/2021,2021,TV-MA,1,Season
s227,TV Show,Post Mortem: No One Dies in Skarnes,8/25/2021,2021,TV-MA,1,Season
s228,Movie,Really Love,8/25/2021,2020,TV-MA,95,min
s229,Movie,The November Man,8/25/2021,2014,R,108,min
s230,Movie,The Old Ways,8/25/2021,2020,TV-MA,90,min
s231,Movie,The River Runner,8/25/2021,2021,TV-MA,86,min
s232,Movie,The Water Man,8/25/2021,2021,PG,92,min
s233,TV Show,Wheel of Fortune,8/25/2021,2019,TV-G,3,Seasons
s234,Movie,Count Me In,8/24/2021,2021,TV-MA,82,min
s235,TV Show,Oggy Oggy,8/24/2021,2021,TV-Y,1,Season
s236,Movie,Untold: Caitlyn Jenner,8/24/2021,2021,TV-PG,70,min
s237,Movie,Boomika,8/23/2021,2021,TV-14,122,min
s238,Movie,Boomika (Hindi),8/23/2021,2021,TV-14,122,min
s239,Movie,Boomika (Malayalam),8/23/2021,2021,TV-14,122,min
s240,Movie,Boomika (Telugu),8/23/2021,2021,TV-14,122,min
s241,Movie,The Witcher: Nightmare of the Wolf,8/23/2021,2021,TV-MA,84,min
s242,TV Show,Manifest,8/21/2021,2021,TV-14,3,Seasons
s243,TV Show,Comedy Premium League,8/20/2021,2021,TV-MA,1,Season
s244,TV Show,Everything Will Be Fine,8/20/2021,2021,TV-MA,1,Season
s245,Movie,Gunshot,8/20/2021,2018,TV-14,96,min
s246,TV Show,Korean Cold Noodle Rhapsody,8/20/2021,2021,TV-PG,1,Season
s247,Movie,Man in Love,8/20/2021,2021,TV-MA,115,min
s248,Movie,Sweet Girl,8/20/2021,2021,R,110,min
s249,TV Show,The Chair,8/20/2021,2021,TV-MA,1,Season
s250,Movie,The Loud House Movie,8/20/2021,2021,TV-Y7,88,min
s251,Movie,A Faraway Land,8/19/2021,2020,TV-PG,102,min
s252,Movie,Like Crazy,8/19/2021,2011,PG-13,91,min
s253,Movie,Black Island,8/18/2021,2021,TV-MA,105,min
s254,Movie,Bombay,8/18/2021,1995,TV-14,135,min
s255,TV Show,Go! Go! Cory Carson,8/18/2021,2021,TV-Y,5,Seasons
s256,Movie,Memories of a Murderer: The Nilsen Tapes,8/18/2021,2021,TV-MA,86,min
s257,Movie,Nneka The Pretty Serpent,8/18/2021,2020,TV-14,140,min
s258,Movie,O Kadhal Kanmani,8/18/2021,2015,TV-14,133,min
s259,Movie,Out of my league,8/18/2021,2020,TV-MA,92,min
s260,Movie,Pahuna,8/18/2021,2018,TV-PG,82,min
s261,TV Show,The Defeated,8/18/2021,2020,TV-MA,1,Season
s262,Movie,The Secret Diary of an Exchange Student,8/18/2021,2021,TV-14,97,min
s263,Movie,Untold: Deal With the Devil,8/18/2021,2021,TV-MA,78,min
s264,TV Show,Mother Goose Club,8/16/2021,2016,TV-Y,2,Seasons
s265,Movie,Walk of Shame,8/16/2021,2014,R,94,min
s266,TV Show,Rascal Does Not Dream of Bunny Girl Senpai,8/15/2021,2018,TV-14,1,Season
s267,TV Show,The Creative Indians,8/15/2021,2020,TV-MA,1,Season
s268,Movie,The Piano,8/15/2021,1993,R,121,min
s269,Movie,Unroyal,8/15/2021,2020,TV-MA,97,min
s270,TV Show,Winx Club,8/15/2021,2015,TV-Y7,2,Seasons
s271,Movie,Beckett,8/13/2021,2021,TV-MA,110,min
s272,TV Show,Brand New Cherry Flavor,8/13/2021,2021,TV-MA,1,Season
s273,TV Show,Fast & Furious Spy Racers,8/13/2021,2021,TV-Y7,5,Seasons
s274,TV Show,Gone for Good,8/13/2021,2021,TV-MA,1,Season
s275,TV Show,Grace and Frankie,8/13/2021,2021,TV-MA,7,Seasons
s276,TV Show,The Kingdom,8/13/2021,2021,TV-MA,1,Season
s277,TV Show,Valeria,8/13/2021,2021,TV-MA,2,Seasons
s278,TV Show,AlRawabi School for Girls,8/12/2021,2021,TV-14,1,Season
s279,Movie,Lokillo: Nothing's the Same,8/12/2021,2021,TV-MA,64,min
s280,Movie,Monster Hunter: Legends of the Guild,8/12/2021,2021,TV-PG,59,min
s281,TV Show,Bake Squad,8/11/2021,2021,TV-PG,1,Season
s282,Movie,Brother Jekwu,8/11/2021,2016,TV-14,101,min
s283,Movie,La diosa del asfalto,8/11/2021,2020,TV-MA,127,min
s284,Movie,Misha and the Wolves,8/11/2021,2021,PG-13,90,min
s285,Movie,The Kissing Booth 3,8/11/2021,2021,TV-14,114,min
s286,Movie,The Railway Man,8/11/2021,2013,R,108,min
s287,TV Show,Gabby's Dollhouse,8/10/2021,2021,TV-Y,2,Seasons
s288,TV Show,I Need Romance,8/10/2021,2021,TV-14,1,Season
s289,TV Show,Las muñecas de la mafia,8/10/2021,2018,TV-MA,1,Season
s290,TV Show,The Crowned Clown,8/10/2021,2019,TV-14,1,Season
s291,Movie,Untold: Malice at the Palace,8/10/2021,2021,TV-MA,70,min
s292,TV Show,SHAMAN KING,8/9/2021,2021,TV-14,1,Season
s293,Movie,Quartet,8/8/2021,2012,PG-13,98,min
s294,Movie,Slay,8/8/2021,2021,TV-MA,86,min
s295,Movie,Takizawa Kabuki ZERO 2020 The Movie,8/7/2021,2020,TV-PG,139,min
s296,Movie,The Paper Tigers,8/7/2021,2021,PG-13,111,min
s297,TV Show,Hit & Run,8/6/2021,2021,TV-MA,1,Season
s298,TV Show,Navarasa,8/6/2021,2021,TV-MA,1,Season
s299,Movie,Quam's Money,8/6/2021,2020,TV-MA,115,min
s300,Movie,The Swarm,8/6/2021,2021,TV-14,102,min
s301,Movie,Vivo,8/6/2021,2021,PG,100,min
s302,Movie,Chennai Express,8/5/2021,2013,TV-14,135,min
s303,Movie,City of God: 10 Years Later,8/5/2021,2013,TV-MA,69,min
s304,Movie,Esperando la carroza,8/5/2021,1985,TV-MA,95,min
s305,Movie,Lady Boss: The Jackie Collins Story,8/5/2021,2021,TV-14,97,min
s306,Movie,Tango Feroz,8/5/2021,1993,TV-MA,124,min
s307,Movie,'76,8/4/2021,2016,TV-PG,118,min
s308,Movie,Aftermath,8/4/2021,2021,TV-MA,115,min
s309,Movie,American Masters: Inventing David Geffen,8/4/2021,2012,TV-MA,115,min
s310,TV Show,Car Masters: Rust to Riches,8/4/2021,2021,TV-PG,3,Seasons
s311,TV Show,Cocaine Cowboys: The Kings of Miami,8/4/2021,2021,TV-MA,1,Season
s312,TV Show,Control Z,8/4/2021,2021,TV-MA,2,Seasons
s313,TV Show,Cooking With Paris,8/4/2021,2021,TV-MA,1,Season
s314,TV Show,Autumn's Concerto,8/3/2021,2009,TV-14,1,Season
s315,Movie,Heavy,8/3/2021,1995,R,104,min
s316,Movie,Ije: The Journey,8/3/2021,2010,TV-MA,106,min
s317,TV Show,Office Girls,8/3/2021,2011,TV-14,1,Season
s318,Movie,Pray Away,8/3/2021,2021,PG-13,102,min
s319,Movie,Shiny_Flakes: The Teenage Drug Lord,8/3/2021,2021,TV-MA,97,min
s320,TV Show,The Prince Who Turns into a Frog,8/3/2021,2005,TV-14,1,Season
s321,TV Show,Top Secret UFO Projects: Declassified,8/3/2021,2021,TV-PG,1,Season
s322,TV Show,Two Fathers,8/3/2021,2013,TV-14,1,Season
s323,TV Show,You're My Destiny,8/3/2021,2008,TV-MA,1,Season
s324,TV Show,30 Rock,8/1/2021,2012,TV-14,7,Seasons
s325,TV Show,44 Cats,8/1/2021,2020,TV-Y7,3,Seasons
s326,Movie,Beethoven,8/1/2021,1992,PG,87,min
s327,Movie,Beethoven's 2nd,8/1/2021,1993,PG,88,min
s328,Movie,Beowulf,8/1/2021,2007,PG-13,114,min
s329,Movie,Boyka: Undisputed,8/1/2021,2016,R,90,min
s330,Movie,Catch Me If You Can,8/1/2021,2002,PG-13,142,min
s331,Movie,Cloudy with a Chance of Meatballs,8/1/2021,2009,PG,90,min
s332,TV Show,Darwin’s Game,8/1/2021,2020,TV-MA,1,Season
s333,Movie,Deep Blue Sea,8/1/2021,1999,R,105,min
s334,Movie,Ferris Bueller's Day Off,8/1/2021,1986,PG-13,103,min
s335,Movie,Five Feet Apart,8/1/2021,2019,PG-13,116,min
s336,Movie,Freedomland,8/1/2021,2006,R,113,min
s337,TV Show,Friday Night Lights,8/1/2021,2010,TV-14,5,Seasons
s338,Movie,Good Luck Chuck,8/1/2021,2007,R,99,min
s339,TV Show,Hunter X Hunter (2011),8/1/2021,2014,TV-14,6,Seasons
s340,Movie,I missed you: Director's Cut,8/1/2021,2021,TV-14,96,min
s341,Movie,Inception,8/1/2021,2010,PG-13,148,min
s342,Movie,Magnolia,8/1/2021,1999,R,189,min
s343,Movie,Major Payne,8/1/2021,1995,PG-13,97,min
s344,Movie,My Girl,8/1/2021,1991,PG-13,102,min
s345,Movie,My Girl 2,8/1/2021,1994,PG,99,min
s346,Movie,Open Season: Scared Silly,8/1/2021,2015,PG,85,min
s347,Movie,Pineapple Express,8/1/2021,2008,R,112,min
s348,Movie,Planet 51,8/1/2021,2009,PG,91,min
s349,Movie,Poms,8/1/2021,2019,PG-13,91,min
s350,Movie,Seabiscuit,8/1/2021,2003,PG-13,141,min
s351,Movie,Space Cowboys,8/1/2021,2000,PG-13,130,min
s352,Movie,Team America: World Police,8/1/2021,2004,R,98,min
s353,Movie,The Edge of Seventeen,8/1/2021,2016,R,105,min
s354,Movie,The Haunting in Connecticut 2: Ghosts of Georgia,8/1/2021,2013,R,101,min
s355,Movie,The Last Boy Scout,8/1/2021,1991,R,105,min
s356,Movie,The Lincoln Lawyer,8/1/2021,2011,R,118,min
s357,Movie,The Losers,8/1/2021,2010,PG-13,97,min
s358,Movie,The Machinist,8/1/2021,2004,R,102,min
s359,Movie,The Net,8/1/2021,1995,PG-13,114,min
s360,Movie,The Original Kings of Comedy,8/1/2021,2000,R,111,min
s361,Movie,Valentine's Day,8/1/2021,2010,PG-13,125,min
s362,TV Show,Charmed,7/31/2021,2021,TV-14,3,Seasons
s363,Movie,The Lost Café,7/31/2021,2018,TV-14,76,min
s364,Movie,The Vault,7/31/2021,2021,R,118,min
s365,TV Show,Centaurworld,7/30/2021,2021,TV-Y7,1,Season
s366,Movie,Eyes of a Thief,7/30/2021,2014,TV-14,103,min
s367,TV Show,Glow Up,7/30/2021,2021,TV-14,3,Seasons
s368,Movie,I'm Glad I Did,7/30/2021,2020,TV-14,114,min
s369,TV Show,Khawatir,7/30/2021,2009,TV-14,1,Season
s370,TV Show,Myth & Mogul: John DeLorean,7/30/2021,2021,TV-14,1,Season
s371,TV Show,Outer Banks,7/30/2021,2021,TV-MA,2,Seasons
s372,Movie,Pomegranates and Myrrh,7/30/2021,2009,TV-14,95,min
s373,Movie,Rurouni Kenshin: The Beginning,7/30/2021,2021,TV-MA,138,min
s374,Movie,The Last Mercenary,7/30/2021,2021,TV-MA,112,min
s375,Movie,Flower Girl,7/29/2021,2013,TV-PG,94,min
s376,Movie,Resort to Love,7/29/2021,2021,TV-14,102,min
s377,TV Show,Transformers: War for Cybertron: Kingdom,7/29/2021,2021,TV-Y7,1,Season
s378,Movie,Bartkowiak,7/28/2021,2021,TV-MA,92,min
s379,Movie,Fantastic Fungi,7/28/2021,2019,TV-14,81,min
s380,TV Show,Tattoo Redo,7/28/2021,2021,TV-MA,1,Season
s381,TV Show,The Flash,7/28/2021,2021,TV-14,7,Seasons
s382,TV Show,The Snitch Cartel: Origins,7/28/2021,2021,TV-MA,1,Season
s383,TV Show,All American,7/27/2021,2021,TV-14,3,Seasons
s384,Movie,Department,7/27/2021,2012,TV-MA,143,min
s385,Movie,Hostage House,7/27/2021,2021,TV-14,86,min
s386,TV Show,How to Sell Drugs Online (Fast),7/27/2021,2021,TV-MA,3,Seasons
s387,TV Show,Mighty Express,7/27/2021,2021,TV-Y,4,Seasons
s388,Movie,Mimi,7/27/2021,2021,TV-14,132,min
s389,TV Show,Plastic Cup Boyz: Laughing My Mask Off!,7/27/2021,2021,TV-MA,1,Season
s390,Movie,The Operative,7/27/2021,2019,TV-MA,117,min
s391,TV Show,The Walking Dead,7/26/2021,2019,TV-MA,10,Seasons
s392,TV Show,Wynonna Earp,7/26/2021,2020,TV-MA,4,Seasons
s393,Movie,Django Unchained,7/24/2021,2012,R,165,min
s394,Movie,A Second Chance:  Rivals!,7/23/2021,2021,PG,91,min
s395,Movie,African America,7/23/2021,2021,TV-MA,97,min
s396,Movie,Bankrolled,7/23/2021,2021,TV-MA,97,min
s397,Movie,Blood Red Sky,7/23/2021,2021,TV-MA,123,min
s398,TV Show,Feels Like Ishq,7/23/2021,2021,TV-MA,1,Season
s399,Movie,Kingdom: Ashin of the North,7/23/2021,2021,TV-MA,94,min
s400,TV Show,Masters of the Universe: Revelation,7/23/2021,2021,TV-PG,1,Season
s401,TV Show,Revelations: The Masters of the Universe: Revelation Aftershow,7/23/2021,2021,TV-PG,1,Season
s402,TV Show,Sky Rojo,7/23/2021,2021,TV-MA,2,Seasons
s403,Movie,The Last Letter From Your Lover,7/23/2021,2021,TV-MA,111,min
s404,TV Show,The Movies That Made Us,7/23/2021,2021,TV-MA,2,Seasons
s405,Movie,9to5: The Story of a Movement,7/22/2021,2021,TV-MA,85,min
s406,Movie,Chhota Bheem - Dinosaur World,7/22/2021,2015,TV-Y,65,min
s407,Movie,Chhota Bheem - Neeli Pahaadi,7/22/2021,2013,TV-Y7,64,min
s408,Movie,Chhota Bheem & Ganesh,7/22/2021,2009,TV-Y7,68,min
s409,Movie,Chhota Bheem & Krishna: Mayanagari,7/22/2021,2011,TV-Y7,67,min
s410,Movie,Chhota Bheem & Krishna: Pataliputra- City of the Dead,7/22/2021,2010,TV-Y7,66,min
s411,Movie,Chhota Bheem And The Broken Amulet,7/22/2021,2013,TV-Y7,64,min
s412,Movie,Chhota Bheem And The Crown of Valhalla,7/22/2021,2013,TV-Y7,64,min
s413,Movie,Chhota Bheem and the Incan Adventure,7/22/2021,2013,TV-Y7,65,min
s414,Movie,Chhota Bheem and The ShiNobi Secret,7/22/2021,2013,TV-Y7,64,min
s415,Movie,Chhota Bheem Aur Hanuman,7/22/2021,2012,TV-Y7,68,min
s416,Movie,Chhota Bheem aur Krishna,7/22/2021,2009,TV-Y7,68,min
s417,Movie,Chhota Bheem aur Krishna vs Zimbara,7/22/2021,2013,TV-Y7,64,min
s418,Movie,Chhota Bheem in African Safari,7/22/2021,2015,TV-Y7,62,min
s419,Movie,Chhota Bheem Ka Roosi Romanch,7/22/2021,2019,TV-Y,63,min
s420,Movie,Chhota Bheem: Bheem vs Aliens,7/22/2021,2010,TV-Y7,69,min
s421,Movie,Chhota Bheem: Dholakpur to Kathmandu,7/22/2021,2012,TV-Y7,70,min
s422,Movie,Chhota Bheem: Dus Pe Dus,7/22/2021,2014,TV-Y7,63,min
s423,Movie,Chhota Bheem: Journey to Petra,7/22/2021,2011,TV-Y7,68,min
s424,Movie,Chhota Bheem: Master of Shaolin,7/22/2021,2011,TV-Y7,74,min
s425,Movie,Chhota Bheem: The Rise of Kirmada,7/22/2021,2012,TV-Y7,68,min
s426,TV Show,Chicago Med,7/22/2021,2019,TV-14,5,Seasons
s427,Movie,Cousins,7/22/2021,2021,TV-MA,99,min
s428,Movie,Wannabe Courageous,7/22/2021,2019,TV-14,90,min
s429,Movie,Words Bubble Up Like Soda Pop,7/22/2021,2021,TV-G,87,min
s430,Movie,Sanitation Day,7/21/2021,2020,TV-14,105,min
s431,TV Show,Sexy Beasts,7/21/2021,2021,TV-14,1,Season
s432,TV Show,Too Hot to Handle: Brazil,7/21/2021,2021,TV-MA,1,Season
s433,Movie,Trollhunters: Rise of the Titans,7/21/2021,2021,TV-Y7,106,min
s434,Movie,Milkwater,7/20/2021,2020,TV-MA,102,min
s435,TV Show,Okupas,7/20/2021,2020,TV-MA,1,Season
s436,TV Show,Touch Your Heart,7/20/2021,2019,TV-MA,1,Season
s437,Movie,The Tambour of Retribution,7/19/2021,2021,TV-14,91,min
s438,Movie,Cosmic Sin,7/17/2021,2021,R,88,min
s439,Movie,2 Weeks in Lagos,7/16/2021,2020,TV-PG,107,min
s440,Movie,Deep,7/16/2021,2021,TV-MA,101,min
s441,TV Show,Explained,7/16/2021,2021,TV-MA,3,Seasons
s442,Movie,Fear Street Part 3: 1666,7/16/2021,2021,R,114,min
s443,TV Show,Johnny Test,7/16/2021,2021,TV-Y7,1,Season
s444,Movie,La ley de Herodes,7/16/2021,1999,R,123,min
s445,TV Show,Naomi Osaka,7/16/2021,2021,TV-14,1,Season
s446,Movie,The Beguiled,7/16/2021,2017,R,94,min
s447,Movie,The Book of Henry,7/16/2021,2017,PG-13,105,min
s448,Movie,The Twilight Saga: Breaking Dawn: Part 1,7/16/2021,2011,PG-13,117,min
s449,Movie,The Twilight Saga: Breaking Dawn: Part 2,7/16/2021,2012,PG-13,115,min
s450,Movie,The Twilight Saga: Eclipse,7/16/2021,2010,PG-13,124,min
s451,Movie,The Twilight Saga: New Moon,7/16/2021,2009,PG-13,131,min
s452,Movie,Twilight,7/16/2021,2008,PG-13,122,min
s453,Movie,A Perfect Fit,7/15/2021,2021,TV-PG,113,min
s454,TV Show,BEASTARS,7/15/2021,2021,TV-MA,2,Seasons
s455,Movie,Cheech & Chong's Still Smokin,7/15/2021,1983,TV-MA,91,min
s456,Movie,Emicida: AmarElo - Live in São Paulo,7/15/2021,2021,TV-MA,100,min
s457,TV Show,Her Private Life,7/15/2021,2019,TV-14,1,Season
s458,Movie,Lift Like a Girl,7/15/2021,2021,TV-PG,93,min
s459,Movie,My Amanda,7/15/2021,2021,TV-14,90,min
s460,TV Show,Never Have I Ever,7/15/2021,2021,TV-14,2,Seasons
s461,Movie,Surf's Up,7/15/2021,2007,PG,86,min
s462,Movie,The Unknown Saint,7/15/2021,2019,TV-14,100,min
s463,Movie,This Changes Everything,7/15/2021,2019,TV-MA,96,min
s464,Movie,A Classic Horror Story,7/14/2021,2021,TV-MA,95,min
s465,Movie,Gunpowder Milkshake,7/14/2021,2021,R,115,min
s466,TV Show,Heist,7/14/2021,2021,TV-MA,1,Season
s467,TV Show,My Unorthodox Life,7/14/2021,2021,TV-MA,1,Season
s468,Movie,Private Network: Who Killed Manuel Buendía?,7/14/2021,2021,TV-MA,100,min
s469,Movie,The Guide to the Perfect Family,7/14/2021,2021,TV-MA,102,min
s470,Movie,American Woman,7/13/2021,2019,TV-MA,87,min
s471,Movie,Bridgerton - The Afterparty,7/13/2021,2021,TV-14,39,min
s472,Movie,Day of Destiny,7/13/2021,2021,TV-PG,110,min
s473,TV Show,Ridley Jones,7/13/2021,2021,TV-Y,1,Season
s474,Movie,Born to Play,7/12/2021,2020,TV-MA,93,min
s475,Movie,American Ultra,7/10/2021,2015,R,96,min
s476,Movie,The Stand-Up,7/10/2021,2019,TV-MA,93,min
s477,Movie,The Tour,7/10/2021,2016,TV-MA,93,min
s478,TV Show,Atypical,7/9/2021,2021,TV-14,4,Seasons
s479,TV Show,Biohackers,7/9/2021,2021,TV-MA,2,Seasons
s480,Movie,Fear Street Part 2: 1978,7/9/2021,2021,R,111,min
s481,Movie,Finding Hubby,7/9/2021,2020,TV-14,105,min
s482,Movie,How I Became a Superhero,7/9/2021,2021,TV-MA,101,min
s483,TV Show,How to Become a Tyrant,7/9/2021,2021,TV-MA,1,Season
s484,Movie,Last Summer,7/9/2021,2021,TV-MA,102,min
s485,Movie,Lee Su-geun: The Sense Coach,7/9/2021,2021,TV-G,46,min
s486,Movie,Lethal Love,7/9/2021,2021,TV-14,89,min
s487,Movie,Ratchet and Clank,7/9/2021,2016,PG,94,min
s488,TV Show,The Cook of Castamar,7/9/2021,2021,TV-MA,1,Season
s489,TV Show,Virgin River,7/9/2021,2021,TV-14,3,Seasons
s490,Movie,Back to Q82,7/8/2021,2017,TV-14,104,min
s491,TV Show,Elize Matsunaga: Once Upon a Crime,7/8/2021,2021,TV-MA,1,Season
s492,Movie,Home Again,7/8/2021,2017,PG-13,97,min
s493,Movie,Midnight Sun,7/8/2021,2018,PG-13,91,min
s494,TV Show,RESIDENT EVIL: Infinite Darkness,7/8/2021,2021,TV-MA,1,Season
s495,Movie,Rock the Kasbah,7/8/2021,2015,R,106,min
s496,Movie,Awon Boyz,7/7/2021,2019,TV-MA,38,min
s497,Movie,Brick Mansions,7/7/2021,2014,PG-13,90,min
s498,TV Show,Cat People,7/7/2021,2021,TV-14,1,Season
s499,Movie,Clash,7/7/2021,2020,TV-MA,87,min
s500,TV Show,Dogs,7/7/2021,2021,TV-PG,2,Seasons
s501,Movie,Major Grom: Plague Doctor,7/7/2021,2021,TV-MA,138,min
s502,Movie,Mama Drama,7/7/2021,2020,TV-MA,105,min
s503,Movie,Tango With Me,7/7/2021,2010,TV-14,104,min
s504,TV Show,The Mire,7/7/2021,2021,TV-MA,2,Seasons
s505,TV Show,The War Next-door,7/7/2021,2021,TV-MA,1,Season
s506,Movie,Therapy,7/7/2021,2020,TV-PG,85,min
s507,Movie,This Little Love Of Mine,7/7/2021,2021,TV-G,92,min
s508,Movie,Three Thieves,7/7/2021,2019,TV-14,108,min
s509,Movie,A Land Imagined,7/6/2021,2019,TV-MA,95,min
s510,TV Show,Ask the StoryBots,7/6/2021,2019,TV-Y,3,Seasons
s511,TV Show,Between,7/6/2021,2016,TV-14,2,Seasons
s512,TV Show,Chelsea,7/6/2021,2017,TV-MA,2,Seasons
s513,TV Show,Code Lyoko,7/6/2021,2007,TV-Y7,4,Seasons
s514,TV Show,Colony,7/6/2021,2018,TV-14,3,Seasons
s515,TV Show,Cuckoo,7/6/2021,2019,TV-MA,5,Seasons
s516,TV Show,Derry Girls,7/6/2021,2019,TV-MA,2,Seasons
s517,TV Show,Girl from Nowhere,7/6/2021,2021,TV-MA,2,Seasons
s518,TV Show,Good Morning Call,7/6/2021,2017,TV-14,2,Seasons
s519,Movie,Har Kisse Ke Hisse: Kaamyaab,7/6/2021,2020,TV-14,105,min
s520,TV Show,I AM A KILLER,7/6/2021,2020,TV-MA,2,Seasons
s521,TV Show,I Think You Should Leave with Tim Robinson,7/6/2021,2021,TV-MA,2,Seasons
s522,TV Show,Kim's Convenience,7/6/2021,2021,TV-MA,5,Seasons
s523,TV Show,Larva,7/6/2021,2015,TV-Y7,3,Seasons
s524,TV Show,Marcella,7/6/2021,2019,TV-MA,3,Seasons
s525,TV Show,Midnight Diner: Tokyo Stories,7/6/2021,2019,TV-MA,2,Seasons
s526,TV Show,My Little Pony: Friendship Is Magic,7/6/2021,2018,TV-Y,8,Seasons
s527,TV Show,Orange Is the New Black,7/6/2021,2019,TV-MA,7,Seasons
s528,TV Show,Puffin Rock,7/6/2021,2016,TV-Y,2,Seasons
s529,Movie,Rehmataan,7/6/2021,2012,TV-14,116,min
s530,Movie,Return of the Prodigal Son,7/6/2021,1976,TV-MA,124,min
s531,TV Show,Richie Rich,7/6/2021,2015,TV-G,2,Seasons
s532,Movie,Rise: Ini Kalilah,7/6/2021,2018,TV-PG,101,min
s533,TV Show,Scream,7/6/2021,2019,TV-MA,3,Seasons
s534,TV Show,Shtisel,7/6/2021,2021,TV-14,3,Seasons
s535,Movie,Si Doel the Movie 2,7/6/2021,2019,TV-G,95,min
s536,TV Show,Some Assembly Required,7/6/2021,2015,TV-Y,2,Seasons
s537,TV Show,Tales by Light,7/6/2021,2018,TV-14,3,Seasons
s538,TV Show,Terrace House: Opening New Doors,7/6/2021,2018,TV-14,6,Seasons
s539,TV Show,The A List,7/6/2021,2021,TV-PG,2,Seasons
s540,TV Show,The New Legends of Monkey,7/6/2021,2020,TV-PG,2,Seasons
s541,TV Show,The Worst Witch,7/6/2021,2020,TV-G,4,Seasons
s542,Movie,Truckbhar Swapna,7/6/2021,2018,TV-14,128,min
s543,Movie,Ujala,7/6/2021,1959,TV-14,143,min
s544,TV Show,Undercover,7/6/2021,2020,TV-MA,2,Seasons
s545,TV Show,Workin' Moms,7/6/2021,2021,TV-MA,5,Seasons
s546,TV Show,YooHoo to the Rescue,7/6/2021,2020,TV-Y,3,Seasons
s547,TV Show,You Are My Spring,7/6/2021,2021,TV-14,1,Season
s548,TV Show,We the People,7/4/2021,2021,TV-Y7,1,Season
s549,TV Show,Grey's Anatomy,7/3/2021,2020,TV-14,17,Seasons
s550,TV Show,Big Timber,7/2/2021,2020,TV-14,1,Season
s551,Movie,Fear Street Part 1: 1994,7/2/2021,2021,R,107,min
s552,Movie,Haseen Dillruba,7/2/2021,2021,TV-MA,136,min
s553,Movie,Holiday on Mars,7/2/2021,2020,TV-MA,94,min
s554,TV Show,Mortel,7/2/2021,2019,TV-MA,2,Seasons
s555,Movie,RattleSnake - The Ahanna Story,7/2/2021,2020,TV-MA,136,min
s556,Movie,Snowpiercer,7/2/2021,2013,R,126,min
s557,Movie,The 8th Night,7/2/2021,2021,TV-14,116,min
s558,Movie,Winchester,7/2/2021,2018,PG-13,100,min
s559,Movie,6 Bullets,7/1/2021,2012,R,115,min
s560,Movie,Air Force One,7/1/2021,1997,R,125,min
s561,Movie,Audible,7/1/2021,2021,PG-13,39,min
s562,Movie,Austin Powers in Goldmember,7/1/2021,2002,PG-13,94,min
s563,Movie,Austin Powers: International Man of Mystery,7/1/2021,1997,PG-13,90,min
s564,Movie,Austin Powers: The Spy Who Shagged Me,7/1/2021,1999,PG-13,95,min
s565,Movie,Boogie Nights,7/1/2021,1997,R,155,min
s566,TV Show,Bureau of Magical Things,7/1/2021,2020,TV-G,1,Season
s567,Movie,Charlie's Angels,7/1/2021,2000,PG-13,98,min
s568,Movie,Congo,7/1/2021,1995,PG-13,108,min
s569,Movie,Dennis the Menace,7/1/2021,1993,PG,96,min
s570,Movie,Dreamy Eyes,7/1/2021,2019,TV-14,117,min
s571,Movie,Dynasty Warriors,7/1/2021,2021,TV-14,118,min
s572,TV Show,Generation 56k,7/1/2021,2021,TV-MA,1,Season
s573,Movie,Hampstead,7/1/2021,2019,PG-13,103,min
s574,Movie,Kung Fu Panda,7/1/2021,2008,PG,94,min
s575,Movie,Kung Fu Panda 2,7/1/2021,2011,PG,93,min
s576,Movie,Life as We Know It,7/1/2021,2010,PG-13,115,min
s577,Movie,Mary Magdalene,7/1/2021,2019,R,120,min
s578,TV Show,Masameer County,7/1/2021,2021,TV-MA,1,Season
s579,Movie,Memoirs of a Geisha,7/1/2021,2005,PG-13,145,min
s580,Movie,Midnight Run,7/1/2021,1988,R,126,min
s581,Movie,Mobile Suit Gundam Hathaway,7/1/2021,2021,TV-14,96,min
s582,Movie,Mortal Kombat,7/1/2021,1995,PG-13,101,min
s583,Movie,Mother's Day,7/1/2021,2016,PG-13,118,min
s584,Movie,No Strings Attached,7/1/2021,2011,R,109,min
s585,Movie,Not Another Teen Movie,7/1/2021,2001,R,89,min
s586,Movie,Ophelia,7/1/2021,2018,PG-13,106,min
s587,Movie,Pet Sematary 2,7/1/2021,1992,R,101,min
s588,TV Show,Quarantine Tales,7/1/2021,2020,TV-MA,1,Season
s589,TV Show,Rainbow Rangers,7/1/2021,2018,TV-Y,1,Season
s590,Movie,Red Joan,7/1/2021,2019,R,101,min
s591,TV Show,Sailor Moon Crystal,7/1/2021,2016,TV-Y7,3,Seasons
s592,Movie,Seven Pounds,7/1/2021,2008,PG-13,123,min
s593,Movie,She's Out of My League,7/1/2021,2010,R,106,min
s594,Movie,Snow Day,7/1/2021,2000,PG,89,min
s595,Movie,Star Trek,7/1/2021,2009,PG-13,128,min
s596,Movie,Stuart Little,7/1/2021,1999,PG,85,min
s597,Movie,Sword of Trust,7/1/2021,2019,R,89,min
s598,Movie,Talladega Nights: The Ballad of Ricky Bobby,7/1/2021,2006,PG-13,108,min
s599,Movie,The American,7/1/2021,2010,R,105,min
s600,Movie,The Best of Enemies,7/1/2021,2019,PG-13,133,min
s601,Movie,The Game,7/1/2021,1997,R,129,min
s602,Movie,The Karate Kid,7/1/2021,1984,PG,127,min
s603,Movie,The Karate Kid Part II,7/1/2021,1986,PG,113,min
s604,Movie,The Karate Kid Part III,7/1/2021,1989,PG,112,min
s605,Movie,The Life of David Gale,7/1/2021,2003,R,130,min
s606,Movie,The Long Riders,7/1/2021,1980,R,100,min
s607,Movie,The Queen,7/1/2021,2006,PG-13,103,min
s608,Movie,The Strangers,7/1/2021,2008,R,85,min
s609,Movie,The Sum of All Fears,7/1/2021,2002,PG-13,124,min
s610,Movie,The Tourist,7/1/2021,2010,PG-13,103,min
s611,Movie,Underworld,7/1/2021,2003,R,121,min
s612,Movie,Underworld: Awakening,7/1/2021,2012,R,89,min
s613,Movie,Underworld: Rise of the Lycans,7/1/2021,2009,R,92,min
s614,Movie,Voiceless,7/1/2021,2020,TV-MA,112,min
s615,Movie,What Dreams May Come,7/1/2021,1998,PG-13,114,min
s616,Movie,Why Do Fools Fall in Love,7/1/2021,1998,R,116,min
s617,Movie,Working Title,7/1/2021,2019,R,110,min
s618,TV Show,Young Royals,7/1/2021,2021,TV-MA,1,Season
s619,Movie,America: The Motion Picture,6/30/2021,2021,TV-MA,98,min
s620,Movie,Deranged,6/30/2021,2020,TV-14,98,min
s621,TV Show,Droppin' Cash: Los Angeles,6/30/2021,2019,TV-MA,1,Season
s622,TV Show,Legend of Exorcism,6/30/2021,2020,TV-14,1,Season
s623,Movie,Lying and Stealing,6/30/2021,2019,R,100,min
s624,Movie,Mommy Issues,6/30/2021,2021,TV-MA,90,min
s625,Movie,Prime Time,6/30/2021,2021,TV-MA,92,min
s626,TV Show,Somos.,6/30/2021,2021,TV-MA,1,Season
s627,TV Show,Sophie: A Murder in West Cork,6/30/2021,2021,TV-MA,1,Season
s628,TV Show,The Daily Life of the Immortal King,6/30/2021,2020,TV-14,1,Season
s629,TV Show,StarBeam,6/29/2021,2021,TV-Y,4,Seasons
s630,Movie,A Way Back Home,6/28/2021,2020,TV-14,82,min
s631,Movie,Killing Them Softly,6/28/2021,2012,R,97,min
s632,TV Show,The Seven Deadly Sins,6/28/2021,2021,TV-14,5,Seasons
s633,Movie,Wanted,6/28/2021,2019,TV-14,90,min
s634,Movie,Into the Wind,6/26/2021,2018,TV-MA,76,min
s635,Movie,Wonder Boy,6/26/2021,2019,TV-14,83,min
s636,Movie,Here Comes the Rain,6/25/2021,2010,TV-MA,101,min
s637,Movie,The Ice Road,6/25/2021,2021,PG-13,109,min
s638,TV Show,Ray,6/25/2021,2021,TV-MA,1,Season
s639,TV Show,Sex/Life,6/25/2021,2021,TV-MA,1,Season
s640,TV Show,Godzilla Singular Point,6/24/2021,2021,TV-14,1,Season
s641,TV Show,Jiva!,6/24/2021,2021,TV-MA,1,Season
s642,Movie,Sisters on Track,6/24/2021,2021,PG,97,min
s643,TV Show,The Naked Director,6/24/2021,2021,TV-MA,2,Seasons
s644,Movie,The Seventh Day,6/24/2021,2021,R,87,min
s645,Movie,Good on Paper,6/23/2021,2021,TV-MA,94,min
s646,Movie,Murder by the Coast,6/23/2021,2021,TV-14,89,min
s647,Movie,The House of Flowers: The Movie,6/23/2021,2021,TV-MA,88,min
s648,TV Show,The Parisian Agency: Exclusive Properties,6/23/2021,2021,TV-G,1,Season
s649,TV Show,Too Hot to Handle,6/23/2021,2021,TV-MA,2,Seasons
s650,Movie,Broken,6/22/2021,2019,TV-14,108,min
s651,Movie,O Vendedor de Sonhos,6/22/2021,2016,TV-14,96,min
s652,Movie,Osuofia in London,6/22/2021,2003,TV-MA,84,min
s653,Movie,Osuofia in London II,6/22/2021,2004,TV-14,70,min
s654,TV Show,This Is Pop,6/22/2021,2021,TV-MA,1,Season
s655,Movie,#Selfie,6/21/2021,2014,TV-MA,125,min
s656,Movie,#Selfie 69,6/21/2021,2016,TV-MA,119,min
s657,Movie,Love Is a Story,6/21/2021,2015,TV-MA,105,min
s658,TV Show,The Mole,6/21/2021,2001,TV-14,2,Seasons
s659,TV Show,"Nevertheless,",6/20/2021,2021,TV-14,1,Season
s660,TV Show,Bangkok Love Stories: Innocence,6/19/2021,2018,TV-14,1,Season
s661,TV Show,Black Lightning,6/19/2021,2021,TV-14,4,Seasons
s662,TV Show,Call My Agent!,6/19/2021,2018,TV-MA,4,Seasons
s663,TV Show,Champions,6/19/2021,2018,TV-14,1,Season
s664,TV Show,Charité at War,6/19/2021,2019,TV-MA,1,Season
s665,TV Show,Cleo & Cuquin,6/19/2021,2020,TV-Y,2,Seasons
s666,TV Show,Deadwind,6/19/2021,2020,TV-MA,2,Seasons
s667,TV Show,Gameboys Level-Up Edition,6/19/2021,2020,TV-14,1,Season
s668,TV Show,Glee,6/19/2021,2015,TV-14,6,Seasons
s669,TV Show,Hap and Leonard,6/19/2021,2018,TV-MA,3,Seasons
s670,TV Show,Locked Up,6/19/2021,2020,TV-MA,5,Seasons
s671,Movie,Mobile Suit Gundam II: Soldiers of Sorrow,6/19/2021,1981,TV-14,133,min
s672,Movie,Mobile Suit Gundam III: Encounters in Space,6/19/2021,1982,TV-MA,140,min
s673,Movie,Mobile Suit Gundam: Char's Counterattack,6/19/2021,1988,TV-14,120,min
s674,TV Show,No Time for Shame,6/19/2021,2019,TV-MA,1,Season
s675,TV Show,Pose,6/19/2021,2019,TV-MA,2,Seasons
s676,TV Show,REA(L)OVE,6/19/2021,2018,TV-MA,1,Season
s677,TV Show,Riverdale,6/19/2021,2019,TV-14,4,Seasons
s678,TV Show,Schitt's Creek,6/19/2021,2020,TV-MA,6,Seasons
s679,TV Show,The Assassination of Gianni Versace,6/19/2021,2018,TV-MA,1,Season
s680,TV Show,The Judgement,6/19/2021,2018,TV-MA,1,Season
s681,TV Show,The Last Dance,6/19/2021,2020,TV-MA,1,Season
s682,TV Show,They've Gotta Have Us,6/19/2021,2018,TV-MA,1,Season
s683,TV Show,Why Are You Like This,6/19/2021,2021,TV-MA,1,Season
s684,Movie,A Family,6/18/2021,2021,TV-MA,135,min
s685,TV Show,Elite,6/18/2021,2021,TV-MA,4,Seasons
s686,Movie,Fatherhood,6/18/2021,2021,PG-13,111,min
s687,TV Show,Hospital Playlist,6/18/2021,2021,TV-14,2,Seasons
s688,Movie,Jagame Thandhiram,6/18/2021,2021,TV-MA,159,min
s689,Movie,Kambili: The Whole 30 Yards,6/18/2021,2020,TV-14,119,min
s690,Movie,Mobile Suit Gundam I,6/18/2021,1981,TV-14,139,min
s691,Movie,Rurouni Kenshin: The Final,6/18/2021,2021,TV-14,137,min
s692,TV Show,So Not Worth It,6/18/2021,2021,TV-14,1,Season
s693,TV Show,The Rational Life,6/18/2021,2021,TV-14,1,Season
s694,Movie,Ali & Ratu Ratu Queens,6/17/2021,2021,TV-14,101,min
s695,Movie,Aziza,6/17/2021,2019,TV-PG,13,min
s696,Movie,Besieged Bread,6/17/2021,2015,TV-14,12,min
s697,TV Show,Black Summer,6/17/2021,2021,TV-MA,2,Seasons
s698,TV Show,Elite Short Stories: Carla Samuel,6/17/2021,2021,TV-MA,1,Season
s699,Movie,Fan Girl,6/17/2021,2020,TV-MA,101,min
s700,TV Show,Katla,6/17/2021,2021,TV-MA,1,Season
s701,TV Show,Record of Ragnarok,6/17/2021,2021,TV-MA,1,Season
s702,Movie,Red Snow,6/17/2021,2019,TV-MA,96,min
s703,Movie,Silver Linings Playbook,6/17/2021,2012,R,122,min
s704,TV Show,The Gift,6/17/2021,2021,TV-MA,3,Seasons
s705,Movie,A Man For The Week End,6/16/2021,2018,TV-14,95,min
s706,Movie,Biking Borders,6/16/2021,2019,TV-14,89,min
s707,TV Show,Elite Short Stories: Omar Ander Alexis,6/16/2021,2021,TV-MA,1,Season
s708,TV Show,Let's Eat,6/16/2021,2021,TV-14,1,Season
s709,Movie,Lowriders,6/16/2021,2016,PG-13,98,min
s710,TV Show,Millennials,6/16/2021,2020,TV-MA,3,Seasons
s711,TV Show,Penguin Town,6/16/2021,2021,TV-PG,1,Season
s712,Movie,Security,6/16/2021,2021,TV-MA,119,min
s713,Movie,Silver Skates,6/16/2021,2020,TV-MA,138,min
s714,TV Show,Avengers Climate Conundrum,6/15/2021,2020,TV-Y7,1,Season
s715,TV Show,Beyond Evil,6/15/2021,2021,TV-MA,1,Season
s716,TV Show,Elite Short Stories: Nadia Guzmán,6/15/2021,2021,TV-MA,1,Season
s717,Movie,FTA,6/15/2021,1972,TV-MA,104,min
s718,Movie,Headspace: Unwind Your Mind,6/15/2021,2021,TV-G,273,min
s719,Movie,Life of Crime,6/15/2021,2013,R,101,min
s720,TV Show,Power Rangers Dino Fury,6/15/2021,2021,TV-G,1,Season
s721,TV Show,Rhyme Time Town,6/15/2021,2021,TV-Y,2,Seasons
s722,Movie,Rogue Warfare: Death of a Nation,6/15/2021,2020,R,99,min
s723,Movie,Sir! No Sir!,6/15/2021,2005,TV-MA,84,min
s724,TV Show,The American Bible Challenge,6/15/2021,2014,TV-G,1,Season
s725,Movie,The Reason I Jump,6/15/2021,2021,TV-14,82,min
s726,TV Show,Elite Short Stories: Guzmán Caye Rebe,6/14/2021,2021,TV-MA,1,Season
s727,TV Show,Metallica: Some Kind of Monster,6/13/2021,2014,TV-MA,1,Season
s728,Movie,Picture a Scientist,6/13/2021,2020,TV-MA,97,min
s729,Movie,The Devil Below,6/13/2021,2021,TV-MA,89,min
s730,Movie,Bling Empire - The Afterparty,6/12/2021,2021,TV-MA,36,min
s731,Movie,Cobra Kai - The Afterparty,6/12/2021,2021,TV-MA,34,min
s732,TV Show,Love (ft. Marriage and Divorce),6/12/2021,2021,TV-14,2,Seasons
s733,Movie,To All the Boys: Always and Forever - The Afterparty,6/12/2021,2021,TV-MA,36,min
s734,TV Show,LEGO Friends: The Power of Friendship,6/11/2021,2016,TV-Y7,2,Seasons
s735,TV Show,Lupin,6/11/2021,2021,TV-MA,2,Seasons
s736,Movie,Sarbath,6/11/2021,2021,TV-PG,113,min
s737,Movie,Skater Girl,6/11/2021,2021,PG,110,min
s738,TV Show,Trese,6/11/2021,2021,TV-MA,1,Season
s739,Movie,Trese After Dark,6/11/2021,2021,TV-14,36,min
s740,Movie,Wish Dragon,6/11/2021,2021,PG,102,min
s741,Movie,A Haunted House 2,6/10/2021,2014,R,86,min
s742,Movie,Blind Intersections,6/10/2021,2012,TV-MA,91,min
s743,Movie,Camellia Sisters,6/10/2021,2021,TV-MA,117,min
s744,Movie,Copenhagen,6/10/2021,2014,TV-MA,99,min
s745,TV Show,Locombianos,6/10/2021,2021,TV-MA,1,Season
s746,Movie,Until Midnight,6/10/2021,2019,TV-14,77,min
s747,Movie,Awake,6/9/2021,2021,TV-MA,97,min
s748,Movie,Confusion Na Wa,6/9/2021,2013,TV-MA,106,min
s749,TV Show,"Fresh, Fried & Crispy",6/9/2021,2021,TV-PG,1,Season
s750,TV Show,L.A.’s Finest,6/9/2021,2021,TV-MA,2,Seasons
s751,Movie,Tragic Jungle,6/9/2021,2021,TV-MA,97,min
s752,TV Show,Guru Aur Bhole,6/8/2021,2018,TV-Y7,2,Seasons
s753,Movie,Vampire Academy,6/7/2021,2014,PG-13,104,min
s754,TV Show,"Newly Rich, Newly Poor",6/6/2021,2007,TV-MA,1,Season
s755,Movie,A Private War,6/5/2021,2018,R,110,min
s756,Movie,Kitty Love: An Homage to Cats,6/5/2021,2021,TV-G,61,min
s757,Movie,Small Chops,6/5/2021,2020,TV-MA,98,min
s758,Movie,Breaking Boundaries: The Science Of Our Planet,6/4/2021,2021,TV-PG,74,min
s759,TV Show,Feel Good,6/4/2021,2021,TV-MA,2,Seasons
s760,Movie,Fireplace 4K: Classic Crackling Fireplace from Fireplace for Your Home,6/4/2021,2015,TV-G,60,min
s761,Movie,Fireplace 4K: Crackling Birchwood from Fireplace for Your Home,6/4/2021,2015,TV-G,60,min
s762,TV Show,Human: The World Within,6/4/2021,2021,TV-PG,1,Season
s763,Movie,Sweet & Sour,6/4/2021,2021,TV-14,103,min
s764,TV Show,Sweet Tooth,6/4/2021,2021,TV-14,1,Season
s765,Movie,Trippin' with the Kandasamys,6/4/2021,2021,TV-14,94,min
s766,Movie,Xtreme,6/4/2021,2021,TV-MA,112,min
s767,Movie,Alan Saldaña: Locked Up,6/3/2021,2021,TV-MA,49,min
s768,TV Show,Creator's File: GOLD,6/3/2021,2021,TV-14,1,Season
s769,Movie,Dancing Queens,6/3/2021,2021,TV-MA,111,min
s770,Movie,From Stress to Happiness,6/3/2021,2020,TV-G,58,min
s771,Movie,Myriam Fares: The Journey,6/3/2021,2021,TV-14,72,min
s772,TV Show,Pretty Guardian Sailor Moon Eternal The Movie,6/3/2021,2021,TV-14,1,Season
s773,TV Show,Summertime,6/3/2021,2021,TV-MA,2,Seasons
s774,Movie,The Girl and the Gun,6/3/2021,2019,TV-MA,78,min
s775,Movie,2 Hearts,6/2/2021,2020,PG-13,101,min
s776,Movie,A Perfect Ending,6/2/2021,2012,TV-MA,110,min
s777,Movie,American Outlaws,6/2/2021,2001,PG-13,94,min
s778,Movie,And Then Came Lola,6/2/2021,2009,TV-MA,70,min
s779,TV Show,Attack on Titan,6/2/2021,2013,TV-MA,1,Season
s780,Movie,Battlefield Earth,6/2/2021,2000,PG-13,118,min
s781,TV Show,Ben & Holly's Little Kingdom,6/2/2021,2019,TV-Y,2,Seasons
s782,Movie,Black Holes | The Edge of All We Know,6/2/2021,2021,TV-14,99,min
s783,Movie,Bliss,6/2/2021,1997,R,103,min
s784,Movie,Carnaval,6/2/2021,2021,TV-MA,95,min
s785,Movie,Cloudburst,6/2/2021,2011,TV-MA,93,min
s786,TV Show,Cocomelon,6/2/2021,2021,TV-Y,3,Seasons
s787,Movie,Company of Heroes,6/2/2021,2013,R,101,min
s788,Movie,Cradle 2 the Grave,6/2/2021,2003,R,101,min
s789,Movie,Domestic Disturbance,6/2/2021,2001,PG-13,89,min
s790,TV Show,Downton Abbey,6/2/2021,2015,TV-14,6,Seasons
s791,Movie,Dream/Killer,6/2/2021,2015,TV-MA,109,min
s792,Movie,Felon,6/2/2021,2008,R,104,min
s793,Movie,Flipped,6/2/2021,2010,PG,90,min
s794,Movie,Fools Rush In,6/2/2021,1997,PG-13,109,min
s795,Movie,Gold Statue,6/2/2021,2019,TV-14,145,min
s796,TV Show,Happy Endings,6/2/2021,2012,TV-14,3,Seasons
s797,Movie,Hostel: Part III,6/2/2021,2011,R,88,min
s798,Movie,I Am Sam,6/2/2021,2001,PG-13,132,min
s799,Movie,Love Jones,6/2/2021,1997,R,109,min
s800,Movie,Million Dollar Baby,6/2/2021,2004,PG-13,133,min
s801,Movie,Mosquita y Mari,6/2/2021,2012,TV-14,85,min
s802,Movie,Never Back Down 2: The Beatdown,6/2/2021,2011,R,104,min
s803,Movie,Ninja Assassin,6/2/2021,2009,R,99,min
s804,TV Show,Ouran High School Host Club,6/2/2021,2006,TV-PG,1,Season
s805,Movie,Population 436,6/2/2021,2006,R,93,min
s806,TV Show,Racket Boys,6/2/2021,2021,TV-14,1,Season
s807,Movie,Seven Souls in the Skull Castle: Season Moon Jogen,6/2/2021,2017,TV-14,204,min
s808,Movie,Seven Souls in the Skull Castle: Season Moon Kagen,6/2/2021,2017,TV-PG,212,min
s809,Movie,Sniper: Legacy,6/2/2021,2014,R,98,min
s810,Movie,Starsky & Hutch,6/2/2021,2004,PG-13,101,min
s811,Movie,Streets of Fire,6/2/2021,1984,PG,94,min
s812,Movie,Super Monsters: Once Upon a Rhyme,6/2/2021,2021,TV-Y,25,min
s813,Movie,Swordfish,6/2/2021,2001,R,99,min
s814,TV Show,The Adventures of Sonic the Hedgehog,6/2/2021,1993,TV-Y7,1,Season
s815,Movie,The Four Seasons,6/2/2021,1981,PG,108,min
s816,Movie,The Girl King,6/2/2021,2015,TV-MA,106,min
s817,Movie,The Interpreter,6/2/2021,2005,PG-13,128,min
s818,Movie,The Meddler,6/2/2021,2015,PG-13,104,min
s819,Movie,The Mirror Has Two Faces,6/2/2021,1996,PG-13,127,min
s820,Movie,The Outlaw Josey Wales,6/2/2021,1976,PG,136,min
s821,TV Show,The Platform,6/2/2021,2021,TV-14,3,Seasons
s822,Movie,The Wedding Guest,6/2/2021,2018,R,97,min
s823,Movie,The Wind,6/2/2021,2019,R,88,min
s824,Movie,Then Came You,6/2/2021,2019,TV-MA,97,min
s825,Movie,Welcome Home,6/2/2021,2018,R,97,min
s826,TV Show,Dirty John,5/31/2021,2020,TV-MA,2,Seasons
s827,Movie,Bo Burnham: Inside,5/30/2021,2021,TV-MA,88,min
s828,Movie,One Lagos Night,5/29/2021,2021,TV-14,103,min
s829,Movie,Collateral Beauty,5/28/2021,2016,PG-13,97,min
s830,Movie,Dog Gone Trouble,5/28/2021,2021,TV-Y7,88,min
s831,TV Show,The Kominsky Method,5/28/2021,2021,TV-MA,3,Seasons
s832,TV Show,The Least Expected Day: Inside the Movistar Team 2019,5/28/2021,2021,TV-MA,2,Seasons
s833,TV Show,Word of Honor,5/28/2021,2021,TV-14,1,Season
s834,TV Show,Black Space,5/27/2021,2021,TV-MA,1,Season
s835,Movie,Blue Miracle,5/27/2021,2021,TV-PG,97,min
s836,TV Show,Eden,5/27/2021,2021,TV-PG,1,Season
s837,Movie,Ghost Lab,5/27/2021,2021,TV-MA,118,min
s838,TV Show,Ragnarok,5/27/2021,2021,TV-MA,2,Seasons
s839,Movie,Soy Rada: Serendipity,5/27/2021,2021,TV-MA,70,min
s840,Movie,The Day I lost My Shadow,5/27/2021,2018,TV-MA,91,min
s841,Movie,Baggio: The Divine Ponytail,5/26/2021,2021,TV-MA,92,min
s842,Movie,Gatao - The Last Stray,5/26/2021,2021,TV-MA,120,min
s843,TV Show,High on the Hog: How African American Cuisine Transformed America,5/26/2021,2021,TV-14,1,Season
s844,TV Show,JoJo's Bizarre Adventure,5/26/2021,2016,TV-MA,3,Seasons
s845,Movie,Nail Bomber: Manhunt,5/26/2021,2021,TV-MA,73,min
s846,Movie,A Place in the Stars,5/25/2021,2014,TV-14,110,min
s847,Movie,Home,5/25/2021,2015,PG,94,min
s848,TV Show,Mad for Each Other,5/24/2021,2021,TV-MA,1,Season
s849,TV Show,Master of None,5/23/2021,2021,TV-MA,3,Seasons
s850,Movie,Sam Smith: Love Goes - Live at Abbey Road Studios,5/22/2021,2020,TV-G,61,min
s851,Movie,99 Songs,5/21/2021,2021,TV-14,131,min
s852,Movie,99 Songs (Tamil),5/21/2021,2021,TV-14,131,min
s853,Movie,99 Songs (Telugu),5/21/2021,2021,TV-14,131,min
s854,Movie,Army of the Dead,5/21/2021,2021,R,148,min
s855,Movie,Creating an Army of the Dead,5/21/2021,2021,TV-MA,29,min
s856,TV Show,Jurassic World Camp Cretaceous,5/21/2021,2021,TV-Y7,3,Seasons
s857,Movie,Strain,5/21/2021,2020,TV-MA,107,min
s858,TV Show,The Neighbor,5/21/2021,2021,TV-MA,2,Seasons
s859,Movie,678,5/20/2021,2009,TV-14,99,min
s860,Movie,Asmaa,5/20/2021,2011,TV-14,92,min
s861,Movie,Hating Peter Tatchell,5/20/2021,2020,TV-MA,91,min
s862,Movie,Little Singham Future mein Satakli,5/20/2021,2021,TV-Y7,47,min
s863,TV Show,Special,5/20/2021,2021,TV-MA,2,Seasons
s864,Movie,Spy Kids: All the Time in the World,5/20/2021,2011,PG,88,min
s865,Movie,Taxi No. 9211,5/20/2021,2006,TV-14,116,min
s866,Movie,Sabotage,5/19/2021,2014,R,109,min
s867,Movie,Small Town Crime,5/19/2021,2017,R,92,min
s868,Movie,The Last Days,5/19/2021,1998,PG-13,87,min
s869,TV Show,The Magic School Bus,5/19/2021,1997,TV-Y,1,Season
s870,TV Show,Who Killed Sara?,5/19/2021,2021,TV-MA,2,Seasons
s871,Movie,Amy Tan: Unintended Memoir,5/18/2021,2021,TV-14,101,min
s872,Movie,Sardar Ka Grandson,5/18/2021,2021,TV-14,140,min
s873,Movie,Sleight,5/16/2021,2016,R,89,min
s874,Movie,Ahaan,5/15/2021,2021,TV-MA,81,min
s875,TV Show,Booba: Food Puzzle,5/15/2021,2021,TV-Y,1,Season
s876,Movie,Love or Money,5/15/2021,2020,TV-MA,116,min
s877,TV Show,Alma Matters,5/14/2021,2021,TV-MA,1,Season
s878,Movie,Cinema Bandi,5/14/2021,2021,TV-MA,99,min
s879,Movie,Ferry,5/14/2021,2021,TV-MA,107,min
s880,TV Show,Halston,5/14/2021,2021,TV-MA,1,Season
s881,TV Show,Haunted,5/14/2021,2021,TV-MA,3,Seasons
s882,Movie,I Am All Girls,5/14/2021,2021,TV-MA,107,min
s883,Movie,Jungle Beat: The Movie,5/14/2021,2021,TV-Y7,90,min
s884,TV Show,"Love, Death & Robots",5/14/2021,2021,TV-MA,2,Seasons
s885,TV Show,Move to Heaven,5/14/2021,2021,TV-MA,1,Season
s886,Movie,Table Manners,5/14/2021,2018,TV-MA,104,min
s887,TV Show,The Mystic River,5/14/2021,2020,TV-14,1,Season
s888,Movie,The Strange House,5/14/2021,2020,TV-MA,100,min
s889,Movie,The Upshaws - The Afterparty,5/14/2021,2021,TV-14,32,min
s890,Movie,The Woman in the Window,5/14/2021,2021,R,102,min
s891,TV Show,Castlevania,5/13/2021,2021,TV-MA,4,Seasons
s892,Movie,Layer Cake,5/13/2021,2004,R,105,min
s893,Movie,Tottaa Pataaka Item Maal,5/13/2021,2018,TV-MA,107,min
s894,Movie,Wave of Cinema: Filosofi Kopi,5/13/2021,2020,TV-14,64,min
s895,Movie,Dance of the Forty One,5/12/2021,2021,TV-MA,99,min
s896,Movie,Oxygen,5/12/2021,2021,TV-14,102,min
s897,TV Show,The Upshaws,5/12/2021,2021,TV-14,1,Season
s898,TV Show,Use For My Talent,5/12/2021,2021,TV-14,1,Season
s899,Movie,Dear Affy,5/11/2021,2020,TV-14,126,min
s900,Movie,Illegal Woman,5/11/2021,2020,TV-MA,119,min
s901,TV Show,"Money, Explained",5/11/2021,2021,TV-14,1,Season
s902,Movie,Deadly Switch,5/10/2021,2019,TV-PG,86,min
s903,TV Show,Mine,5/9/2021,2021,TV-14,1,Season
s904,Movie,Nayattu,5/9/2021,2021,TV-MA,122,min
s905,Movie,Sleepless,5/8/2021,2017,R,95,min
s906,Movie,Super Me,5/8/2021,2021,TV-14,104,min
s907,Movie,Have You Ever Seen Fireflies? - Theatre Play,5/7/2021,1999,TV-MA,118,min
s908,Movie,In Our Mothers' Gardens,5/7/2021,2020,TV-MA,85,min
s909,TV Show,Jupiter's Legacy,5/7/2021,2021,TV-MA,1,Season
s910,Movie,Milestone,5/7/2021,2021,TV-14,98,min
s911,Movie,Monster,5/7/2021,2021,TV-MA,99,min
s912,TV Show,Sab Jholmaal Hai,5/7/2021,2017,TV-Y7,2,Seasons
s913,Movie,The Circle - The Afterparty,5/7/2021,2021,TV-14,35,min
s914,Movie,Time to Dance,5/7/2021,2020,TV-PG,107,min
s915,Movie,Unrest,5/7/2021,2017,TV-MA,97,min
s916,Movie,And Tomorrow the Entire World,5/6/2021,2020,TV-MA,112,min
s917,Movie,Dead Man Down,5/6/2021,2013,R,118,min
s918,Movie,Framing John DeLorean,5/5/2021,2019,TV-MA,109,min
s919,TV Show,Lava Ka Dhaava,5/5/2021,2021,TV-PG,1,Season
s920,TV Show,The Sons of Sam: A Descent into Darkness,5/5/2021,2021,TV-MA,1,Season
s921,TV Show,Selena: The Series,5/4/2021,2020,TV-PG,2,Seasons
s922,TV Show,StartUp,5/4/2021,2018,TV-MA,3,Seasons
s923,Movie,The Clovehitch Killer,5/4/2021,2018,TV-MA,109,min
s924,TV Show,Trash Truck,5/4/2021,2021,TV-Y,2,Seasons
s925,Movie,Aliens Stole My Body,5/1/2021,2020,PG,88,min
s926,TV Show,Angelina Ballerina,5/1/2021,2010,TV-Y,2,Seasons
s927,Movie,Au coeur des gangs,5/1/2021,2006,R,97,min
s928,TV Show,Barney and Friends,5/1/2021,2010,TV-Y,2,Seasons
s929,Movie,Best of the Best,5/1/2021,1989,PG-13,97,min
s930,Movie,Dead Again in Tombstone,5/1/2021,2017,R,99,min
s931,Movie,Due Date,5/1/2021,2010,R,95,min
s932,Movie,Fun with Dick & Jane,5/1/2021,2005,PG-13,91,min
s933,Movie,Green Zone,5/1/2021,2010,R,115,min
s934,Movie,Hachi: A Dog's Tale,5/1/2021,2009,G,93,min
s935,Movie,JT LeRoy,5/1/2021,2018,R,109,min
s936,Movie,Madagascar 3: Europe's Most Wanted,5/1/2021,2012,PG,96,min
s937,TV Show,Miniforce: Super Dino Power,5/1/2021,2020,TV-Y7,1,Season
s938,Movie,Motu Patlu in Dragon's World,5/1/2021,2017,TV-Y7,78,min
s939,Movie,Motu Patlu in the Game of Zones,5/1/2021,2019,TV-Y7,87,min
s940,Movie,Motu Patlu in Wonderland,5/1/2021,2013,TV-Y7,76,min
s941,Movie,Motu Patlu: Deep Sea Adventure,5/1/2021,2014,TV-Y7,76,min
s942,Movie,Motu Patlu: Mission Moon,5/1/2021,2013,TV-Y7,71,min
s943,Movie,Mystic River,5/1/2021,2003,R,138,min
s944,Movie,Never Back Down,5/1/2021,2008,PG-13,113,min
s945,Movie,S.M.A.R.T Chase,5/1/2021,2018,TV-MA,94,min
s946,Movie,Sitting in Limbo,5/1/2021,2020,TV-MA,89,min
s947,Movie,Stargate,5/1/2021,1994,PG-13,121,min
s948,Movie,State of Play,5/1/2021,2009,PG-13,127,min
s949,Movie,Swiped,5/1/2021,2018,TV-14,94,min
s950,Movie,The Darkest Hour,5/1/2021,2011,PG-13,89,min
s951,Movie,The Lovely Bones,5/1/2021,2009,PG-13,136,min
s952,Movie,The Sweetest Thing,5/1/2021,2002,R,89,min
s953,Movie,The Whole Nine Yards,5/1/2021,2000,R,99,min
s954,Movie,The Whole Truth,5/1/2021,2016,R,93,min
s955,Movie,The Yeti Adventures,5/1/2021,2018,TV-PG,85,min
s956,Movie,Under Siege,5/1/2021,1992,R,102,min
s957,Movie,Zack and Miri Make a Porno,5/1/2021,2008,R,101,min
s958,TV Show,Pet Stars,4/30/2021,2021,TV-PG,1,Season
s959,Movie,Seven,4/30/2021,2019,TV-14,113,min
s960,Movie,The Disciple,4/30/2021,2021,TV-MA,128,min
s961,TV Show,The Innocent,4/30/2021,2021,TV-MA,1,Season
s962,Movie,The Mitchells vs. The Machines,4/30/2021,2021,PG,114,min
s963,Movie,The Strangers: Prey at Night,4/30/2021,2018,R,85,min
s964,TV Show,The Unremarkable Juanquini,4/30/2021,2021,TV-MA,2,Seasons
s965,Movie,Things Heard & Seen,4/29/2021,2021,TV-MA,121,min
s966,TV Show,Yasuke,4/29/2021,2021,TV-MA,1,Season
s967,Movie,Get the Grift,4/28/2021,2021,TV-MA,95,min
s968,TV Show,Headspace Guide to Sleep,4/28/2021,2021,TV-G,1,Season
s969,TV Show,Sexify,4/28/2021,2021,TV-MA,1,Season
s970,Movie,August: Osage County,4/27/2021,2014,R,121,min
s971,Movie,Battle: Los Angeles,4/27/2021,2011,PG-13,116,min
s972,Movie,Between Worlds,4/27/2021,2018,R,91,min
s973,TV Show,Fatma,4/27/2021,2021,TV-MA,1,Season
s974,Movie,One,4/27/2021,2020,TV-PG,149,min
s975,Movie,Ram Prasad Ki Tehrvi,4/24/2021,2019,TV-14,113,min
s976,Movie,Shadow and Bone - The Afterparty,4/24/2021,2021,TV-14,33,min
s977,Movie,Among Family,4/23/2021,2017,TV-14,127,min
s978,Movie,Dedemin Fisi,4/23/2021,2016,TV-14,101,min
s979,Movie,Deliha,4/23/2021,2014,TV-MA,102,min
s980,Movie,Dügün Dernek,4/23/2021,2013,TV-MA,102,min
s981,Movie,Dügün Dernek 2: Sünnet,4/23/2021,2015,TV-MA,107,min
s982,Movie,G.O.R.A,4/23/2021,2004,TV-MA,123,min
s983,Movie,Hayat Öpücügü,4/23/2021,2015,TV-14,98,min
s984,Movie,Heroes: Silence and Rock & Roll,4/23/2021,2021,TV-MA,95,min
s985,Movie,Kara Bela,4/23/2021,2015,TV-MA,101,min
s986,Movie,Kocan Kadar Konus,4/23/2021,2015,TV-MA,104,min
s987,Movie,Kocan Kadar Konus 2: Dirilis,4/23/2021,2016,TV-14,104,min
s988,Movie,Legal Hash,4/23/2021,2019,TV-MA,103,min
s989,TV Show,Let's Fight Ghost,4/23/2021,2021,TV-14,1,Season
s990,Movie,My Travel Buddy,4/23/2021,2017,TV-MA,111,min
s991,Movie,Niyazi Gül Dörtnala,4/23/2021,2015,TV-MA,102,min
s992,Movie,One Like It,4/23/2021,2020,TV-G,15,min
s993,Movie,Perfume Imaginary Museum “Time Warp”,4/23/2021,2020,TV-G,54,min
s994,TV Show,Shadow and Bone,4/23/2021,2021,TV-14,1,Season
s995,Movie,This Lady Called Life,4/23/2021,2020,TV-14,120,min
s996,Movie,Vizontele,4/23/2021,2001,TV-MA,106,min
s997,Movie,HOMUNCULUS,4/22/2021,2021,TV-MA,116,min
s998,TV Show,Life in Color with David Attenborough,4/22/2021,2021,TV-PG,1,Season
s999,Movie,Searching For Sheela,4/22/2021,2021,TV-14,58,min
s1000,Movie,Stowaway,4/22/2021,2021,TV-MA,116,min
s1001,Movie,Wild Dog,4/22/2021,2020,TV-MA,126,min
s1002,Movie,Oloibiri,4/21/2021,2015,TV-14,86,min
s1003,Movie,Tell Me When,4/21/2021,2021,TV-MA,97,min
s1004,TV Show,Zero,4/21/2021,2021,TV-MA,1,Season
s1005,TV Show,Izzy's Koala World,4/20/2021,2021,TV-Y,2,Seasons
s1006,Movie,Keymon and Nani in Space Adventure,4/20/2021,2013,TV-Y,76,min
s1007,Movie,Motu Patlu Dino Invasion,4/20/2021,2018,TV-Y7,80,min
s1008,Movie,Motu Patlu in Octupus World,4/20/2021,2017,TV-Y,81,min
s1009,Movie,Motu Patlu VS Robo Kids,4/20/2021,2019,TV-Y,84,min
s1010,Movie,Rudra: Secret of the Black Moon,4/20/2021,2020,TV-Y7,87,min
s1011,Movie,Rudra: The Rise of King Pharaoh,4/20/2021,2019,TV-Y7,91,min
s1012,Movie,Free to Play,4/19/2021,2014,TV-14,76,min
s1013,TV Show,Luis Miguel - The Series,4/19/2021,2021,TV-MA,2,Seasons
s1014,Movie,Miss Sloane,4/19/2021,2016,R,132,min
s1015,TV Show,PJ Masks,4/19/2021,2019,TV-Y,3,Seasons
s1016,Movie,American Me,4/17/2021,1992,R,126,min
s1017,Movie,Delhi Belly,4/17/2021,2011,TV-MA,101,min
s1018,Movie,Dhobi Ghat (Mumbai Diaries),4/17/2021,2010,TV-MA,102,min
s1019,Movie,Jaane Tu... Ya Jaane Na,4/17/2021,2008,TV-14,147,min
s1020,Movie,Lagaan,4/17/2021,2001,PG,224,min
s1021,Movie,Madness in the Desert,4/17/2021,2004,TV-14,141,min
s1022,Movie,Peepli Live,4/17/2021,2010,TV-MA,109,min
s1023,Movie,Taare Zameen Par,4/17/2021,2007,PG,162,min
s1024,Movie,Ajeeb Daastaans,4/16/2021,2021,TV-MA,142,min
s1025,Movie,Arlo the Alligator Boy,4/16/2021,2021,TV-Y7,93,min
s1026,TV Show,Bakugan: Geogan Rising,4/16/2021,2021,TV-Y7,1,Season
s1027,Movie,Barbie & Chelsea: The Lost Birthday,4/16/2021,2021,TV-Y,60,min
s1028,Movie,Crimson Peak,4/16/2021,2015,R,119,min
s1029,Movie,Dad Stop Embarrassing Me - The Afterparty,4/16/2021,2021,TV-14,37,min
s1030,Movie,Doctor Bello,4/16/2021,2013,TV-MA,96,min
s1031,Movie,Four Sisters Before the Wedding,4/16/2021,2020,TV-MA,116,min
s1032,Movie,Into the Beat,4/16/2021,2020,TV-14,102,min
s1033,TV Show,Love Naggers,4/16/2021,2021,TV-14,1,Season
s1034,Movie,Rush,4/16/2021,2013,R,123,min
s1035,Movie,Synchronic,4/16/2021,2020,R,102,min
s1036,Movie,The Zookeeper's Wife,4/16/2021,2017,PG-13,127,min
s1037,Movie,Time Trap,4/16/2021,2017,TV-14,88,min
s1038,Movie,Tuesdays & Fridays,4/16/2021,2021,TV-14,106,min
s1039,TV Show,Dancing Angels,4/15/2021,2016,TV-PG,1,Season
s1040,Movie,Dark City Beneath the Beat,4/15/2021,2020,TV-MA,65,min
s1041,TV Show,Durarara!!,4/15/2021,2016,TV-MA,1,Season
s1042,Movie,GANTZ:O,4/15/2021,2016,TV-MA,96,min
s1043,TV Show,Garth Brooks: The Road I’m On,4/15/2021,2019,TV-PG,1,Season
s1044,TV Show,Gilmore Girls,4/15/2021,2006,TV-14,7,Seasons
s1045,TV Show,High-Rise Invasion,4/15/2021,2021,TV-MA,1,Season
s1046,TV Show,Next in Fashion,4/15/2021,2020,TV-14,1,Season
s1047,Movie,Only Mine,4/15/2021,2019,TV-14,88,min
s1048,TV Show,Peasants Rebellion,4/15/2021,2018,TV-14,1,Season
s1049,TV Show,Power Players,4/15/2021,2020,TV-Y,3,Seasons
s1050,TV Show,Ricky Zoom,4/15/2021,2019,TV-Y,1,Season
s1051,Movie,Ride or Die,4/15/2021,2021,TV-MA,143,min
s1052,TV Show,Sonic X,4/15/2021,2003,TV-Y7,2,Seasons
s1053,Movie,The Master,4/15/2021,2012,R,137,min
s1054,Movie,Time Is Illmatic,4/15/2021,2014,TV-MA,75,min
s1055,Movie,Wave of Cinema: One Day We'll Talk About Today,4/15/2021,2020,TV-14,71,min
s1056,Movie,Zoot Suit,4/15/2021,1981,R,103,min
s1057,TV Show,Ajaibnya Cinta,4/14/2021,2015,TV-PG,1,Season
s1058,TV Show,Dad Stop Embarrassing Me!,4/14/2021,2021,TV-14,1,Season
s1059,TV Show,Fate: The Winx Saga,4/14/2021,2021,TV-MA,1,Season
s1060,TV Show,House of Cards,4/14/2021,2018,TV-MA,6,Seasons
s1061,TV Show,Indian Matchmaking,4/14/2021,2020,TV-14,1,Season
s1062,TV Show,Jeffrey Epstein: Filthy Rich,4/14/2021,2020,TV-MA,1,Season
s1063,TV Show,Law School,4/14/2021,2021,TV-14,1,Season
s1064,TV Show,Living with Yourself,4/14/2021,2019,TV-MA,1,Season
s1065,TV Show,Signal,4/14/2021,2016,TV-MA,1,Season
s1066,TV Show,Slasher,4/14/2021,2019,TV-MA,3,Seasons
s1067,Movie,The Soul,4/14/2021,2021,TV-MA,130,min
s1068,TV Show,The Underclass,4/14/2021,2020,TV-MA,1,Season
s1069,TV Show,Unnatural Selection,4/14/2021,2019,TV-MA,1,Season
s1070,Movie,Uppena,4/14/2021,2020,TV-14,145,min
s1071,Movie,Why Did You Kill Me?,4/14/2021,2021,TV-MA,84,min
s1072,Movie,Motu Patlu in Hong Kong: Kung Fu Kings 3,4/13/2021,2017,TV-Y7,84,min
s1073,Movie,Motu Patlu in the City of Gold,4/13/2021,2018,TV-Y7,77,min
s1074,Movie,Motu Patlu Kung Fu Kings 4 The Challenge of Kung Fu Brothers,4/13/2021,2018,TV-Y7,86,min
s1075,Movie,Motu Patlu the Superheroes – Super Villains from Mars,4/13/2021,2019,TV-Y7,79,min
s1076,TV Show,My Love: Six Stories of True Love,4/13/2021,2021,TV-PG,1,Season
s1077,Movie,Shiva VS Autobots,4/13/2021,2018,TV-Y7,80,min
s1078,Movie,Shiva: Journey to Plunotaria,4/13/2021,2019,TV-Y7,81,min
s1079,Movie,Shiva: The Secret World Of Vedas City,4/13/2021,2017,TV-Y,78,min
s1080,TV Show,The Baker and the Beauty,4/13/2021,2020,TV-PG,1,Season
s1081,Movie,New Gods: Nezha Reborn,4/12/2021,2021,TV-14,118,min
s1082,TV Show,"Nicky, Ricky, Dicky & Dawn",4/12/2021,2018,TV-G,4,Seasons
s1083,TV Show,Don't be the First one,4/11/2021,2021,TV-14,1,Season
s1084,Movie,The Stand-In,4/10/2021,2020,R,102,min
s1085,TV Show,Heaven Official's Blessing,4/9/2021,2020,TV-14,1,Season
s1086,Movie,Night in Paradise,4/9/2021,2021,TV-MA,132,min
s1087,Movie,Ojukokoro: Greed,4/9/2021,2016,TV-MA,108,min
s1088,Movie,Roohi,4/9/2021,2021,TV-14,133,min
s1089,Movie,Thunder Force,4/9/2021,2021,PG-13,107,min
s1090,Movie,Two Distant Strangers,4/9/2021,2021,TV-MA,32,min
s1091,Movie,Story of Kale: When Someone's in Love,4/8/2021,2020,TV-PG,78,min
s1092,TV Show,The Way of the Househusband,4/8/2021,2021,TV-MA,1,Season
s1093,Movie,Dolly Parton: A MusiCares Tribute,4/7/2021,2021,TV-PG,55,min
s1094,TV Show,The Big Day,4/7/2021,2021,TV-14,2,Seasons
s1095,TV Show,The Wedding Coach,4/7/2021,2021,TV-MA,1,Season
s1096,TV Show,This Is a Robbery: The World's Biggest Art Heist,4/7/2021,2021,TV-MA,1,Season
s1097,Movie,The Last Kids on Earth: Happy Apocalypse to You,4/6/2021,2021,TV-Y7,92,min
s1098,Movie,Coded Bias,4/5/2021,2020,TV-MA,86,min
s1099,Movie,Mandela,4/5/2021,2021,TV-14,140,min
s1100,Movie,The Fisherman's Diary,4/4/2021,2020,TV-MA,143,min
s1101,Movie,What Lies Below,4/4/2021,2020,TV-MA,88,min
s1102,Movie,Escape from Planet Earth,4/3/2021,2013,PG,89,min
s1103,Movie,Accepted,4/2/2021,2006,PG-13,93,min
s1104,Movie,Air Strike,4/2/2021,2018,R,97,min
s1105,Movie,An American Girl: McKenna Shoots for the Stars,4/2/2021,2012,TV-Y,94,min
s1106,Movie,Concrete Cowboy,4/2/2021,2021,R,112,min
s1107,Movie,Cross: Rise of the Villains,4/2/2021,2019,R,100,min
s1108,Movie,God Calling,4/2/2021,2018,TV-MA,120,min
s1109,Movie,Irul,4/2/2021,2021,TV-MA,91,min
s1110,Movie,Just Say Yes,4/2/2021,2021,TV-MA,98,min
s1111,Movie,Madame Claude,4/2/2021,2021,TV-MA,113,min
s1112,Movie,Wild Child,4/2/2021,2008,PG-13,98,min
s1113,Movie,Woody Woodpecker,4/2/2021,2017,PG,91,min
s1114,Movie,2012,4/1/2021,2009,PG-13,158,min
s1115,Movie,3 Idiots,4/1/2021,2009,PG-13,164,min
s1116,Movie,Ferrari Ki Sawaari,4/1/2021,2012,TV-PG,133,min
s1117,TV Show,Glimpses of a Future,4/1/2021,2020,TV-PG,1,Season
s1118,Movie,Ibrahim a Fate to Define,4/1/2021,2019,TV-PG,75,min
s1119,Movie,Insidious,4/1/2021,2010,PG-13,103,min
s1120,Movie,Into the Grizzly Maze,4/1/2021,2015,R,90,min
s1121,Movie,Kingsglaive: Final Fantasy XV,4/1/2021,2016,PG-13,116,min
s1122,Movie,Legally Blonde,4/1/2021,2001,PG-13,96,min
s1123,Movie,Madam Chief Minister,4/1/2021,2020,TV-14,121,min
s1124,TV Show,Magical Andes,4/1/2021,2021,TV-G,2,Seasons
s1125,Movie,Maximum Risk,4/1/2021,1996,R,101,min
s1126,TV Show,Murder Maps,4/1/2021,2017,TV-MA,2,Seasons
s1127,Movie,My Fair Lady,4/1/2021,1964,G,173,min
s1128,TV Show,Prank Encounters,4/1/2021,2021,TV-MA,2,Seasons
s1129,Movie,S.W.A.T.: Under Siege,4/1/2021,2017,R,89,min
s1130,TV Show,Secrets of Great British Castles,4/1/2021,2016,TV-PG,2,Seasons
s1131,Movie,Seven Souls in the Skull Castle: Season Bird,4/1/2021,2017,TV-14,182,min
s1132,Movie,Seven Souls in the Skull Castle: Season Flower,4/1/2021,2017,TV-14,181,min
s1133,Movie,Seven Souls in the Skull Castle: Season Wind,4/1/2021,2017,TV-14,185,min
s1134,Movie,Sniper: Ghost Shooter,4/1/2021,2016,R,99,min
s1135,Movie,Starship Troopers: Traitor of Mars,4/1/2021,2017,R,88,min
s1136,Movie,Takers,4/1/2021,2010,PG-13,107,min
s1137,Movie,Tersanjung the Movie,4/1/2021,2021,TV-14,114,min
s1138,Movie,The Knight and the Princess,4/1/2021,2019,TV-PG,96,min
s1139,Movie,The Pianist,4/1/2021,2002,R,149,min
s1140,Movie,The Stepfather,4/1/2021,2009,PG-13,102,min
s1141,Movie,Universal Soldier: The Return,4/1/2021,1999,R,83,min
s1142,Movie,Wazir,4/1/2021,2016,TV-14,98,min
s1143,Movie,White Boy,4/1/2021,2017,TV-MA,83,min
s1144,TV Show,Worn Stories,4/1/2021,2021,TV-MA,1,Season
s1145,Movie,Yes Man,4/1/2021,2008,PG-13,104,min
s1146,Movie,At Eternity's Gate,3/31/2021,2018,PG-13,111,min
s1147,TV Show,Haunted: Latin America,3/31/2021,2021,TV-14,1,Season
s1148,Movie,Not a Game,3/31/2021,2020,TV-MA,98,min
s1149,TV Show,Robocar Poli,3/31/2021,2015,TV-Y,2,Seasons
s1150,TV Show,Yu-Gi-Oh!,3/31/2021,2005,TV-Y7,1,Season
s1151,Movie,7 Yards: The Chris Norton Story,3/30/2021,2021,TV-PG,93,min
s1152,Movie,Octonauts & the Ring of Fire,3/30/2021,2021,TV-Y,73,min
s1153,TV Show,Rainbow High,3/30/2021,2020,TV-Y,1,Season
s1154,Movie,Mandela: Long Walk to Freedom,3/29/2021,2013,PG-13,141,min
s1155,Movie,Lawless,3/28/2021,2012,R,116,min
s1156,Movie,Marked,3/28/2021,2021,TV-PG,21,min
s1157,Movie,A Week Away,3/26/2021,2021,TV-PG,98,min
s1158,Movie,Bad Trip,3/26/2021,2021,TV-MA,87,min
s1159,TV Show,Big Time Rush,3/26/2021,2013,TV-G,4,Seasons
s1160,Movie,Black Is Beltza,3/26/2021,2018,TV-MA,87,min
s1161,Movie,Croupier,3/26/2021,1998,TV-MA,95,min
s1162,Movie,Elizabeth and Margaret: Love and Loyalty,3/26/2021,2020,TV-PG,87,min
s1163,Movie,Keeping the Bees,3/26/2021,2020,TV-14,93,min
s1164,TV Show,Magic for Humans Spain,3/26/2021,2021,TV-MA,1,Season
s1165,Movie,Ni de coña,3/26/2021,2020,TV-MA,97,min
s1166,Movie,Pagglait,3/26/2021,2021,TV-PG,114,min
s1167,TV Show,The Irregulars,3/26/2021,2021,TV-14,1,Season
s1168,Movie,Caught by a Wave,3/25/2021,2021,TV-14,100,min
s1169,TV Show,DOTA: Dragon's Blood,3/25/2021,2021,TV-MA,1,Season
s1170,TV Show,Pui Pui Molcar,3/25/2021,2021,TV-Y7,1,Season
s1171,Movie,Secret Magic Control Agency,3/25/2021,2021,TV-Y7,105,min
s1172,Movie,Seaspiracy,3/24/2021,2021,TV-14,90,min
s1173,Movie,Loyiso Gola: Unlearning,3/23/2021,2021,TV-MA,60,min
s1174,TV Show,Men on a Mission,3/23/2021,2021,TV-14,6,Seasons
s1175,TV Show,Navillera,3/23/2021,2021,TV-14,1,Season
s1176,Movie,Philomena,3/22/2021,2013,PG-13,98,min
s1177,Movie,Any Crybabies Around?,3/20/2021,2020,TV-MA,108,min
s1178,Movie,Hospital,3/20/2021,2020,TV-MA,90,min
s1179,Movie,Jiu Jitsu,3/20/2021,2020,R,102,min
s1180,TV Show,Mighty Morphin Power Rangers,3/20/2021,2010,TV-Y7,4,Seasons
s1181,TV Show,Alien TV,3/19/2021,2021,TV-Y7,2,Seasons
s1182,TV Show,Country Comfort,3/19/2021,2021,TV-PG,1,Season
s1183,TV Show,Formula 1: Drive to Survive,3/19/2021,2021,TV-MA,3,Seasons
s1184,Movie,Reframe THEATER EXPERIENCE with you,3/19/2021,2020,TV-G,84,min
s1185,Movie,The Yin Yang Master,3/19/2021,2021,TV-14,120,min
s1186,Movie,Who's the Boss,3/19/2021,2020,TV-MA,106,min
s1187,TV Show,B: The Beginning,3/18/2021,2021,TV-MA,2,Seasons
s1188,Movie,Deadly Illusions,3/18/2021,2021,R,115,min
s1189,Movie,Get the Goat,3/18/2021,2021,TV-14,98,min
s1190,Movie,Nate Bargatze: The Greatest Average American,3/18/2021,2021,TV-G,60,min
s1191,Movie,Skylines,3/18/2021,2020,R,113,min
s1192,Movie,The Fluffy Movie,3/18/2021,2014,PG-13,101,min
s1193,Movie,The Present,3/18/2021,2020,TV-MA,24,min
s1194,Movie,Wave of Cinema: 90's Generation,3/18/2021,2020,TV-PG,51,min
s1195,Movie,Catch.er,3/17/2021,2017,TV-14,80,min
s1196,Movie,Operation Varsity Blues: The College Admissions Scandal,3/17/2021,2021,R,100,min
s1197,TV Show,Under Suspicion: Uncovering the Wesphael Case,3/17/2021,2021,TV-14,1,Season
s1198,Movie,Get on Up,3/16/2021,2014,PG-13,139,min
s1199,Movie,RebellComedy: Straight Outta the Zoo,3/16/2021,2021,TV-MA,74,min
s1200,Movie,Savages,3/16/2021,2012,R,131,min
s1201,TV Show,Waffles + Mochi,3/16/2021,2021,TV-Y,1,Season
s1202,TV Show,Abla Fahita: Drama Queen,3/15/2021,2021,TV-14,1,Season
s1203,Movie,C/O Kaadhal,3/15/2021,2021,TV-14,131,min
s1204,Movie,The BFG,3/15/2021,2016,PG,118,min
s1205,Movie,The Last Blockbuster,3/15/2021,2020,TV-14,87,min
s1206,TV Show,The Lost Pirate Kingdom,3/15/2021,2021,TV-MA,1,Season
s1207,TV Show,Zero Chill,3/15/2021,2021,TV-G,1,Season
s1208,Movie,Audrey,3/14/2021,2020,TV-14,101,min
s1209,Movie,Çarsi Pazar,3/12/2021,2015,TV-MA,97,min
s1210,Movie,Just In Time,3/12/2021,2020,TV-G,92,min
s1211,TV Show,Love Alarm,3/12/2021,2021,TV-MA,2,Seasons
s1212,Movie,Mucize,3/12/2021,2015,TV-14,136,min
s1213,Movie,Paper Lives,3/12/2021,2021,TV-MA,97,min
s1214,TV Show,Paradise PD,3/12/2021,2021,TV-MA,3,Seasons
s1215,Movie,Quiet,3/12/2021,2020,TV-MA,103,min
s1216,Movie,Romantik Komedi,3/12/2021,2010,TV-MA,110,min
s1217,Movie,Romantik Komedi 2: Bekarliga Veda,3/12/2021,2013,TV-MA,105,min
s1218,TV Show,The One,3/12/2021,2021,TV-MA,1,Season
s1219,Movie,YES DAY,3/12/2021,2021,PG,90,min
s1220,Movie,You're Everything To Me,3/12/2021,2016,TV-PG,107,min
s1221,Movie,Coven of Sisters,3/11/2021,2021,TV-MA,92,min
s1222,Movie,Generasi 90an: Melankolia,3/11/2021,2020,TV-14,94,min
s1223,Movie,The Block Island Sound,3/11/2021,2020,TV-MA,99,min
s1224,TV Show,Dealer,3/10/2021,2021,TV-MA,1,Season
s1225,TV Show,Last Chance U: Basketball,3/10/2021,2021,TV-MA,1,Season
s1226,TV Show,Marriage or Mortgage,3/10/2021,2021,TV-G,1,Season
s1227,TV Show,The Houseboat,3/9/2021,2021,TV-14,1,Season
s1228,TV Show,Bombay Begums,3/8/2021,2021,TV-MA,1,Season
s1229,Movie,Bombay Rose,3/8/2021,2021,PG-13,97,min
s1230,TV Show,My Way,3/6/2021,2015,TV-14,1,Season
s1231,Movie,Aelay,3/5/2021,2021,TV-14,151,min
s1232,TV Show,City of Ghosts,3/5/2021,2021,TV-Y7,1,Season
s1233,Movie,Dogwashers,3/5/2021,2021,TV-MA,108,min
s1234,Movie,Fate of Alakada,3/5/2021,2020,TV-14,113,min
s1235,TV Show,Nevenka: Breaking the Silence,3/5/2021,2021,TV-MA,1,Season
s1236,TV Show,Pokémon Journeys: The Series,3/5/2021,2021,TV-Y7,4,Seasons
s1237,Movie,Sentinelle,3/5/2021,2021,TV-MA,81,min
s1238,Movie,Mariposa,3/4/2021,2020,TV-14,116,min
s1239,TV Show,Pacific Rim: The Black,3/4/2021,2021,TV-14,1,Season
s1240,Movie,Parker,3/4/2021,2013,R,119,min
s1241,Movie,Safe Haven,3/4/2021,2013,PG-13,116,min
s1242,Movie,Moxie,3/3/2021,2021,PG-13,112,min
s1243,TV Show,Murder Among the Mormons,3/3/2021,2021,TV-14,1,Season
s1244,Movie,Black or White,3/2/2021,2014,PG-13,121,min
s1245,Movie,Indoo Ki Jawani,3/2/2021,2020,TV-14,115,min
s1246,TV Show,Word Party,3/2/2021,2021,TV-Y,5,Seasons
s1247,TV Show,A Perfect Day For Arsenide,3/1/2021,2019,TV-MA,1,Season
s1248,Movie,Banyuki,3/1/2021,2009,TV-PG,182,min
s1249,Movie,Biggie: I Got a Story to Tell,3/1/2021,2021,R,98,min
s1250,Movie,Blanche Gardin: The All-Nighter,3/1/2021,2021,TV-MA,96,min
s1251,Movie,Connected,3/1/2021,2021,TV-G,42,min
s1252,Movie,Dances with Wolves,3/1/2021,1990,PG-13,181,min
s1253,Movie,How to Be Really Bad,3/1/2021,2018,TV-14,100,min
s1254,Movie,LEGO Marvel Spider-Man: Vexed by Venom,3/1/2021,2019,TV-Y,22,min
s1255,Movie,Rain Man,3/1/2021,1988,R,134,min
s1256,Movie,Seven Souls in the Skull Castle 2011,3/1/2021,2011,TV-14,177,min
s1257,Movie,Tenacious D in The Pick of Destiny,3/1/2021,2006,R,94,min
s1258,TV Show,TIGER & BUNNY,2/28/2021,2011,TV-14,1,Season
s1259,Movie,Bigfoot Family,2/26/2021,2021,TV-Y7,88,min
s1260,Movie,Captain Fantastic,2/26/2021,2016,R,119,min
s1261,Movie,Crazy About Her,2/26/2021,2021,TV-MA,107,min
s1262,Movie,Fuga,2/26/2021,2006,TV-MA,112,min
s1263,Movie,Ginny & Georgia - The Afterparty,2/26/2021,2021,TV-MA,35,min
s1264,Movie,No Escape,2/26/2021,2015,R,103,min
s1265,Movie,Our Idiot Brother,2/26/2021,2011,R,90,min
s1266,Movie,The Girl on the Train,2/26/2021,2021,TV-MA,120,min
s1267,Movie,Tony Manero,2/26/2021,2008,TV-MA,97,min
s1268,Movie,Who Am I,2/26/2021,2014,TV-MA,102,min
s1269,TV Show,El final del paraíso,2/25/2021,2019,TV-MA,1,Season
s1270,Movie,Geez & Ann,2/25/2021,2021,TV-PG,106,min
s1271,TV Show,Sin senos sí hay paraíso,2/25/2021,2018,TV-MA,3,Seasons
s1272,TV Show,The Last Bastion,2/25/2021,2018,TV-MA,1,Season
s1273,TV Show,Age of Samurai: Battle for Japan,2/24/2021,2021,TV-MA,1,Season
s1274,Movie,"Blue, Painful, Fragile",2/24/2021,2020,TV-14,119,min
s1275,TV Show,Canine Intervention,2/24/2021,2021,TV-PG,1,Season
s1276,TV Show,Ginny & Georgia,2/24/2021,2021,TV-14,1,Season
s1277,Movie,M8 - When Death Rescues Life,2/24/2021,2019,TV-MA,84,min
s1278,TV Show,Two Sentence Horror Stories,2/24/2021,2021,TV-14,2,Seasons
s1279,Movie,Brian Regan: On the Rocks,2/23/2021,2021,TV-G,58,min
s1280,Movie,Made You Look: A True Story About Fake Art,2/23/2021,2020,TV-14,90,min
s1281,Movie,Pelé,2/23/2021,2021,TV-14,109,min
s1282,Movie,Red,2/23/2021,2021,TV-14,143,min
s1283,TV Show,Zindagi in Short,2/22/2021,2020,TV-MA,1,Season
s1284,Movie,The Conjuring,2/21/2021,2013,R,112,min
s1285,Movie,The Conjuring 2,2/21/2021,2016,R,134,min
s1286,TV Show,Vincenzo,2/21/2021,2021,TV-14,1,Season
s1287,Movie,Classmates Minus,2/20/2021,2020,TV-MA,123,min
s1288,Movie,Fate: The Winx Saga - The Afterparty,2/20/2021,2021,TV-14,36,min
s1289,Movie,Operation Finale,2/20/2021,2018,PG-13,123,min
s1290,Movie,Wave of Cinema: Surat dari Timur,2/20/2021,2020,TV-G,58,min
s1291,Movie,I Care a Lot,2/19/2021,2021,R,118,min
s1292,Movie,Love,2/19/2021,2020,TV-14,91,min
s1293,Movie,Perú: Tesoro escondido,2/19/2021,2017,TV-PG,76,min
s1294,TV Show,Pitta Kathalu,2/19/2021,2021,TV-MA,1,Season
s1295,TV Show,Tribes of Europa,2/19/2021,2021,TV-MA,1,Season
s1296,Movie,Eeb Allay Ooo!,2/18/2021,2019,TV-MA,97,min
s1297,TV Show,"Hello, Me!",2/18/2021,2021,TV-14,1,Season
s1298,Movie,No Escape Room,2/18/2021,2018,TV-14,85,min
s1299,TV Show,Sisyphus,2/18/2021,2021,TV-14,1,Season
s1300,TV Show,Thus Spoke Kishibe Rohan,2/18/2021,2021,TV-MA,1,Season
s1301,TV Show,Amend: The Fight for America,2/17/2021,2021,TV-MA,1,Season
s1302,TV Show,Behind Her Eyes,2/17/2021,2021,TV-MA,1,Season
s1303,TV Show,MeatEater,2/17/2021,2021,TV-14,4,Seasons
s1304,Movie,The Most Unknown,2/17/2021,2018,TV-PG,92,min
s1305,Movie,Animals on the Loose: A You vs. Wild Movie,2/16/2021,2021,TV-PG,139,min
s1306,Movie,Awara Paagal Deewana,2/16/2021,2002,TV-14,162,min
s1307,TV Show,Good Girls,2/16/2021,2020,TV-MA,3,Seasons
s1308,Movie,The Resurrection of Gavin Stone,2/16/2021,2017,PG,92,min
s1309,TV Show,Booba,2/15/2021,2021,TV-Y7,4,Seasons
s1310,Movie,"My Teacher, My Obsession",2/15/2021,2018,TV-14,86,min
s1311,TV Show,The Crew,2/15/2021,2021,TV-14,1,Season
s1312,Movie,Namaste Wahala,2/14/2021,2021,TV-14,107,min
s1313,Movie,Monsoon,2/13/2021,2020,TV-MA,85,min
s1314,TV Show,Buried by the Bernards,2/12/2021,2021,TV-14,1,Season
s1315,TV Show,Chappelle's Show,2/12/2021,2005,TV-MA,2,Seasons
s1316,Movie,Hate by Dani Rovira,2/12/2021,2021,TV-MA,83,min
s1317,Movie,Mundina Nildana,2/12/2021,2019,TV-MA,104,min
s1318,TV Show,Nadiya Bakes,2/12/2021,2021,TV-G,1,Season
s1319,Movie,To All The Boys: Always And Forever,2/12/2021,2021,TV-14,116,min
s1320,Movie,Xico's Journey,2/12/2021,2021,TV-Y7,87,min
s1321,TV Show,Capitani,2/11/2021,2019,TV-MA,1,Season
s1322,TV Show,El Chema,2/11/2021,2016,TV-MA,1,Season
s1323,Movie,Growing up and other problems,2/11/2021,2018,TV-14,91,min
s1324,Movie,Layla Majnun,2/11/2021,2020,TV-14,119,min
s1325,Movie,Middle of Nowhere,2/11/2021,2012,R,102,min
s1326,Movie,Red Dot,2/11/2021,2021,TV-MA,86,min
s1327,Movie,Squared Love,2/11/2021,2021,TV-14,102,min
s1328,Movie,This Is the Life,2/11/2021,2008,TV-MA,98,min
s1329,TV Show,Crime Scene: The Vanishing at the Cecil Hotel,2/10/2021,2021,TV-MA,1,Season
s1330,Movie,The Misadventures of Hedi and Cokeman,2/10/2021,2021,TV-MA,99,min
s1331,Movie,The World We Make,2/10/2021,2019,PG,108,min
s1332,TV Show,Five Came Back: The Reference Films,2/9/2021,1945,TV-MA,1,Season
s1333,TV Show,ICarly,2/8/2021,2008,TV-G,2,Seasons
s1334,Movie,War Dogs,2/8/2021,2016,R,114,min
s1335,Movie,Monster Run,2/7/2021,2020,TV-14,104,min
s1336,TV Show,The Sinner,2/6/2021,2020,TV-MA,3,Seasons
s1337,Movie,Blanche Gardin: I talk to myself,2/5/2021,2017,TV-MA,88,min
s1338,Movie,Doob: No Bed of Roses,2/5/2021,2017,TV-PG,104,min
s1339,TV Show,Hache,2/5/2021,2021,TV-MA,2,Seasons
s1340,TV Show,Invisible City,2/5/2021,2021,TV-MA,1,Season
s1341,Movie,Little Big Women,2/5/2021,2020,TV-14,123,min
s1342,Movie,Malcolm & Marie,2/5/2021,2021,R,106,min
s1343,Movie,Space Sweepers,2/5/2021,2021,TV-MA,138,min
s1344,Movie,"Strip Down, Rise Up",2/5/2021,2021,R,113,min
s1345,Movie,The Last Paradiso,2/5/2021,2020,TV-MA,107,min
s1346,Movie,The Yin-Yang Master: Dream Of Eternity,2/5/2021,2021,TV-14,133,min
s1347,Movie,All My Friends Are Dead,2/3/2021,2020,TV-MA,97,min
s1348,Movie,Black Beach,2/3/2021,2020,TV-MA,116,min
s1349,TV Show,Firefly Lane,2/3/2021,2021,TV-MA,1,Season
s1350,TV Show,"Pablo Escobar, el patrón del mal",2/3/2021,2012,TV-MA,1,Season
s1351,TV Show,Power Rangers Ninja Steel,2/3/2021,2018,TV-Y7,2,Seasons
s1352,Movie,"Our Lady of San Juan, Four Centuries of Miracles",2/2/2021,2020,TV-PG,123,min
s1353,TV Show,Tiffany Haddish Presents: They Ready,2/2/2021,2021,TV-MA,2,Seasons
s1354,Movie,Beverly Hills Ninja,2/1/2021,1997,PG-13,89,min
s1355,TV Show,Heartland,2/1/2021,2019,TV-14,13,Seasons
s1356,TV Show,Love Daily,2/1/2021,2018,TV-14,1,Season
s1357,TV Show,My Dead Ex,2/1/2021,2018,TV-14,1,Season
s1358,Movie,Rocks,2/1/2021,2019,TV-MA,93,min
s1359,Movie,Shutter Island,2/1/2021,2010,R,139,min
s1360,Movie,The Bank Job,2/1/2021,2008,R,112,min
s1361,TV Show,The House Arrest of Us,2/1/2021,2020,TV-MA,1,Season
s1362,TV Show,The Unsettling,2/1/2021,2019,TV-14,1,Season
s1363,TV Show,Total Drama,2/1/2021,2015,TV-PG,7,Seasons
s1364,TV Show,Zac and Mia,2/1/2021,2019,TV-14,2,Seasons
s1365,Movie,Zathura,2/1/2021,2005,PG,101,min
s1366,TV Show,Zig & Sharko,2/1/2021,2019,TV-Y7,2,Seasons
s1367,Movie,Fatima,1/31/2021,2020,PG-13,113,min
s1368,Movie,Hell Fest,1/31/2021,2018,R,89,min
s1369,Movie,Below Zero,1/29/2021,2021,TV-MA,107,min
s1370,Movie,Finding ‘Ohana,1/29/2021,2021,PG,123,min
s1371,Movie,The Dig,1/29/2021,2021,PG-13,113,min
s1372,TV Show,We Are: The Brooklyn Saints,1/29/2021,2021,TV-14,1,Season
s1373,Movie,June & Kopi,1/28/2021,2021,TV-PG,90,min
s1374,TV Show,50M2,1/27/2021,2021,TV-MA,1,Season
s1375,Movie,Accomplice,1/27/2021,2021,TV-14,52,min
s1376,TV Show,BONDING,1/27/2021,2021,TV-MA,2,Seasons
s1377,Movie,Kilometers and Kilometers,1/27/2021,2020,TV-MA,127,min
s1378,TV Show,Outlander,1/27/2021,2018,TV-MA,4,Seasons
s1379,Movie,Penguin Bloom,1/27/2021,2021,TV-14,95,min
s1380,Movie,Black Rose,1/26/2021,2018,TV-14,121,min
s1381,TV Show,Go Dog Go,1/26/2021,2021,TV-Y,1,Season
s1382,Movie,Hire a Woman,1/26/2021,2019,TV-14,108,min
s1383,Movie,She Is,1/26/2021,2019,TV-PG,102,min
s1384,TV Show,Blown Away,1/22/2021,2021,TV-14,2,Seasons
s1385,TV Show,Busted!,1/22/2021,2021,TV-14,3,Seasons
s1386,TV Show,Demon Slayer: Kimetsu no Yaiba,1/22/2021,2019,TV-14,1,Season
s1387,Movie,So My Grandma’s a Lesbian!,1/22/2021,2020,TV-MA,95,min
s1388,Movie,The Next Three Days,1/22/2021,2010,PG-13,133,min
s1389,Movie,The White Tiger,1/22/2021,2021,R,127,min
s1390,Movie,Friendsgiving,1/21/2021,2020,R,95,min
s1391,Movie,The Shadow of Violence,1/21/2021,2020,R,101,min
s1392,Movie,Cut Throat City,1/20/2021,2020,R,123,min
s1393,TV Show,Daughter From Another Mother,1/20/2021,2021,TV-MA,1,Season
s1394,Movie,Sightless,1/20/2021,2020,TV-14,89,min
s1395,TV Show,Spycraft,1/20/2021,2021,TV-MA,1,Season
s1396,TV Show,Hello Ninja,1/19/2021,2021,TV-Y,4,Seasons
s1397,Movie,Homefront,1/18/2021,2013,R,100,min
s1398,Movie,A Monster Calls,1/16/2021,2016,PG-13,108,min
s1399,Movie,Death of Me,1/16/2021,2020,R,94,min
s1400,Movie,Radium Girls,1/16/2021,2018,TV-14,103,min
s1401,TV Show,Bling Empire,1/15/2021,2021,TV-MA,1,Season
s1402,TV Show,Carmen Sandiego,1/15/2021,2021,TV-Y7,4,Seasons
s1403,TV Show,Disenchantment,1/15/2021,2021,TV-14,3,Seasons
s1404,Movie,Double Dad,1/15/2021,2020,TV-G,105,min
s1405,TV Show,Henry Danger,1/15/2021,2016,TV-G,3,Seasons
s1406,Movie,Outside the Wire,1/15/2021,2021,R,116,min
s1407,Movie,Penguins of Madagascar: The Movie,1/15/2021,2014,PG,92,min
s1408,Movie,Pinkfong & Baby Shark's Space Adventure,1/15/2021,2019,TV-Y,65,min
s1409,TV Show,The Magicians,1/15/2021,2020,TV-MA,5,Seasons
s1410,Movie,The Vanished,1/15/2021,2020,R,115,min
s1411,Movie,Tribhanga - Tedhi Medhi Crazy,1/15/2021,2021,TV-MA,96,min
s1412,Movie,What Would Sophia Loren Do?,1/15/2021,2021,TV-14,32,min
s1413,Movie,Wish You,1/15/2021,2021,TV-PG,102,min
s1414,Movie,Tanda Tanya,1/14/2021,2011,TV-MA,102,min
s1415,Movie,The Heartbreak Club,1/14/2021,2020,TV-14,101,min
s1416,Movie,An Imperfect Murder,1/13/2021,2017,R,71,min
s1417,TV Show,Night Stalker: The Hunt for a Serial Killer,1/13/2021,2021,TV-MA,1,Season
s1418,Movie,Al acecho,1/12/2021,2019,TV-MA,81,min
s1419,Movie,Chris Rock Total Blackout: The Tamborine Extended Cut,1/12/2021,2021,TV-MA,98,min
s1420,TV Show,Last Tango in Halifax,1/12/2021,2020,TV-MA,4,Seasons
s1421,Movie,"Crack: Cocaine, Corruption & Conspiracy",1/11/2021,2021,TV-MA,90,min
s1422,Movie,The Intouchables,1/11/2021,2011,R,112,min
s1423,Movie,Apaharan,1/8/2021,2005,TV-14,161,min
s1424,Movie,BluffMaster!,1/8/2021,2005,TV-14,129,min
s1425,Movie,Charming,1/8/2021,2021,TV-Y7,85,min
s1426,Movie,Creating The Queen's Gambit,1/8/2021,2021,TV-14,14,min
s1427,Movie,Gangaajal,1/8/2021,2003,TV-MA,148,min
s1428,TV Show,Inside the World’s Toughest Prisons,1/8/2021,2021,TV-MA,5,Seasons
s1429,Movie,Is Love Enough? Sir,1/8/2021,2018,TV-MA,99,min
s1430,TV Show,Mighty Little Bheem: Kite Festival,1/8/2021,2021,TV-Y,1,Season
s1431,TV Show,Pretend It’s a City,1/8/2021,2021,TV-14,1,Season
s1432,Movie,Stuck Apart,1/8/2021,2021,TV-MA,97,min
s1433,TV Show,The Idhun Chronicles,1/8/2021,2021,TV-14,2,Seasons
s1434,Movie,100% Halal,1/7/2021,2020,TV-14,101,min
s1435,Movie,Leap!,1/7/2021,2016,PG,89,min
s1436,Movie,Pieces of a Woman,1/7/2021,2020,R,128,min
s1437,Movie,Ratones Paranoicos: The Band that Rocked Argentina,1/6/2021,2021,TV-MA,76,min
s1438,TV Show,Surviving Death,1/6/2021,2021,TV-MA,1,Season
s1439,Movie,Tony Parker: The Final Shot,1/6/2021,2020,TV-14,99,min
s1440,TV Show,History of Swear Words,1/5/2021,2021,TV-MA,1,Season
s1441,TV Show,Nailed It! Mexico,1/5/2021,2021,TV-PG,3,Seasons
s1442,Movie,Hello Brother,1/4/2021,1999,TV-14,126,min
s1443,TV Show,Korean Pork Belly Rhapsody,1/4/2021,2020,TV-G,1,Season
s1444,TV Show,QB1: Beyond the Lights,1/4/2021,2019,TV-14,1,Season
s1445,Movie,Playing for Keeps,1/3/2021,2012,PG-13,106,min
s1446,Movie,Asphalt Burning,1/2/2021,2020,TV-14,101,min
s1447,Movie,Bad Grandpa .5,1/1/2021,2014,TV-MA,87,min
s1448,Movie,Case 39,1/1/2021,2009,R,111,min
s1449,TV Show,Cobra Kai,1/1/2021,2021,TV-14,3,Seasons
s1450,TV Show,Dream Home Makeover,1/1/2021,2021,TV-G,2,Seasons
s1451,Movie,Eddie Murphy: Raw,1/1/2021,1987,R,90,min
s1452,Movie,Full Out 2: You Got This!,1/1/2021,2020,TV-Y,91,min
s1453,Movie,Gimme Shelter,1/1/2021,2013,PG-13,101,min
s1454,Movie,Good Burger,1/1/2021,1997,PG,96,min
s1455,Movie,Good Hair,1/1/2021,2009,PG-13,96,min
s1456,TV Show,Headspace Guide to Meditation,1/1/2021,2021,TV-G,1,Season
s1457,Movie,Into the Wild,1/1/2021,2007,R,148,min
s1458,TV Show,Jenni Rivera: Mariposa de Barrio,1/1/2021,2017,TV-MA,1,Season
s1459,Movie,London Heist,1/1/2021,2017,R,96,min
s1460,Movie,Mean Girls 2,1/1/2021,2011,PG-13,98,min
s1461,TV Show,Monarca,1/1/2021,2021,TV-MA,2,Seasons
s1462,Movie,Mystic Pizza,1/1/2021,1988,R,104,min
s1463,TV Show,Running Man,1/1/2021,2020,TV-Y7,1,Season
s1464,TV Show,The Cat in the Hat Knows a Lot About That!,1/1/2021,2014,TV-Y,1,Season
s1465,Movie,The Creative Brain,1/1/2021,2019,TV-14,53,min
s1466,TV Show,The Haunted Hathaways,1/1/2021,2013,TV-G,2,Seasons
s1467,Movie,The Minimalists: Less Is Now,1/1/2021,2021,TV-14,54,min
s1468,Movie,Unknown,1/1/2021,2011,PG-13,113,min
s1469,Movie,What Happened to Mr. Cha?,1/1/2021,2021,TV-MA,102,min
s1470,Movie,What's Eating Gilbert Grape,1/1/2021,1993,PG-13,118,min
s1471,Movie,Alaska Is a Drag,12/31/2020,2017,TV-MA,83,min
s1472,Movie,Best of Stand-Up 2020,12/31/2020,2020,TV-MA,77,min
s1473,Movie,Bobby Jasoos,12/31/2020,2014,TV-14,116,min
s1474,TV Show,Chilling Adventures of Sabrina,12/31/2020,2020,TV-14,4,Seasons
s1475,Movie,Tarung Sarung,12/31/2020,2020,TV-PG,116,min
s1476,Movie,Too Handsome to Handle,12/31/2020,2019,TV-14,106,min
s1477,TV Show,Best Leftovers Ever!,12/30/2020,2020,TV-G,1,Season
s1478,TV Show,Dare Me,12/30/2020,2019,TV-MA,1,Season
s1479,TV Show,Equinox,12/30/2020,2020,TV-MA,1,Season
s1480,TV Show,SanPa: Sins of the Savior,12/30/2020,2020,TV-MA,1,Season
s1481,TV Show,Still Game,12/30/2020,2018,TV-14,9,Seasons
s1482,Movie,The Rope Curse 2,12/30/2020,2020,TV-MA,105,min
s1483,TV Show,Transformers: War for Cybertron: Earthrise,12/30/2020,2020,TV-Y7,1,Season
s1484,TV Show,A Love So Beautiful,12/28/2020,2020,TV-PG,1,Season
s1485,Movie,Cops and Robbers,12/28/2020,2020,PG-13,8,min
s1486,Movie,Rango,12/28/2020,2011,PG,110,min
s1487,Movie,Death to 2020,12/27/2020,2020,TV-MA,71,min
s1488,TV Show,Sakho & Mangane,12/27/2020,2019,TV-MA,1,Season
s1489,Movie,DNA,12/26/2020,2020,TV-MA,91,min
s1490,TV Show,Regiment Diaries,12/26/2020,2020,TV-PG,2,Seasons
s1491,Movie,The Magic School Bus Rides Again In the Zone,12/26/2020,2020,TV-Y,46,min
s1492,Movie,AK vs AK,12/25/2020,2020,TV-MA,109,min
s1493,TV Show,Bridgerton,12/25/2020,2020,TV-MA,1,Season
s1494,Movie,Isa Pa with Feelings,12/25/2020,2019,TV-G,102,min
s1495,Movie,We Can Be Heroes,12/25/2020,2020,PG,101,min
s1496,Movie,Bridezilla,12/24/2020,2019,TV-MA,94,min
s1497,Movie,Cemara's Family,12/24/2020,2018,TV-G,110,min
s1498,Movie,"Hello, Love, Goodbye",12/24/2020,2019,TV-14,117,min
s1499,Movie,The History of Future Folk,12/23/2020,2012,TV-14,85,min
s1500,Movie,The Midnight Sky,12/23/2020,2020,PG-13,119,min
s1501,Movie,Your Name Engraved Herein,12/23/2020,2020,TV-MA,115,min
s1502,Movie,After We Collided,12/22/2020,2020,R,105,min
s1503,Movie,London Hughes: To Catch a D*ck,12/22/2020,2020,TV-MA,68,min
s1504,TV Show,Lovestruck in the City,12/22/2020,2020,TV-14,1,Season
s1505,Movie,QLIMAX THE SOURCE,12/22/2020,2020,TV-14,57,min
s1506,TV Show,Rhyme Time Town Singalongs,12/22/2020,2020,TV-Y,1,Season
s1507,TV Show,Shaun the Sheep,12/22/2020,2016,TV-Y,2,Seasons
s1508,Movie,Shaun the Sheep: The Farmer’s Llamas,12/22/2020,2020,TV-Y,28,min
s1509,TV Show,Timmy Time,12/22/2020,2010,TV-Y,1,Season
s1510,Movie,"Ariana grande: excuse me, i love you",12/21/2020,2020,TV-MA,98,min
s1511,Movie,The Con Is On,12/21/2020,2018,R,95,min
s1512,Movie,Mohamed Hussein,12/20/2020,2019,TV-14,96,min
s1513,Movie,Rhys Nicholson Live at the Athenaeum,12/20/2020,2020,TV-MA,66,min
s1514,Movie,Atlas Shrugged: Part II,12/19/2020,2012,PG-13,112,min
s1515,TV Show,Diamond City,12/18/2020,2019,TV-MA,1,Season
s1516,Movie,Guest House,12/18/2020,2020,R,84,min
s1517,TV Show,Home for Christmas,12/18/2020,2020,TV-MA,2,Seasons
s1518,Movie,Ma Rainey's Black Bottom,12/18/2020,2020,R,94,min
s1519,Movie,Ma Rainey's Black Bottom: A Legacy Brought to Screen,12/18/2020,2020,TV-PG,32,min
s1520,Movie,Mukhsin,12/18/2020,2006,TV-PG,98,min
s1521,TV Show,Paava Kadhaigal,12/18/2020,2020,TV-MA,1,Season
s1522,Movie,Rabun,12/18/2020,2004,TV-PG,85,min
s1523,Movie,Talentime,12/18/2020,2009,TV-14,120,min
s1524,Movie,An Unremarkable Christmas,12/17/2020,2020,TV-14,83,min
s1525,Movie,Braven,12/17/2020,2018,R,94,min
s1526,Movie,Eggnoid: Love & Time Portal,12/17/2020,2019,TV-14,102,min
s1527,Movie,Love You to the Stars and Back,12/17/2020,2017,TV-14,111,min
s1528,TV Show,Morphle,12/17/2020,2020,TV-Y,2,Seasons
s1529,TV Show,Run On,12/17/2020,2020,TV-MA,1,Season
s1530,Movie,Sakaling Maging Tayo,12/17/2020,2019,TV-14,90,min
s1531,TV Show,Schulz Saves America,12/17/2020,2020,TV-MA,1,Season
s1532,Movie,The Wedding Shaman,12/17/2020,2019,TV-PG,111,min
s1533,TV Show,Anitta: Made In Honório,12/16/2020,2020,TV-MA,1,Season
s1534,TV Show,BREAK IT ALL: The History of Rock in Latin America,12/16/2020,2020,TV-MA,1,Season
s1535,Movie,Bwakaw,12/16/2020,2012,TV-MA,110,min
s1536,TV Show,How To Ruin Christmas,12/16/2020,2020,TV-MA,1,Season
s1537,Movie,Incarnate,12/16/2020,2016,PG-13,87,min
s1538,Movie,Lee Daniels' The Butler,12/16/2020,2013,PG-13,132,min
s1539,TV Show,Marvel Anime: Wolverine,12/16/2020,2011,TV-14,1,Season
s1540,TV Show,Marvel Anime: X-Men,12/16/2020,2011,TV-14,1,Season
s1541,Movie,Nocturnal Animals,12/16/2020,2016,R,117,min
s1542,TV Show,The Ripper,12/16/2020,2020,TV-MA,1,Season
s1543,Movie,Vir Das: Outside In - The Lockdown Special,12/16/2020,2020,TV-MA,50,min
s1544,TV Show,Black Ink Crew New York,12/15/2020,2014,TV-14,2,Seasons
s1545,Movie,Grizzlies,12/15/2020,2018,R,106,min
s1546,TV Show,Pup Academy,12/15/2020,2020,TV-Y,2,Seasons
s1547,TV Show,Song Exploder,12/15/2020,2020,TV-MA,2,Seasons
s1548,TV Show,Teen Mom 2,12/15/2020,2011,TV-14,2,Seasons
s1549,TV Show,The Challenge,12/15/2020,2006,TV-14,2,Seasons
s1550,Movie,The Professor and the Madman,12/15/2020,2019,TV-14,125,min
s1551,Movie,A California Christmas,12/14/2020,2020,PG-13,107,min
s1552,TV Show,Hilda,12/14/2020,2021,TV-Y7,2,Seasons
s1553,TV Show,Tiny Pretty Things,12/14/2020,2020,TV-MA,1,Season
s1554,Movie,The Netflix Afterparty: The Best Shows of The Worst Year,12/13/2020,2020,TV-MA,59,min
s1555,TV Show,Children of Adam,12/12/2020,2020,TV-14,1,Season
s1556,TV Show,Grizzy et les Lemmings,12/12/2020,2018,TV-Y,2,Seasons
s1557,Movie,A Trash Truck Christmas,12/11/2020,2020,TV-Y,28,min
s1558,Movie,Canvas,12/11/2020,2020,G,9,min
s1559,Movie,Giving Voice,12/11/2020,2020,PG-13,91,min
s1560,TV Show,The Mess You Leave Behind,12/11/2020,2020,TV-MA,1,Season
s1561,Movie,The Prom,12/11/2020,2020,PG-13,132,min
s1562,Movie,Torbaaz,12/11/2020,2020,TV-MA,133,min
s1563,TV Show,Alice in Borderland,12/10/2020,2020,TV-MA,1,Season
s1564,Movie,Funny Boy,12/10/2020,2020,TV-MA,109,min
s1565,TV Show,Futmalls.com,12/10/2020,2020,TV-14,1,Season
s1566,Movie,Just The Way You Are,12/10/2020,2016,TV-G,107,min
s1567,Movie,She's the One,12/10/2020,2013,TV-14,111,min
s1568,Movie,The Panti Sisters,12/10/2020,2019,TV-MA,108,min
s1569,Movie,"Kalel, 15",12/9/2020,2019,TV-MA,105,min
s1570,TV Show,Masameer Classics,12/9/2020,2013,TV-14,4,Seasons
s1571,TV Show,Once Upon a Time,12/9/2020,2019,TV-14,1,Season
s1572,Movie,Rose Island,12/9/2020,2020,TV-14,119,min
s1573,TV Show,The Big Show Show,12/9/2020,2020,TV-G,2,Seasons
s1574,TV Show,The Expanding Universe of Ashley Garcia,12/9/2020,2020,TV-PG,3,Seasons
s1575,TV Show,The Surgeon's Cut,12/9/2020,2020,TV-14,1,Season
s1576,Movie,André & his olive tree,12/8/2020,2020,TV-PG,104,min
s1577,Movie,Bobbleheads The Movie,12/8/2020,2020,PG,83,min
s1578,Movie,Emicida: AmarElo - It’s All For Yesterday,12/8/2020,2020,TV-MA,90,min
s1579,TV Show,Juman,12/8/2020,2019,TV-PG,1,Season
s1580,TV Show,Mr. Iglesias,12/8/2020,2020,TV-14,3,Seasons
s1581,Movie,Spirit Riding Free: Ride Along Adventure,12/8/2020,2020,TV-Y7,79,min
s1582,Movie,Super Monsters: Santa’s Super Monster Helpers,12/8/2020,2020,TV-Y,24,min
s1583,Movie,Triple 9,12/8/2020,2016,R,115,min
s1584,TV Show,100 Days My Prince,12/7/2020,2018,TV-14,1,Season
s1585,Movie,Ava,12/7/2020,2020,R,97,min
s1586,TV Show,Manhunt: Deadly Games,12/7/2020,2020,TV-14,1,Season
s1587,TV Show,Room 2806: The Accusation,12/7/2020,2020,TV-MA,1,Season
s1588,TV Show,Detention,12/5/2020,2020,TV-MA,1,Season
s1589,Movie,Mighty Express: A Mighty Christmas,12/5/2020,2020,TV-Y,26,min
s1590,TV Show,Bhaag Beanie Bhaag,12/4/2020,2020,TV-MA,1,Season
s1591,TV Show,Big Mouth,12/4/2020,2020,TV-MA,4,Seasons
s1592,Movie,Captain Underpants Mega Blissmas,12/4/2020,2020,TV-Y7,46,min
s1593,Movie,Christmas Crossfire,12/4/2020,2020,TV-MA,106,min
s1594,TV Show,Kings of Jo'Burg,12/4/2020,2020,TV-MA,1,Season
s1595,Movie,Leyla Everlasting,12/4/2020,2020,TV-MA,113,min
s1596,Movie,MANK,12/4/2020,2020,R,133,min
s1597,TV Show,The Great British Baking Show: Holidays,12/4/2020,2020,TV-MA,3,Seasons
s1598,Movie,You Are My Home,12/4/2020,2020,TV-PG,93,min
s1599,Movie,Between Maybes,12/3/2020,2019,TV-14,108,min
s1600,Movie,Break,12/3/2020,2018,TV-MA,96,min
s1601,Movie,Chico Bon Bon and the Very Berry Holiday,12/3/2020,2020,TV-Y,25,min
s1602,Movie,Just Another Christmas,12/3/2020,2020,TV-MA,101,min
s1603,Movie,Must Be... Love,12/3/2020,2013,TV-14,106,min
s1604,TV Show,Alien Worlds,12/2/2020,2020,TV-PG,1,Season
s1605,Movie,Ari Eldjárn: Pardon My Icelandic,12/2/2020,2020,TV-MA,54,min
s1606,TV Show,Check The Store Next Door: The Next Chapter,12/2/2020,2020,TV-14,2,Seasons
s1607,Movie,Fierce,12/2/2020,2020,TV-MA,118,min
s1608,Movie,Hazel Brugger: Tropical,12/2/2020,2020,TV-MA,58,min
s1609,Movie,3 Days to Kill,12/1/2020,2014,PG-13,117,min
s1610,Movie,Angela's Christmas Wish,12/1/2020,2020,TV-Y,48,min
s1611,Movie,Angels & Demons,12/1/2020,2009,PG-13,139,min
s1612,TV Show,Are You The One,12/1/2020,2014,TV-14,2,Seasons
s1613,Movie,Chef,12/1/2020,2014,R,115,min
s1614,Movie,Effie Gray,12/1/2020,2014,PG-13,109,min
s1615,TV Show,Gormiti,12/1/2020,2018,TV-Y,1,Season
s1616,TV Show,Ink Master,12/1/2020,2012,TV-14,2,Seasons
s1617,Movie,Monster House,12/1/2020,2006,PG,91,min
s1618,Movie,Natalie Palamides: Nate - A One Man Show,12/1/2020,2020,TV-MA,60,min
s1619,TV Show,Octonauts,12/1/2020,2015,TV-Y,4,Seasons
s1620,TV Show,Oddbods,12/1/2020,2017,TV-Y,1,Season
s1621,Movie,Peppermint,12/1/2020,2018,R,102,min
s1622,Movie,Quigley Down Under,12/1/2020,1990,PG-13,120,min
s1623,TV Show,Stargate SG-1,12/1/2020,2006,TV-MA,10,Seasons
s1624,TV Show,The Bachelorette,12/1/2020,2010,TV-14,1,Season
s1625,Movie,The Da Vinci Code,12/1/2020,2006,PG-13,149,min
s1626,TV Show,The Guest,12/1/2020,2018,TV-14,1,Season
s1627,Movie,The Happytime Murders,12/1/2020,2018,R,91,min
s1628,TV Show,The Holiday Movies That Made Us,12/1/2020,2020,TV-PG,1,Season
s1629,TV Show,The Repair Shop,12/1/2020,2018,TV-PG,1,Season
s1630,Movie,U-Turn,12/1/2020,2020,TV-MA,99,min
s1631,Movie,Finding Agnes,11/30/2020,2020,TV-PG,106,min
s1632,Movie,Rust Creek,11/30/2020,2018,R,108,min
s1633,Movie,Spookley and the Christmas Kittens,11/30/2020,2019,TV-Y,45,min
s1634,Movie,The 2nd,11/30/2020,2020,TV-MA,93,min
s1635,TV Show,The Uncanny Counter,11/29/2020,2020,TV-14,1,Season
s1636,Movie,A Go! Go! Cory Carson Christmas,11/27/2020,2020,TV-Y,22,min
s1637,Movie,Dance Dreams: Hot Chocolate Nutcracker,11/27/2020,2020,TV-PG,81,min
s1638,Movie,Don’t Listen,11/27/2020,2020,TV-MA,98,min
s1639,TV Show,Fabulous Lives of Bollywood Wives,11/27/2020,2020,TV-MA,1,Season
s1640,TV Show,Heartbreak High,11/27/2020,1999,TV-14,7,Seasons
s1641,TV Show,Over Christmas,11/27/2020,2020,TV-MA,1,Season
s1642,TV Show,Sugar Rush Christmas,11/27/2020,2020,TV-14,2,Seasons
s1643,Movie,The Beast,11/27/2020,2020,TV-MA,100,min
s1644,Movie,The Call,11/27/2020,2020,TV-MA,112,min
s1645,Movie,Fantastica,11/26/2020,2018,TV-PG,114,min
s1646,Movie,Larry the Cable Guy: Remain Seated,11/26/2020,2020,TV-14,68,min
s1647,Movie,Mosul,11/26/2020,2020,TV-MA,103,min
s1648,Movie,Unexpectedly Yours,11/26/2020,2017,TV-14,121,min
s1649,Movie,Ghosts of War,11/25/2020,2020,R,95,min
s1650,TV Show,Great Pretender,11/25/2020,2020,TV-MA,2,Seasons
s1651,Movie,Shawn Mendes: Live in Concert,11/25/2020,2020,TV-PG,87,min
s1652,Movie,The Christmas Chronicles: Part Two,11/25/2020,2020,PG,115,min
s1653,Movie,Andhaghaaram,11/24/2020,2020,TV-14,171,min
s1654,Movie,Andhakaaram,11/24/2020,2020,TV-14,171,min
s1655,TV Show,Before 30,11/24/2020,2015,TV-MA,1,Season
s1656,Movie,Dragons: Rescue Riders: Huttsgalor Holiday,11/24/2020,2020,TV-Y,46,min
s1657,Movie,Hillbilly Elegy,11/24/2020,2020,R,117,min
s1658,Movie,Notes for My Son,11/24/2020,2020,TV-MA,84,min
s1659,TV Show,Valentino,11/24/2020,2020,TV-14,1,Season
s1660,Movie,Hard Kill,11/23/2020,2020,R,98,min
s1661,Movie,Shawn Mendes: In Wonder,11/23/2020,2020,TV-MA,83,min
s1662,TV Show,Strongest Deliveryman,11/23/2020,2017,TV-MA,1,Season
s1663,Movie,The Suit,11/23/2020,2018,TV-14,97,min
s1664,Movie,Dolly Parton’s Christmas on the Square,11/22/2020,2020,TV-PG,99,min
s1665,Movie,Machete Kills,11/22/2020,2013,R,108,min
s1666,Movie,40 Sticks,11/20/2020,2019,TV-14,93,min
s1667,Movie,Alien Xmas,11/20/2020,2020,TV-Y,42,min
s1668,TV Show,Flavorful Origins,11/20/2020,2020,TV-G,3,Seasons
s1669,TV Show,Heart & Soul,11/20/2020,2019,TV-14,1,Season
s1670,Movie,If Anything Happens I Love You,11/20/2020,2020,PG,13,min
s1671,TV Show,Mismatched,11/20/2020,2020,TV-MA,1,Season
s1672,Movie,The App That Stole Christmas,11/20/2020,2020,TV-PG,64,min
s1673,TV Show,Voices of Fire,11/20/2020,2020,TV-PG,1,Season
s1674,Movie,Black Friday,11/19/2020,2004,TV-MA,162,min
s1675,Movie,Bodyguard,11/19/2020,2011,TV-14,130,min
s1676,Movie,Break Ke Baad,11/19/2020,2010,TV-14,108,min
s1677,Movie,Hawaizaada,11/19/2020,2015,TV-14,129,min
s1678,Movie,My Amnesia Girl,11/19/2020,2010,TV-14,105,min
s1679,Movie,Raman Raghav 2.0,11/19/2020,2016,TV-MA,133,min
s1680,Movie,Singham,11/19/2020,2011,TV-14,142,min
s1681,Movie,TE3N,11/19/2020,2016,TV-14,128,min
s1682,Movie,The Princess Switch: Switched Again,11/19/2020,2020,TV-G,97,min
s1683,Movie,Three Words to Forever,11/19/2020,2018,TV-G,107,min
s1684,Movie,Well Done Abba,11/19/2020,2009,TV-14,135,min
s1685,TV Show,Holiday Home Makeover with Mr. Christmas,11/18/2020,2020,TV-G,1,Season
s1686,Movie,Ainu Mosir,11/17/2020,2020,TV-PG,84,min
s1687,Movie,Kevin Hart: Zero F**ks Given,11/17/2020,2020,TV-MA,70,min
s1688,TV Show,The Boss Baby: Back in Business,11/17/2020,2020,TV-Y7,4,Seasons
s1689,TV Show,We Are the Champions,11/17/2020,2020,TV-MA,1,Season
s1690,Movie,Loving,11/16/2020,2016,PG-13,124,min
s1691,Movie,Whose Streets?,11/16/2020,2017,R,102,min
s1692,Movie,A Very Country Christmas,11/15/2020,2017,TV-G,84,min
s1693,TV Show,America's Next Top Model,11/15/2020,2013,TV-14,2,Seasons
s1694,TV Show,Beyblade Burst Rise,11/15/2020,2019,TV-Y,1,Season
s1695,Movie,Cloudy with a Chance of Meatballs 2,11/15/2020,2013,PG,95,min
s1696,Movie,Hometown Holiday,11/15/2020,2018,TV-G,84,min
s1697,TV Show,Polly Pocket,11/15/2020,2021,TV-Y,2,Seasons
s1698,TV Show,Survivor,11/15/2020,2014,TV-14,2,Seasons
s1699,TV Show,The Crown,11/15/2020,2020,TV-MA,4,Seasons
s1700,Movie,White Christmas,11/15/2020,1954,TV-G,120,min
s1701,Movie,Killer Cove,11/14/2020,2019,TV-14,87,min
s1702,TV Show,American Horror Story,11/13/2020,2019,TV-MA,9,Seasons
s1703,Movie,Fukrey Boyzzz: Space Mein Fukrapanti,11/13/2020,2020,TV-Y7,75,min
s1704,Movie,Jingle Jangle: A Christmas Journey,11/13/2020,2020,PG,124,min
s1705,Movie,The Beginning of Life 2: Outside,11/13/2020,2020,TV-PG,92,min
s1706,Movie,The Life Ahead,11/13/2020,2020,PG-13,95,min
s1707,TV Show,The Minions of Midas,11/13/2020,2020,TV-MA,1,Season
s1708,Movie,A Very Special Love,11/12/2020,2008,TV-G,107,min
s1709,TV Show,Ethos,11/12/2020,2020,TV-MA,1,Season
s1710,Movie,First Love,11/12/2020,2018,TV-MA,123,min
s1711,Movie,Fruitvale Station,11/12/2020,2013,R,85,min
s1712,TV Show,Graceful Friends,11/12/2020,2020,TV-MA,1,Season
s1713,Movie,Ludo,11/12/2020,2020,TV-MA,150,min
s1714,Movie,Memories of a Teenager,11/12/2020,2019,TV-MA,97,min
s1715,Movie,Prom Night,11/12/2020,2008,PG-13,88,min
s1716,TV Show,A Queen Is Born,11/11/2020,2020,TV-14,1,Season
s1717,TV Show,Aunty Donna's Big Ol' House of Fun,11/11/2020,2020,TV-MA,1,Season
s1718,TV Show,The Liberator,11/11/2020,2020,TV-MA,1,Season
s1719,TV Show,Trial 4,11/11/2020,2020,TV-MA,1,Season
s1720,Movie,We Are All For The Fatherland,11/11/2020,1979,TV-14,74,min
s1721,Movie,What We Wanted,11/11/2020,2020,TV-MA,93,min
s1722,TV Show,A Lion in the House,11/10/2020,2006,TV-14,1,Season
s1723,TV Show,DASH & LILY,11/10/2020,2020,TV-14,1,Season
s1724,TV Show,Bakugan: Armored Alliance,11/6/2020,2020,TV-Y7,1,Season
s1725,TV Show,Bakugan: Battle Planet,11/6/2020,2018,TV-PG,1,Season
s1726,Movie,Citation,11/6/2020,2020,TV-MA,151,min
s1727,TV Show,Country Ever After,11/6/2020,2020,TV-PG,1,Season
s1728,Movie,Girl's Revenge,11/6/2020,2020,TV-MA,82,min
s1729,Movie,The Endless Trench,11/6/2020,2019,TV-MA,148,min
s1730,Movie,The Late Bloomer,11/6/2020,2016,R,95,min
s1731,TV Show,Wrong Kind of Black,11/6/2020,2018,TV-MA,1,Season
s1732,Movie,A New York Christmas Wedding,11/5/2020,2020,TV-MA,90,min
s1733,Movie,Alone/Together,11/5/2020,2019,TV-14,103,min
s1734,TV Show,Carmel: Who Killed Maria Marta?,11/5/2020,2020,TV-14,1,Season
s1735,Movie,Midnight at the Magnolia,11/5/2020,2020,TV-G,87,min
s1736,Movie,One More Try,11/5/2020,2012,TV-14,102,min
s1737,Movie,Operation Christmas Drop,11/5/2020,2020,TV-G,96,min
s1738,TV Show,Paranormal,11/5/2020,2020,TV-14,1,Season
s1739,Movie,A Christmas Catch,11/4/2020,2018,TV-G,87,min
s1740,Movie,Christmas with a Prince,11/4/2020,2018,TV-PG,86,min
s1741,TV Show,Love & Anarchy,11/4/2020,2020,TV-MA,1,Season
s1742,Movie,Miss India,11/4/2020,2020,TV-PG,136,min
s1743,Movie,Felix Lobrecht: Hype,11/3/2020,2020,TV-MA,60,min
s1744,Movie,MOTHER,11/3/2020,2020,TV-14,127,min
s1745,Movie,The Beginning of Life,11/3/2020,2016,TV-PG,96,min
s1746,Movie,Ya no estoy aquí: Una conversación entre Guillermo del Toro y Alfonso Cuarón,11/3/2020,2020,TV-PG,15,min
s1747,TV Show,Can You Hear Me?,11/2/2020,2020,TV-MA,2,Seasons
s1748,Movie,Prospect,11/2/2020,2018,R,100,min
s1749,TV Show,60 Days In,11/1/2020,2019,TV-MA,1,Season
s1750,Movie,Christmas Break-In,11/1/2020,2019,TV-PG,87,min
s1751,TV Show,Dawson's Creek,11/1/2020,2002,TV-14,6,Seasons
s1752,Movie,Elf Pets: A Fox Cub’s Christmas Tale,11/1/2020,2020,TV-Y,28,min
s1753,Movie,Elf Pets: Santa’s Reindeer Rescue,11/1/2020,2020,TV-Y,27,min
s1754,Movie,Elliot the Littlest Reindeer,11/1/2020,2018,PG,90,min
s1755,TV Show,Forged in Fire,11/1/2020,2019,TV-14,1,Season
s1756,TV Show,Leah Remini: Scientology and the Aftermath,11/1/2020,2018,TV-14,3,Seasons
s1757,TV Show,LEGO Jurassic World: Legend of Isla Nublar,11/1/2020,2019,TV-Y,1,Season
s1758,TV Show,LEGO Jurassic World: Secret Exhibit,11/1/2020,2018,TV-Y,1,Season
s1759,TV Show,LEGO Ninjago,11/1/2020,2020,TV-Y7,2,Seasons
s1760,TV Show,LEGO Ninjago: Masters of Spinjitzu,11/1/2020,2019,TV-Y7,10,Seasons
s1761,TV Show,LEGO: CITY Adventures,11/1/2020,2019,TV-Y,1,Season
s1762,Movie,Little Monsters,11/1/2020,1989,PG,102,min
s1763,Movie,Mile 22,11/1/2020,2018,R,94,min
s1764,Movie,Piercing,11/1/2020,2018,R,81,min
s1765,Movie,Snowden,11/1/2020,2016,R,134,min
s1766,TV Show,The Garfield Show,11/1/2020,2018,TV-Y,4,Seasons
s1767,TV Show,The Good Detective,11/1/2020,2020,TV-MA,1,Season
s1768,Movie,The Impossible,11/1/2020,2012,PG-13,114,min
s1769,Movie,The Next Karate Kid,11/1/2020,1994,PG,107,min
s1770,TV Show,Voice,11/1/2020,2018,TV-14,2,Seasons
s1771,Movie,Wheels of Fortune,11/1/2020,2020,R,107,min
s1772,TV Show,Afronta! Facing It!,10/31/2020,2017,TV-PG,1,Season
s1773,Movie,The 12th Man,10/31/2020,2018,TV-MA,130,min
s1774,TV Show,Zumbo's Just Desserts,10/31/2020,2019,TV-PG,1,Season
s1775,Movie,Hidden in Plain Sight,10/30/2020,2019,TV-14,87,min
s1776,Movie,His House,10/30/2020,2020,TV-14,93,min
s1777,Movie,In Line,10/30/2020,2017,TV-14,114,min
s1778,Movie,Kaali Khuhi,10/30/2020,2020,TV-14,91,min
s1779,TV Show,Kongsuni and Friends,10/30/2020,2020,TV-Y,2,Seasons
s1780,TV Show,Marvel's Agents of S.H.I.E.L.D.,10/30/2020,2020,TV-14,7,Seasons
s1781,Movie,Rogue City,10/30/2020,2020,TV-MA,116,min
s1782,TV Show,Somebody Feed Phil,10/30/2020,2020,TV-14,4,Seasons
s1783,TV Show,Suburra: Blood on Rome,10/30/2020,2020,TV-MA,3,Seasons
s1784,Movie,The Day of the Lord,10/30/2020,2020,TV-MA,93,min
s1785,Movie,Pagpag: Nine Lives,10/29/2020,2013,TV-14,106,min
s1786,Movie,Holidate,10/28/2020,2020,TV-MA,105,min
s1787,Movie,La Gran Ilusión,10/28/2020,2016,TV-14,50,min
s1788,Movie,Metallica Through The Never,10/28/2020,2013,R,93,min
s1789,Movie,Nobody Sleeps in the Woods Tonight,10/28/2020,2020,TV-MA,103,min
s1790,Movie,Secrets of the Saqqara Tomb,10/28/2020,2020,TV-PG,114,min
s1791,TV Show,Blood of Zeus,10/27/2020,2020,TV-MA,1,Season
s1792,TV Show,Chico Bon Bon: Monkey with a Tool Belt,10/27/2020,2020,TV-Y,4,Seasons
s1793,Movie,Guillermo Vilas: Settling the Score,10/27/2020,2020,TV-14,95,min
s1794,Movie,Sarah Cooper: Everything's Fine,10/27/2020,2020,TV-MA,50,min
s1795,TV Show,The Devil Punisher,10/26/2020,2020,TV-14,1,Season
s1796,Movie,Ajab Prem Ki Ghazab Kahani,10/25/2020,2009,TV-14,150,min
s1797,Movie,Black '47,10/24/2020,2018,R,100,min
s1798,Movie,I Am Woman,10/24/2020,2019,TV-MA,117,min
s1799,Movie,Alice Junior,10/23/2020,2019,TV-MA,87,min
s1800,TV Show,Barbarians,10/23/2020,2020,TV-MA,1,Season
s1801,TV Show,Move,10/23/2020,2020,TV-MA,1,Season
s1802,Movie,Over the Moon,10/23/2020,2020,PG,100,min
s1803,Movie,Shattered Memories,10/23/2020,2018,TV-14,86,min
s1804,TV Show,Stolen Away,10/23/2020,2020,TV-MA,1,Season
s1805,TV Show,The Queen's Gambit,10/23/2020,2020,TV-MA,1,Season
s1806,Movie,Bending the Arc,10/22/2020,2017,TV-MA,102,min
s1807,Movie,Cadaver,10/22/2020,2020,TV-MA,87,min
s1808,Movie,Exes Baggage,10/22/2020,2018,TV-MA,103,min
s1809,Movie,Fisherman's Friends,10/22/2020,2019,PG-13,112,min
s1810,Movie,The Hows of Us,10/22/2020,2018,TV-14,120,min
s1811,Movie,The Hummingbird Project,10/22/2020,2018,R,111,min
s1812,Movie,"Yes, God, Yes",10/22/2020,2020,R,78,min
s1813,Movie,Brave Blue World: Racing to Solve Our Water Crisis,10/21/2020,2020,TV-PG,51,min
s1814,TV Show,My Next Guest Needs No Introduction With David Letterman,10/21/2020,2020,TV-MA,3,Seasons
s1815,Movie,Rebecca,10/21/2020,2020,PG-13,123,min
s1816,Movie,The Magic School Bus Rides Again The Frizz Connection,10/20/2020,2020,TV-Y,46,min
s1817,Movie,Tremors: Shrieker Island,10/20/2020,2020,PG-13,102,min
s1818,Movie,Beirut Oh Beirut,10/19/2020,1975,TV-14,106,min
s1819,Movie,Bosta,10/19/2020,2005,TV-14,112,min
s1820,Movie,Ghadi,10/19/2020,2013,TV-MA,101,min
s1821,Movie,Heritages,10/19/2020,2014,TV-14,96,min
s1822,Movie,Listen,10/19/2020,2017,TV-MA,103,min
s1823,Movie,Out of Life,10/19/2020,1991,TV-MA,94,min
s1824,Movie,Panoptic,10/19/2020,2017,TV-MA,69,min
s1825,Movie,Taxi Ballad,10/19/2020,2012,TV-MA,81,min
s1826,Movie,The Kite,10/19/2020,2003,TV-MA,76,min
s1827,Movie,The Little Wars,10/19/2020,1982,TV-14,108,min
s1828,Movie,Under the Bombs,10/19/2020,2007,TV-MA,94,min
s1829,TV Show,Unsolved Mysteries,10/19/2020,2020,TV-MA,2,Seasons
s1830,Movie,West Beirut,10/19/2020,1999,TV-MA,106,min
s1831,Movie,What Did I Mess,10/19/2020,2018,TV-14,98,min
s1832,Movie,Whispers,10/19/2020,1980,TV-14,93,min
s1833,Movie,Zozo,10/19/2020,2005,TV-MA,99,min
s1834,Movie,ParaNorman,10/18/2020,2012,PG,93,min
s1835,TV Show,Start-Up,10/18/2020,2020,TV-14,1,Season
s1836,Movie,I Am Vengeance: Retaliation,10/17/2020,2020,R,82,min
s1837,Movie,Disconnect,10/16/2020,2018,TV-MA,107,min
s1838,TV Show,Grand Army,10/16/2020,2020,TV-MA,1,Season
s1839,Movie,In a Valley of Violence,10/16/2020,2016,R,104,min
s1840,TV Show,La Révolution,10/16/2020,2020,TV-MA,1,Season
s1841,TV Show,Someone Has to Die,10/16/2020,2020,TV-MA,1,Season
s1842,TV Show,The Last Kids on Earth,10/16/2020,2020,TV-Y7,3,Seasons
s1843,Movie,The Trial of the Chicago 7,10/16/2020,2020,R,130,min
s1844,Movie,Unfriended,10/16/2020,2014,R,83,min
s1845,Movie,A Babysitter's Guide to Monster Hunting,10/15/2020,2020,TV-PG,99,min
s1846,Movie,Batman: The Killing Joke,10/15/2020,2016,R,77,min
s1847,Movie,El-Khawaga's Dilemma,10/15/2020,2018,TV-14,94,min
s1848,TV Show,Fireman Sam,10/15/2020,2018,TV-Y,4,Seasons
s1849,TV Show,Half & Half,10/15/2020,2005,TV-14,4,Seasons
s1850,Movie,Kartini: Princess of Java,10/15/2020,2017,TV-PG,118,min
s1851,Movie,Love Like the Falling Rain,10/15/2020,2020,TV-14,87,min
s1852,TV Show,One on One,10/15/2020,2006,TV-14,5,Seasons
s1853,TV Show,Power Rangers Beast Morphers,10/15/2020,2020,TV-Y7,2,Seasons
s1854,Movie,Rooting for Roona,10/15/2020,2020,TV-PG,42,min
s1855,TV Show,Social Distance,10/15/2020,2020,TV-MA,1,Season
s1856,Movie,A Choo,10/14/2020,2020,TV-14,101,min
s1857,Movie,BLACKPINK: Light Up the Sky,10/14/2020,2020,TV-14,80,min
s1858,Movie,The Three Deaths of Marisela Escobedo,10/14/2020,2020,TV-MA,110,min
s1859,Movie,Fida,10/13/2020,2004,TV-14,117,min
s1860,Movie,Octonauts & the Great Barrier Reef,10/13/2020,2020,TV-Y,47,min
s1861,TV Show,The Cabin with Bert Kreischer,10/13/2020,2020,TV-MA,1,Season
s1862,Movie,Dil,10/12/2020,1990,TV-14,165,min
s1863,Movie,Disco Dancer,10/12/2020,1982,TV-14,134,min
s1864,Movie,Hunterrr,10/12/2020,2015,TV-MA,140,min
s1865,TV Show,Kipo and the Age of Wonderbeasts,10/12/2020,2020,TV-Y7,3,Seasons
s1866,Movie,Phir Hera Pheri,10/12/2020,2006,TV-14,150,min
s1867,Movie,The Legend of Bhagat Singh,10/12/2020,2002,TV-14,156,min
s1868,Movie,House of the Witch,10/11/2020,2017,TV-MA,86,min
s1869,TV Show,Deaf U,10/9/2020,2020,TV-MA,1,Season
s1870,Movie,Ginny Weds Sunny,10/9/2020,2020,TV-MA,126,min
s1871,Movie,My Step Dad: The Hippie,10/9/2020,2018,TV-MA,100,min
s1872,Movie,Super Monsters: Dia de los Monsters,10/9/2020,2020,TV-Y,25,min
s1873,Movie,The Forty-Year-Old Version,10/9/2020,2020,R,124,min
s1874,TV Show,The Haunting of Bly Manor,10/9/2020,2020,TV-MA,1,Season
s1875,Movie,Bigflo & Oli: Hip Hop Frenzy,10/8/2020,2020,TV-MA,100,min
s1876,TV Show,Do Do Sol Sol La La Sol,10/8/2020,2020,TV-14,1,Season
s1877,Movie,Palermo Hollywood,10/8/2020,2004,TV-MA,106,min
s1878,TV Show,Private Lives,10/8/2020,2020,TV-14,1,Season
s1879,TV Show,The 100,10/8/2020,2020,TV-MA,7,Seasons
s1880,Movie,Hubie Halloween,10/7/2020,2020,PG-13,104,min
s1881,TV Show,To the Lake,10/7/2020,2020,TV-MA,1,Season
s1882,Movie,American Pie 9: Girls' Rules,10/6/2020,2020,R,96,min
s1883,Movie,Dolly Parton: Here I Am,10/6/2020,2019,TV-14,90,min
s1884,Movie,StarBeam: Halloween Hero,10/6/2020,2020,TV-Y,33,min
s1885,Movie,Walk Away from Love,10/6/2020,2017,TV-14,81,min
s1886,TV Show,Bad Boy Billionaires: India,10/5/2020,2020,TV-14,1,Season
s1887,Movie,David Attenborough: A Life on Our Planet,10/4/2020,2020,PG,84,min
s1888,Movie,"Best Wishes, Warmest Regards: A Schitt's Creek Farewell",10/3/2020,2020,TV-MA,44,min
s1889,Movie,Good Game: The Beginning,10/3/2020,2018,TV-14,115,min
s1890,TV Show,Pat a Pat Como,10/3/2020,2016,TV-Y,1,Season
s1891,TV Show,Qurious Como,10/3/2020,2017,TV-Y,1,Season
s1892,Movie,A Chaster Marriage,10/2/2020,2016,TV-14,94,min
s1893,Movie,A Go! Go! Cory Carson Halloween,10/2/2020,2020,TV-Y,22,min
s1894,TV Show,DreamWorks Happy Holidays from Madagascar,10/2/2020,2005,TV-PG,1,Season
s1895,TV Show,Emily in Paris,10/2/2020,2020,TV-MA,1,Season
s1896,TV Show,H2O: Just Add Water,10/2/2020,2009,TV-PG,3,Seasons
s1897,Movie,Òlòturé,10/2/2020,2020,TV-MA,107,min
s1898,Movie,Serious Men,10/2/2020,2020,TV-MA,115,min
s1899,Movie,The Binding,10/2/2020,2020,TV-MA,93,min
s1900,Movie,Turkish Dance School,10/2/2020,2017,TV-MA,107,min
s1901,Movie,Vampires vs. the Bronx,10/2/2020,2020,PG-13,86,min
s1902,Movie,You've Got This,10/2/2020,2020,TV-MA,112,min
s1903,Movie,All Because of You,10/1/2020,2020,TV-PG,102,min
s1904,Movie,An Ordinary Man,10/1/2020,2017,R,91,min
s1905,Movie,Carlos Almaraz: Playing with Fire,10/1/2020,2019,TV-14,83,min
s1906,Movie,Cold Harbour,10/1/2020,2013,TV-MA,73,min
s1907,TV Show,Evil,10/1/2020,2019,TV-14,1,Season
s1908,TV Show,Familiar Wife,10/1/2020,2018,TV-MA,1,Season
s1909,TV Show,Food Wars!: Shokugeki no Soma,10/1/2020,2016,TV-MA,2,Seasons
s1910,Movie,Free State of Jones,10/1/2020,2016,R,139,min
s1911,TV Show,"Good Morning, Verônica",10/1/2020,2020,TV-MA,1,Season
s1912,Movie,Human Nature,10/1/2020,2019,TV-14,95,min
s1913,Movie,Hunt for the Wilderpeople,10/1/2020,2016,PG-13,101,min
s1914,Movie,I'm Leaving Now,10/1/2020,2019,TV-MA,75,min
s1915,TV Show,Journey of an African Colony,10/1/2020,2018,TV-MA,1,Season
s1916,TV Show,Oktoberfest: Beer & Blood,10/1/2020,2020,TV-MA,1,Season
s1917,Movie,Rize,10/1/2020,2005,PG-13,87,min
s1918,TV Show,Secreto bien guardado,10/1/2020,2019,TV-MA,1,Season
s1919,TV Show,Sword Art Online,10/1/2020,2018,TV-MA,3,Seasons
s1920,Movie,The American Game,10/1/2020,2019,TV-PG,91,min
s1921,Movie,The Book of Sun,10/1/2020,2020,TV-14,120,min
s1922,Movie,The Outpost,10/1/2020,2020,R,123,min
s1923,TV Show,The Parkers,10/1/2020,2003,TV-PG,5,Seasons
s1924,TV Show,The Unicorn,10/1/2020,2019,TV-14,1,Season
s1925,Movie,We Have Always Lived in the Castle,10/1/2020,2018,TV-14,95,min
s1926,TV Show,You Cannot Hide,10/1/2020,2020,TV-MA,1,Season
s1927,Movie,American Murder: The Family Next Door,9/30/2020,2020,TV-MA,84,min
s1928,Movie,Baxu and the Giants,9/30/2020,2019,TV-PG,29,min
s1929,TV Show,Black Butler,9/30/2020,2010,TV-MA,3,Seasons
s1930,TV Show,Man with a Plan,9/30/2020,2020,TV-PG,4,Seasons
s1931,Movie,Poacher,9/30/2020,2018,TV-MA,28,min
s1932,Movie,The Boys in the Band,9/30/2020,2020,R,122,min
s1933,Movie,The Boys in the Band: Something Personal,9/30/2020,2020,TV-MA,28,min
s1934,TV Show,Wentworth,9/30/2020,2020,TV-MA,8,Seasons
s1935,Movie,Bully,9/29/2020,2012,PG-13,98,min
s1936,Movie,Michelle Buteau: Welcome to Buteaupia,9/29/2020,2020,TV-MA,59,min
s1937,Movie,Welcome to Sudden Death,9/29/2020,2020,R,80,min
s1938,Movie,Amandla! A Revolution in Four Part Harmony,9/28/2020,2002,PG-13,103,min
s1939,Movie,Ankhon Dekhi,9/28/2020,2013,TV-PG,104,min
s1940,Movie,Dedh Ishqiya,9/28/2020,2014,TV-14,146,min
s1941,Movie,Golmaal Returns,9/28/2020,2008,TV-MA,135,min
s1942,Movie,Ishq Vishk,9/28/2020,2003,TV-PG,129,min
s1943,Movie,Ishqiya,9/28/2020,2009,TV-14,115,min
s1944,Movie,Jab We Met,9/28/2020,2007,TV-14,143,min
s1945,Movie,Mann,9/28/2020,1999,TV-14,173,min
s1946,Movie,Manorama Six Feet Under,9/28/2020,2007,TV-14,129,min
s1947,Movie,Welcome,9/28/2020,2007,TV-PG,149,min
s1948,TV Show,"Whose Vote Counts, Explained",9/28/2020,2020,TV-PG,1,Season
s1949,TV Show,Van Helsing,9/27/2020,2019,TV-MA,4,Seasons
s1950,TV Show,The Good Place,9/26/2020,2020,TV-14,4,Seasons
s1951,Movie,Time Out,9/26/2020,2015,TV-14,98,min
s1952,TV Show,A Perfect Crime,9/25/2020,2020,TV-14,1,Season
s1953,TV Show,Mighty Little Bheem,9/25/2020,2020,TV-Y,3,Seasons
s1954,Movie,My Mother's Wound,9/25/2020,2016,TV-MA,115,min
s1955,TV Show,Sneakerheads,9/25/2020,2020,TV-MA,1,Season
s1956,TV Show,The School Nurse Files,9/25/2020,2020,TV-MA,1,Season
s1957,Movie,Zulu Man in Japan,9/25/2020,2019,TV-MA,44,min
s1958,Movie,Real Steel,9/24/2020,2011,PG-13,127,min
s1959,TV Show,The Chef Show,9/24/2020,2020,TV-MA,4,Seasons
s1960,Movie,Enola Holmes,9/23/2020,2020,PG-13,124,min
s1961,Movie,Kiss the Ground,9/22/2020,2020,TV-G,85,min
s1962,TV Show,The Playbook,9/22/2020,2020,TV-MA,1,Season
s1963,Movie,A Love Song for Latasha,9/21/2020,2020,TV-PG,20,min
s1964,Movie,DTC Yukemuri Junjo Hen From High & Low,9/20/2020,2018,TV-PG,102,min
s1965,Movie,High & Low The Movie,9/20/2020,2016,TV-MA,129,min
s1966,Movie,High & Low The Movie 2 / End of Sky,9/20/2020,2017,TV-MA,124,min
s1967,Movie,High & Low The Movie 3 / Final Mission,9/20/2020,2017,TV-MA,118,min
s1968,Movie,High & Low The Red Rain,9/20/2020,2016,TV-MA,111,min
s1969,Movie,High & Low The Worst,9/20/2020,2019,TV-MA,125,min
s1970,Movie,Road To High & Low,9/20/2020,2016,TV-MA,94,min
s1971,Movie,The Blue Elephant 2,9/20/2020,2019,TV-MA,130,min
s1972,Movie,Bhaji In Problem,9/19/2020,2013,TV-14,117,min
s1973,Movie,Black,9/19/2020,2015,TV-14,137,min
s1974,TV Show,Fukrey Boyzzz,9/19/2020,2020,TV-Y,1,Season
s1975,Movie,Saheb Biwi Aur Gangster Returns,9/19/2020,2013,TV-MA,139,min
s1976,Movie,Santa Banta Pvt Ltd,9/19/2020,2016,TV-14,111,min
s1977,Movie,The Royal Bengal Tiger,9/19/2020,2014,TV-MA,103,min
s1978,Movie,Dolly Kitty Aur Woh Chamakte Sitare,9/18/2020,2020,TV-MA,120,min
s1979,TV Show,Ratched,9/18/2020,2020,TV-MA,1,Season
s1980,TV Show,The American Barbecue Showdown,9/18/2020,2020,TV-G,1,Season
s1981,TV Show,The Blacklist,9/18/2020,2019,TV-14,7,Seasons
s1982,Movie,Whipped,9/18/2020,2020,TV-14,98,min
s1983,Movie,Anaamika,9/17/2020,2014,TV-14,130,min
s1984,TV Show,Dragon's Dogma,9/17/2020,2020,TV-MA,1,Season
s1985,Movie,GIMS: On the Record,9/17/2020,2020,TV-MA,96,min
s1986,Movie,Horrid Henry's Gross Day Out,9/17/2020,2020,TV-Y,61,min
s1987,Movie,Nee Enge En Anbe,9/17/2020,2014,TV-14,137,min
s1988,Movie,Residue,9/17/2020,2020,TV-MA,90,min
s1989,TV Show,The Last Word,9/17/2020,2020,TV-MA,1,Season
s1990,TV Show,Baby,9/16/2020,2020,TV-MA,3,Seasons
s1991,TV Show,Challenger,9/16/2020,2020,TV-14,1,Season
s1992,TV Show,Criminal: UK,9/16/2020,2020,TV-MA,2,Seasons
s1993,Movie,Dr Jason Leong Hashtag Blessed,9/16/2020,2018,TV-MA,69,min
s1994,TV Show,Signs,9/16/2020,2020,TV-MA,2,Seasons
s1995,TV Show,Sing On!,9/16/2020,2020,TV-PG,1,Season
s1996,Movie,The Devil All The Time,9/16/2020,2020,R,139,min
s1997,Movie,The Paramedic,9/16/2020,2020,TV-MA,94,min
s1998,Movie,The Take,9/16/2020,2016,R,92,min
s1999,TV Show,Call the Midwife,9/15/2020,2020,TV-MA,9,Seasons
s2000,Movie,Hope Frozen: A Quest to Live Twice,9/15/2020,2020,TV-PG,80,min
s2001,Movie,Michael McIntyre: Showman,9/15/2020,2020,TV-MA,63,min
s2002,Movie,Raising Victor Vargas,9/15/2020,2002,R,88,min
s2003,TV Show,Taco Chronicles,9/15/2020,2020,TV-MA,2,Seasons
s2004,Movie,The Smurfs 2,9/15/2020,2013,PG,105,min
s2005,Movie,Wish Upon a Unicorn,9/15/2020,2020,PG,93,min
s2006,Movie,Lara and the Beat,9/14/2020,2018,TV-MA,140,min
s2007,TV Show,Buddi,9/11/2020,2020,TV-Y,2,Seasons
s2008,Movie,Dad Wanted,9/11/2020,2020,TV-14,103,min
s2009,TV Show,Family Business,9/11/2020,2020,TV-MA,2,Seasons
s2010,TV Show,Girlfriends,9/11/2020,2007,TV-14,8,Seasons
s2011,Movie,How to Train Your Dragon 2,9/11/2020,2014,PG,102,min
s2012,Movie,Pets United,9/11/2020,2020,TV-Y7,93,min
s2013,TV Show,The Barrier,9/11/2020,2020,TV-MA,1,Season
s2014,TV Show,The Duchess,9/11/2020,2020,TV-MA,1,Season
s2015,Movie,Wonho Chung: Live in New York,9/11/2020,2014,TV-14,69,min
s2016,Movie,Aapla Manus,9/10/2020,2018,TV-14,133,min
s2017,Movie,Ani... Dr. Kashinath Ghanekar,9/10/2020,2018,TV-14,157,min
s2018,Movie,Bhai: Vyakti Ki Valli - Poorvardha,9/10/2020,2019,TV-14,116,min
s2019,Movie,Bhai: Vyakti Ki Valli - Uttarardh,9/10/2020,2019,TV-PG,112,min
s2020,Movie,Cycle,9/10/2020,2018,TV-PG,96,min
s2021,Movie,Dhh,9/10/2020,2017,TV-G,127,min
s2022,TV Show,Greenleaf,9/10/2020,2020,TV-14,5,Seasons
s2023,TV Show,Julie and the Phantoms,9/10/2020,2020,TV-G,1,Season
s2024,Movie,Kaagar,9/10/2020,2019,TV-MA,130,min
s2025,Movie,Night of Knots,9/10/2020,2018,TV-MA,93,min
s2026,Movie,PhotoCopy,9/10/2020,2016,TV-14,138,min
s2027,Movie,Poshter Girl,9/10/2020,2016,TV-14,138,min
s2028,Movie,Satria Heroes: Revenge of the Darkness,9/10/2020,2017,TV-G,92,min
s2029,Movie,Son Of Adam,9/10/2020,2018,TV-14,110,min
s2030,Movie,The Babysitter: Killer Queen,9/10/2020,2020,TV-MA,102,min
s2031,Movie,Cargo,9/9/2020,2020,TV-14,113,min
s2032,Movie,Cuties,9/9/2020,2020,TV-MA,96,min
s2033,TV Show,Get Organized with The Home Edit,9/9/2020,2020,TV-PG,1,Season
s2034,TV Show,La Línea: Shadow of Narco,9/9/2020,2020,TV-MA,1,Season
s2035,Movie,So Much Love to Give,9/9/2020,2020,TV-14,108,min
s2036,Movie,The Social Dilemma,9/9/2020,2020,PG-13,94,min
s2037,Movie,#Alive,9/8/2020,2020,TV-MA,99,min
s2038,TV Show,Record of Youth,9/8/2020,2020,TV-14,1,Season
s2039,Movie,My Octopus Teacher,9/7/2020,2020,TV-G,86,min
s2040,Movie,Toll Booth,9/7/2020,2010,TV-MA,98,min
s2041,TV Show,Transformers: Cyberverse,9/7/2020,2020,TV-Y7,2,Seasons
s2042,Movie,"Waiting for ""Superman""",9/7/2020,2010,PG,111,min
s2043,TV Show,Cleverman,9/5/2020,2017,TV-MA,1,Season
s2044,Movie,Villain,9/5/2020,2020,R,97,min
s2045,TV Show,Away,9/4/2020,2020,TV-14,1,Season
s2046,Movie,I'm Thinking of Ending Things,9/4/2020,2020,R,135,min
s2047,Movie,Kandasamys: The Wedding,9/4/2020,2019,TV-14,93,min
s2048,TV Show,Spirit Riding Free: Riding Academy,9/4/2020,2020,TV-Y7,2,Seasons
s2049,Movie,The Lost Okoroshi,9/4/2020,2019,TV-MA,94,min
s2050,Movie,You're My Boss,9/4/2020,2015,TV-14,117,min
s2051,Movie,Afonso Padilha: Classless,9/3/2020,2020,TV-MA,63,min
s2052,Movie,Ave Maryam,9/3/2020,2018,TV-PG,73,min
s2053,Movie,"Love, Guaranteed",9/3/2020,2020,TV-PG,91,min
s2054,TV Show,Young Wallander,9/3/2020,2020,TV-MA,1,Season
s2055,TV Show,Chef's Table: BBQ,9/2/2020,2020,TV-14,1,Season
s2056,Movie,Freaks – You're One of Us,9/2/2020,2020,TV-MA,93,min
s2057,Movie,Hotel for Dogs,9/2/2020,2009,PG,101,min
s2058,Movie,Sky Tour: The Movie,9/2/2020,2020,TV-G,93,min
s2059,TV Show,The Witcher: A Look Inside the Episodes,9/2/2020,2020,TV-MA,1,Season
s2060,Movie,Adrift,9/1/2020,2018,PG-13,96,min
s2061,Movie,Always Be My Maybe,9/1/2020,2016,TV-14,112,min
s2062,Movie,Barbie Princess Adventure,9/1/2020,2020,TV-Y,72,min
s2063,TV Show,Blue Exorcist,9/1/2020,2017,TV-MA,2,Seasons
s2064,TV Show,Bookmarks,9/1/2020,2020,TV-Y,1,Season
s2065,TV Show,Borgen,9/1/2020,2012,TV-MA,3,Seasons
s2066,Movie,Children of the Sea,9/1/2020,2019,TV-PG,112,min
s2067,TV Show,Erased,9/1/2020,2016,TV-14,1,Season
s2068,Movie,Fate/Grand Order -First Order-,9/1/2020,2016,TV-14,72,min
s2069,TV Show,Felipe Esparza: Bad Decisions,9/1/2020,2020,TV-MA,1,Season
s2070,TV Show,H,9/1/2020,2002,TV-MA,4,Seasons
s2071,TV Show,Heidi,9/1/2020,2020,TV-Y7,1,Season
s2072,Movie,Puss in Boots,9/1/2020,2011,PG,92,min
s2073,Movie,Sex Drive,9/1/2020,2008,R,109,min
s2074,TV Show,"Sister, Sister",9/1/2020,1998,TV-PG,6,Seasons
s2075,Movie,Soldier,9/1/2020,1998,TV-14,155,min
s2076,Movie,"Take the Ball, Pass the Ball",9/1/2020,2018,TV-MA,109,min
s2077,Movie,The Boss Baby: Get That Baby!,9/1/2020,2020,TV-Y7,115,min
s2078,Movie,The Match,9/1/2020,2020,TV-MA,97,min
s2079,TV Show,The Promised Neverland,9/1/2020,2019,TV-14,1,Season
s2080,Movie,The Smurfs,9/1/2020,2011,PG,103,min
s2081,TV Show,Thomas and Friends,9/1/2020,2020,TV-Y,2,Seasons
s2082,Movie,True: Friendship Day,9/1/2020,2020,TV-Y,24,min
s2083,Movie,Maniyarayile Ashokan,8/31/2020,2020,TV-14,110,min
s2084,Movie,The Debt Collector 2,8/31/2020,2020,TV-MA,97,min
s2085,Movie,All Together Now,8/29/2020,2020,PG,94,min
s2086,TV Show,I AM A KILLER: RELEASED,8/28/2020,2020,TV-MA,1,Season
s2087,TV Show,Masaba Masaba,8/28/2020,2020,TV-MA,1,Season
s2088,Movie,Santana,8/28/2020,2020,TV-MA,107,min
s2089,Movie,Unknown Origins,8/28/2020,2020,TV-MA,97,min
s2090,TV Show,Aggretsuko,8/27/2020,2020,TV-14,3,Seasons
s2091,Movie,Edge of Seventeen,8/27/2020,1998,TV-MA,103,min
s2092,Movie,The Bridge Curse,8/27/2020,2020,TV-MA,88,min
s2093,Movie,The Young Messiah,8/27/2020,2016,PG-13,111,min
s2094,TV Show,Her Mother's Killer,8/26/2020,2020,TV-MA,1,Season
s2095,Movie,Lingua Franca,8/26/2020,2019,TV-MA,94,min
s2096,Movie,Making The Witcher,8/26/2020,2020,TV-MA,33,min
s2097,TV Show,Million Dollar Beach House,8/26/2020,2020,TV-MA,1,Season
s2098,Movie,Rising Phoenix,8/26/2020,2020,PG-13,107,min
s2099,TV Show,Emily's Wonder Lab,8/25/2020,2020,TV-Y,1,Season
s2100,TV Show,Trinkets,8/25/2020,2020,TV-MA,2,Seasons
s2101,Movie,Septembers of Shiraz,8/24/2020,2016,PG-13,110,min
s2102,TV Show,Baewatch: Parental Guidance,8/22/2020,2019,TV-MA,1,Season
s2103,TV Show,Ojos in d' House,8/22/2020,2013,TV-G,1,Season
s2104,Movie,Class of '83,8/21/2020,2020,TV-14,98,min
s2105,Movie,Dark Forces,8/21/2020,2020,TV-MA,81,min
s2106,TV Show,Hoops,8/21/2020,2020,TV-MA,1,Season
s2107,TV Show,Rust Valley Restorers,8/21/2020,2020,TV-14,3,Seasons
s2108,Movie,The Sleepover,8/21/2020,2020,TV-PG,104,min
s2109,TV Show,Goedam,8/20/2020,2020,TV-MA,1,Season
s2110,Movie,John Was Trying to Contact Aliens,8/20/2020,2020,TV-PG,17,min
s2111,Movie,Scarecrow,8/20/2020,2019,TV-MA,121,min
s2112,Movie,The Crimes That Bind,8/20/2020,2020,TV-14,100,min
s2113,TV Show,DeMarcus Family Rules,8/19/2020,2020,TV-14,1,Season
s2114,TV Show,High Score,8/19/2020,2020,TV-14,1,Season
s2115,Movie,Little Singham: Kaal Ka Badla,8/19/2020,2020,TV-Y7,70,min
s2116,Movie,Drunk Parents,8/18/2020,2019,R,97,min
s2117,Movie,Meet the In-Laws,8/18/2020,2017,TV-PG,75,min
s2118,Movie,Crazy Awesome Teachers,8/17/2020,2020,TV-PG,102,min
s2119,TV Show,Glitch Techs,8/17/2020,2020,TV-Y7,2,Seasons
s2120,Movie,Islands of Faith,8/17/2020,2018,TV-PG,88,min
s2121,Movie,Les Misérables,8/16/2020,2012,PG-13,158,min
s2122,Movie,Seventh Son,8/16/2020,2014,PG-13,102,min
s2123,TV Show,Stranger,8/16/2020,2020,TV-MA,2,Seasons
s2124,TV Show,Dérè: An African Tale,8/15/2020,2016,TV-PG,1,Season
s2125,TV Show,Rita,8/15/2020,2020,TV-MA,5,Seasons
s2126,TV Show,Takki,8/15/2020,2014,TV-14,2,Seasons
s2127,Movie,What's Your Raashee?,8/15/2020,2009,TV-PG,203,min
s2128,TV Show,3%,8/14/2020,2020,TV-MA,4,Seasons
s2129,Movie,Beyond the Boundary: ICC Women's T20 World Cup Australia 2020,8/14/2020,2020,TV-G,59,min
s2130,Movie,Fearless,8/14/2020,2020,TV-Y7,92,min
s2131,Movie,Nigerian Prince,8/14/2020,2018,TV-MA,104,min
s2132,Movie,Octonauts & the Caves of Sac Actun,8/14/2020,2020,TV-Y,72,min
s2133,Movie,Project Power,8/14/2020,2020,R,113,min
s2134,TV Show,Teenage Bounty Hunters,8/14/2020,2020,TV-MA,1,Season
s2135,TV Show,The Great Heist,8/14/2020,2020,TV-MA,1,Season
s2136,TV Show,The Legend of Korra,8/14/2020,2014,TV-Y7,4,Seasons
s2137,TV Show,Zoids Wild,8/14/2020,2018,TV-Y7,1,Season
s2138,Movie,An Easy Girl,8/13/2020,2019,TV-MA,93,min
s2139,Movie,Christine,8/13/2020,2016,R,119,min
s2140,Movie,Simon Killer,8/13/2020,2012,TV-MA,105,min
s2141,TV Show,(Un)Well,8/12/2020,2020,TV-MA,1,Season
s2142,Movie,Gunjan Saxena: The Kargil Girl,8/12/2020,2020,TV-14,113,min
s2143,Movie,Mr. Peabody & Sherman,8/11/2020,2014,PG,93,min
s2144,Movie,"Rob Schneider: Asian Momma, Mexican Kids",8/11/2020,2020,TV-MA,44,min
s2145,TV Show,GAME ON: A Comedy Crossover Event,8/10/2020,2020,TV-G,1,Season
s2146,TV Show,Terrace House: Tokyo 2019-2020,8/10/2020,2019,TV-MA,2,Seasons
s2147,Movie,The Lost Husband,8/10/2020,2020,PG-13,110,min
s2148,Movie,Diamonds in the Sky,8/8/2020,2018,TV-14,113,min
s2149,TV Show,The Governor,8/8/2020,2016,TV-14,1,Season
s2150,Movie,We Summon the Darkness,8/8/2020,2020,R,90,min
s2151,Movie,"Berlin, Berlin: Lolle on the Run",8/7/2020,2020,TV-MA,82,min
s2152,TV Show,High Seas,8/7/2020,2020,TV-MA,3,Seasons
s2153,TV Show,Selling Sunset,8/7/2020,2020,TV-MA,3,Seasons
s2154,TV Show,Sing On! Germany,8/7/2020,2020,TV-PG,1,Season
s2155,Movie,Stars in the Sky: A Hunting Story,8/7/2020,2018,TV-14,69,min
s2156,Movie,The Magic School Bus Rides Again Kids In Space,8/7/2020,2020,TV-Y,46,min
s2157,TV Show,Tiny Creatures,8/7/2020,2020,TV-PG,1,Season
s2158,TV Show,Wizards: Tales of Arcadia,8/7/2020,2020,TV-Y7,1,Season
s2159,TV Show,Word Party Songs,8/7/2020,2020,TV-Y,1,Season
s2160,Movie,Work It,8/7/2020,2020,TV-14,94,min
s2161,TV Show,Ever After High,8/6/2020,2016,TV-Y7,5,Seasons
s2162,Movie,Nasha Natasha,8/6/2020,2020,TV-PG,72,min
s2163,TV Show,The Rain,8/6/2020,2020,TV-MA,3,Seasons
s2164,Movie,Anelka: Misunderstood,8/5/2020,2020,TV-14,95,min
s2165,Movie,Sin City,8/5/2020,2019,TV-14,101,min
s2166,TV Show,World's Most Wanted,8/5/2020,2020,TV-14,1,Season
s2167,Movie,A Go! Go! Cory Carson Summer Camp,8/4/2020,2020,TV-Y,21,min
s2168,Movie,Malibu Rescue: The Next Wave,8/4/2020,2020,TV-G,71,min
s2169,TV Show,Mystery Lab,8/4/2020,2020,TV-PG,1,Season
s2170,Movie,Sam Jay: 3 In The Morning,8/4/2020,2020,TV-MA,64,min
s2171,TV Show,Immigration Nation,8/3/2020,2020,TV-MA,1,Season
s2172,Movie,Almost Love,8/2/2020,2020,TV-MA,92,min
s2173,Movie,Killing Hasselhoff,8/1/2020,2017,R,80,min
s2174,TV Show,Moesha,8/1/2020,2000,TV-PG,6,Seasons
s2175,TV Show,My Perfect Landing,8/1/2020,2020,TV-G,1,Season
s2176,TV Show,Nagi-Asu: A Lull in the Sea,8/1/2020,2014,TV-14,1,Season
s2177,Movie,Rogue Warfare: The Hunt,8/1/2020,2020,R,104,min
s2178,Movie,Super Monsters: The New Class,8/1/2020,2020,TV-Y,25,min
s2179,TV Show,The Next Step,8/1/2020,2018,TV-G,1,Season
s2180,Movie,The Ottoman Lieutenant,8/1/2020,2017,R,111,min
s2181,TV Show,Toradora!,8/1/2020,2008,TV-14,1,Season
s2182,TV Show,Transformers Rescue Bots Academy,8/1/2020,2020,TV-Y,2,Seasons
s2183,Movie,Tumi or not Tumi,8/1/2020,2020,TV-MA,72,min
s2184,Movie,What Keeps You Alive,8/1/2020,2018,R,99,min
s2185,TV Show,Get Even,7/31/2020,2020,TV-PG,1,Season
s2186,Movie,Latte and the Magic Waterstone,7/31/2020,2020,TV-Y,83,min
s2187,Movie,Raat Akeli Hai,7/31/2020,2020,TV-MA,150,min
s2188,Movie,Seriously Single,7/31/2020,2020,TV-MA,108,min
s2189,Movie,Sugar High,7/31/2020,2020,TV-G,44,min
s2190,TV Show,Sugar Rush,7/31/2020,2020,TV-PG,3,Seasons
s2191,TV Show,The Umbrella Academy,7/31/2020,2020,TV-14,2,Seasons
s2192,Movie,Retablo,7/30/2020,2017,TV-MA,102,min
s2193,TV Show,Transformers: War For Cybertron Trilogy,7/30/2020,2020,TV-Y7,1,Season
s2194,Movie,Uma Maheswara Ugra Roopasya,7/30/2020,2020,TV-MA,137,min
s2195,TV Show,Unlucky Ploy,7/30/2020,2020,TV-MA,1,Season
s2196,Movie,It's Her Day,7/29/2020,2016,TV-MA,112,min
s2197,Movie,Redemption,7/29/2020,2019,TV-MA,102,min
s2198,Movie,Shine Your Eyes,7/29/2020,2020,TV-MA,103,min
s2199,Movie,The Hater,7/29/2020,2020,TV-MA,136,min
s2200,Movie,The Speed Cubers,7/29/2020,2020,TV-PG,41,min
s2201,Movie,Tread,7/29/2020,2019,TV-MA,88,min
s2202,TV Show,Last Chance U,7/28/2020,2020,TV-MA,5,Seasons
s2203,Movie,Banana Split,7/26/2020,2020,TV-MA,84,min
s2204,TV Show,Shameless (U.S.),7/26/2020,2019,TV-MA,10,Seasons
s2205,Movie,Door Ke Darshan,7/25/2020,2020,TV-14,114,min
s2206,Movie,Double World,7/25/2020,2020,TV-14,110,min
s2207,Movie,Project Marathwada,7/25/2020,2016,TV-MA,103,min
s2208,Movie,Animal Crackers,7/24/2020,2020,TV-Y7,106,min
s2209,Movie,Dragons: Rescue Riders: Secrets of the Songwing,7/24/2020,2020,TV-Y,46,min
s2210,Movie,Nimbe,7/24/2020,2019,TV-MA,115,min
s2211,Movie,Offering to the Storm,7/24/2020,2020,TV-MA,140,min
s2212,Movie,Romance Doll,7/24/2020,2020,TV-MA,124,min
s2213,TV Show,Sing On! Spain,7/24/2020,2020,TV-G,1,Season
s2214,Movie,The Kissing Booth 2,7/24/2020,2020,TV-14,133,min
s2215,TV Show,Sinatra: All or Nothing at All,7/23/2020,2015,TV-14,1,Season
s2216,Movie,The Larva Island Movie,7/23/2020,2020,TV-Y7,91,min
s2217,Movie,The Letter Reader,7/23/2020,2019,TV-PG,30,min
s2218,TV Show,Fear City: New York vs The Mafia,7/22/2020,2020,TV-MA,1,Season
s2219,TV Show,Norsemen,7/22/2020,2020,TV-MA,3,Seasons
s2220,Movie,The Remix: Hip Hop X Fashion,7/22/2020,2019,TV-MA,67,min
s2221,Movie,Ip Man 4: The Finale,7/21/2020,2019,TV-MA,105,min
s2222,Movie,Jack Whitehall: I'm Only Joking,7/21/2020,2020,TV-MA,58,min
s2223,TV Show,Street Food: Latin America,7/21/2020,2020,TV-PG,1,Season
s2224,TV Show,Killer Women with Piers Morgan,7/19/2020,2017,TV-MA,1,Season
s2225,Movie,Funan,7/18/2020,2018,TV-14,87,min
s2226,TV Show,Gigantosaurus,7/18/2020,2019,TV-Y,1,Season
s2227,TV Show,Single Wives,7/18/2020,2018,TV-MA,1,Season
s2228,TV Show,Cursed,7/17/2020,2020,TV-MA,1,Season
s2229,Movie,Father Soldier Son,7/17/2020,2020,R,100,min
s2230,TV Show,In The Dark,7/17/2020,2020,TV-14,2,Seasons
s2231,TV Show,Kissing Game,7/17/2020,2020,TV-MA,1,Season
s2232,Movie,The Millions,7/17/2020,2019,TV-MA,95,min
s2233,Movie,Fatal Affair,7/16/2020,2020,TV-14,90,min
s2234,Movie,MILF,7/16/2020,2018,TV-MA,102,min
s2235,Movie,Cold Feet,7/15/2020,2019,TV-14,98,min
s2236,TV Show,Dark Desire,7/15/2020,2020,TV-MA,1,Season
s2237,Movie,Little Singham: Legend of Dugabakka,7/15/2020,2020,TV-Y7,68,min
s2238,TV Show,Skin Decision: Before and After,7/15/2020,2020,TV-MA,1,Season
s2239,TV Show,Sunny Bunnies,7/15/2020,2016,TV-Y,2,Seasons
s2240,Movie,Sylvia,7/15/2020,2018,TV-14,104,min
s2241,Movie,The Players,7/15/2020,2020,TV-MA,89,min
s2242,TV Show,The Business of Drugs,7/14/2020,2020,TV-MA,1,Season
s2243,Movie,Urzila Carlson: Overqualified Loser,7/14/2020,2020,TV-MA,62,min
s2244,Movie,We Are One,7/14/2020,2020,TV-MA,86,min
s2245,Movie,Hole in the Wall,7/11/2020,2016,TV-MA,104,min
s2246,TV Show,Dating Around: Brazil,7/10/2020,2020,TV-14,1,Season
s2247,TV Show,Down to Earth with Zac Efron,7/10/2020,2020,TV-PG,1,Season
s2248,Movie,Mama's Boy,7/10/2020,2018,TV-14,101,min
s2249,Movie,The Claudia Kishi Club,7/10/2020,2020,TV-14,17,min
s2250,TV Show,The Epic Tales of Captain Underpants in Space,7/10/2020,2020,TV-Y7,1,Season
s2251,Movie,The Old Guard,7/10/2020,2020,R,126,min
s2252,TV Show,The Twelve,7/10/2020,2019,TV-MA,1,Season
s2253,Movie,Your Excellency,7/10/2020,2019,TV-G,120,min
s2254,TV Show,Japan Sinks: 2020,7/9/2020,2020,TV-MA,1,Season
s2255,TV Show,The Protector,7/9/2020,2020,TV-MA,4,Seasons
s2256,TV Show,Was It Love?,7/9/2020,2020,TV-14,1,Season
s2257,Movie,Born Racer,7/8/2020,2018,R,89,min
s2258,Movie,Mucho Mucho Amor: The Legend of Walter Mercado,7/8/2020,2020,TV-14,96,min
s2259,TV Show,Stateless,7/8/2020,2020,TV-MA,1,Season
s2260,Movie,The Long Dumb Road,7/8/2020,2018,R,91,min
s2261,Movie,Dr. Seuss' The Lorax,7/7/2020,2012,PG,86,min
s2262,Movie,Jim Jefferies: Intolerant,7/7/2020,2020,TV-MA,67,min
s2263,Movie,A Kid from Coney Island,7/6/2020,2019,TV-MA,89,min
s2264,Movie,PNL - Dans la légende tour,7/6/2020,2020,TV-MA,65,min
s2265,Movie,Aiyyaa,7/5/2020,2012,TV-14,151,min
s2266,Movie,Bbuddah Hoga Terra Baap,7/5/2020,2011,TV-14,116,min
s2267,Movie,Blood Money,7/5/2020,2012,TV-14,110,min
s2268,Movie,Bombay Talkies,7/5/2020,2013,TV-MA,123,min
s2269,Movie,Boss,7/5/2020,2013,TV-14,139,min
s2270,Movie,Budhia Singh: Born to Run,7/5/2020,2016,TV-MA,95,min
s2271,Movie,Chashme Baddoor,7/5/2020,2013,TV-14,121,min
s2272,Movie,Dharam Sankat Mein,7/5/2020,2015,TV-PG,127,min
s2273,Movie,Drishyam,7/5/2020,2015,TV-14,162,min
s2274,Movie,Gabbar Is Back,7/5/2020,2015,TV-14,128,min
s2275,Movie,Gollu Aur Pappu,7/5/2020,2014,TV-14,112,min
s2276,TV Show,Hook,7/5/2020,2020,TV-MA,1,Season
s2277,Movie,Inkaar,7/5/2020,2013,TV-MA,125,min
s2278,Movie,Madras Café,7/5/2020,2013,TV-14,128,min
s2279,Movie,Mary Kom,7/5/2020,2014,TV-PG,120,min
s2280,Movie,Michael,7/5/2020,2011,TV-MA,86,min
s2281,Movie,Mumbai Delhi Mumbai,7/5/2020,2014,TV-MA,107,min
s2282,Movie,Oh My God,7/5/2020,2012,TV-PG,129,min
s2283,Movie,One by Two,7/5/2020,2014,TV-14,135,min
s2284,Movie,Only,7/5/2020,2019,TV-MA,97,min
s2285,Movie,Penalty,7/5/2020,2019,TV-14,125,min
s2286,Movie,Players,7/5/2020,2012,TV-14,162,min
s2287,Movie,Pyaar Ka Punchnama 2,7/5/2020,2015,TV-MA,136,min
s2288,Movie,Queen,7/5/2020,2014,TV-MA,138,min
s2289,Movie,Shaitan,7/5/2020,2011,TV-MA,126,min
s2290,Movie,Special 26,7/5/2020,2013,TV-PG,137,min
s2291,Movie,Tanu Weds Manu,7/5/2020,2011,TV-14,114,min
s2292,Movie,What the Fish,7/5/2020,2013,TV-14,96,min
s2293,TV Show,Little Singham,7/4/2020,2020,TV-Y7,2,Seasons
s2294,TV Show,Cable Girls,7/3/2020,2019,TV-MA,6,Seasons
s2295,Movie,Desperados,7/3/2020,2020,TV-MA,107,min
s2296,Movie,Hunter in the Blue Side of Manchester,7/3/2020,2020,TV-MA,89,min
s2297,Movie,I Am Not Your Negro,7/3/2020,2017,PG-13,94,min
s2298,TV Show,JU-ON: Origins,7/3/2020,2020,TV-MA,1,Season
s2299,TV Show,Southern Survival,7/3/2020,2020,TV-PG,1,Season
s2300,TV Show,The Baby-Sitters Club,7/3/2020,2020,TV-G,1,Season
s2301,Movie,The Perfect Picture: Ten Years Later,7/3/2020,2019,TV-MA,148,min
s2302,TV Show,Supermarket Sweep,7/2/2020,1993,TV-G,1,Season
s2303,Movie,Thiago Ventura: POKAS,7/2/2020,2020,TV-MA,82,min
s2304,TV Show,Warrior Nun,7/2/2020,2020,TV-MA,1,Season
s2305,Movie,#AnneFrank - Parallel Stories,7/1/2020,2019,TV-14,95,min
s2306,TV Show,21 Again,7/1/2020,2019,TV-MA,1,Season
s2307,TV Show,A Touch of Green,7/1/2020,2016,TV-MA,1,Season
s2308,TV Show,Abby Hatcher,7/1/2020,2019,TV-Y,1,Season
s2309,Movie,Adú,7/1/2020,2020,TV-MA,120,min
s2310,Movie,Ali Baba ve 7 Cüceler,7/1/2020,2015,TV-MA,115,min
s2311,Movie,David Foster: Off the Record,7/1/2020,2019,TV-MA,107,min
s2312,Movie,Double Jeopardy,7/1/2020,1999,R,105,min
s2313,Movie,Pek Yakinda,7/1/2020,2014,TV-MA,134,min
s2314,TV Show,Say I Do,7/1/2020,2020,TV-14,1,Season
s2315,Movie,Stardust,7/1/2020,2007,PG-13,128,min
s2316,Movie,The F**k-It List,7/1/2020,2019,TV-MA,103,min
s2317,Movie,The Silence of Others,7/1/2020,2019,TV-14,96,min
s2318,Movie,Total Recall,7/1/2020,1990,R,114,min
s2319,TV Show,Trotro,7/1/2020,2004,TV-Y,1,Season
s2320,Movie,Under the Riccione Sun,7/1/2020,2020,TV-MA,102,min
s2321,TV Show,BNA,6/30/2020,2020,TV-14,1,Season
s2322,Movie,George Lopez: We'll Do It For Half,6/30/2020,2020,TV-MA,52,min
s2323,TV Show,Homemade,6/30/2020,2020,TV-MA,1,Season
s2324,Movie,The Mirror Boy,6/30/2020,2011,TV-14,86,min
s2325,Movie,#FriendButMarried 2,6/28/2020,2020,TV-G,104,min
s2326,Movie,Skin,6/28/2020,2019,TV-MA,76,min
s2327,Movie,Thackeray (Marathi),6/28/2020,2019,TV-14,135,min
s2328,TV Show,Dark,6/27/2020,2020,TV-MA,3,Seasons
s2329,Movie,Ride Like a Girl,6/27/2020,2020,PG,99,min
s2330,TV Show,All For Love,6/26/2020,2020,TV-MA,1,Season
s2331,Movie,Eurovision Song Contest: The Story of Fire Saga,6/26/2020,2020,PG-13,124,min
s2332,TV Show,Home Game,6/26/2020,2020,TV-MA,1,Season
s2333,Movie,Kasanova,6/26/2020,2019,TV-14,117,min
s2334,Movie,Ordinary People,6/26/2020,2016,TV-MA,107,min
s2335,Movie,Seven (Tamil),6/26/2020,2019,TV-MA,111,min
s2336,Movie,Seven (Telugu),6/26/2020,2019,TV-14,116,min
s2337,Movie,Thackeray (Hindi),6/26/2020,2019,TV-14,135,min
s2338,TV Show,Twogether,6/26/2020,2020,TV-G,1,Season
s2339,Movie,Krishna and His Leela,6/25/2020,2020,TV-MA,126,min
s2340,Movie,Prem Ratan Dhan Payo,6/25/2020,2015,TV-14,164,min
s2341,Movie,Vivah,6/25/2020,2006,TV-14,166,min
s2342,Movie,Athlete A,6/24/2020,2020,PG-13,104,min
s2343,Movie,Bulbbul,6/24/2020,2020,TV-MA,94,min
s2344,TV Show,Crazy Delicious,6/24/2020,2020,TV-PG,1,Season
s2345,Movie,Nobody Knows I'm Here,6/24/2020,2020,TV-MA,92,min
s2346,Movie,Eric Andre: Legalize Everything,6/23/2020,2020,TV-MA,52,min
s2347,TV Show,"Roswell, New Mexico",6/23/2020,2020,TV-14,2,Seasons
s2348,Movie,Kappela,6/22/2020,2020,TV-14,112,min
s2349,Movie,The Royal Hibiscus Hotel,6/22/2020,2017,TV-PG,90,min
s2350,TV Show,It's Okay to Not Be Okay,6/21/2020,2020,TV-MA,1,Season
s2351,Movie,Woodshock,6/21/2020,2017,R,101,min
s2352,Movie,Elevator Baby,6/20/2020,2019,TV-MA,84,min
s2353,TV Show,Babies,6/19/2020,2020,TV-14,2,Seasons
s2354,Movie,Chaman Bahaar,6/19/2020,2020,TV-MA,112,min
s2355,Movie,Destiny,6/19/2020,1997,TV-14,136,min
s2356,Movie,Disclosure,6/19/2020,2020,TV-MA,108,min
s2357,Movie,Feel the Beat,6/19/2020,2020,TV-G,110,min
s2358,TV Show,Floor Is Lava,6/19/2020,2020,TV-PG,1,Season
s2359,Movie,Lost Bullet,6/19/2020,2020,TV-MA,93,min
s2360,TV Show,Most Beautiful Thing,6/19/2020,2020,TV-MA,2,Seasons
s2361,Movie,One-Way to Tomorrow,6/19/2020,2020,TV-MA,90,min
s2362,Movie,The Emigrant,6/19/2020,1994,TV-14,130,min
s2363,TV Show,The Politician,6/19/2020,2020,TV-MA,2,Seasons
s2364,Movie,Wasp Network,6/19/2020,2020,TV-MA,128,min
s2365,Movie,A Whisker Away,6/18/2020,2020,TV-PG,104,min
s2366,Movie,Alexandria ... Why?,6/18/2020,1979,TV-MA,131,min
s2367,Movie,Alexandria: Again and Forever,6/18/2020,1989,TV-MA,109,min
s2368,Movie,An Egyptian Story,6/18/2020,1982,TV-MA,129,min
s2369,Movie,Cairo Station,6/18/2020,1958,TV-14,73,min
s2370,Movie,Dark Waters,6/18/2020,1956,TV-14,104,min
s2371,Movie,El límite infinito,6/18/2020,2020,TV-PG,48,min
s2372,Movie,Lola Igna,6/18/2020,2019,TV-14,114,min
s2373,Movie,One Take,6/18/2020,2020,TV-G,86,min
s2374,Movie,Saladin,6/18/2020,1963,TV-MA,194,min
s2375,Movie,Stray Bullet,6/18/2020,2010,TV-MA,76,min
s2376,Movie,The Blazing Sun,6/18/2020,1954,TV-14,116,min
s2377,Movie,The Land,6/18/2020,1970,TV-MA,130,min
s2378,Movie,The Nut Job,6/18/2020,2014,PG,85,min
s2379,TV Show,The Order,6/18/2020,2020,TV-MA,2,Seasons
s2380,Movie,An Evening with Beverly Luff Linn,6/17/2020,2018,R,108,min
s2381,Movie,Riding Faith,6/17/2020,2020,TV-PG,81,min
s2382,Movie,Last Flight to Abuja,6/16/2020,2012,TV-14,76,min
s2383,Movie,The Darkness,6/16/2020,2016,PG-13,92,min
s2384,TV Show,The Chase,6/15/2020,2015,TV-PG,2,Seasons
s2385,Movie,The Show Must Go On: The Queen + Adam Lambert Story,6/15/2020,2019,TV-MA,85,min
s2386,Movie,Underdogs,6/15/2020,2013,PG,85,min
s2387,Movie,Wira,6/15/2020,2019,TV-14,108,min
s2388,Movie,4th Republic,6/13/2020,2019,TV-MA,120,min
s2389,TV Show,Alexa & Katie,6/13/2020,2020,TV-G,4,Seasons
s2390,Movie,Asura Guru,6/13/2020,2020,TV-14,117,min
s2391,TV Show,How to Get Away with Murder,6/13/2020,2020,TV-14,6,Seasons
s2392,Movie,Milea,6/13/2020,2020,TV-14,100,min
s2393,Movie,Axone,6/12/2020,2020,TV-MA,101,min
s2394,Movie,Da 5 Bloods,6/12/2020,2020,R,156,min
s2395,TV Show,Dating Around,6/12/2020,2020,TV-MA,2,Seasons
s2396,TV Show,F is for Family,6/12/2020,2020,TV-MA,4,Seasons
s2397,TV Show,Frank Elstner: Just One Last Question,6/12/2020,2020,TV-MA,1,Season
s2398,Movie,Jo Koy: In His Elements,6/12/2020,2020,TV-MA,55,min
s2399,Movie,Okko's Inn,6/12/2020,2018,PG,96,min
s2400,TV Show,ONE PIECE,6/12/2020,2002,TV-14,4,Seasons
s2401,TV Show,The Search,6/12/2020,2020,TV-MA,1,Season
s2402,TV Show,The Woods,6/12/2020,2020,TV-MA,1,Season
s2403,Movie,From A to B,6/11/2020,2014,TV-MA,104,min
s2404,Movie,Menahi,6/11/2020,2008,TV-14,101,min
s2405,TV Show,Curon,6/10/2020,2020,TV-MA,1,Season
s2406,TV Show,DC's Legends of Tomorrow,6/10/2020,2020,TV-14,5,Seasons
s2407,TV Show,Lenox Hill,6/10/2020,2020,TV-MA,1,Season
s2408,Movie,Middle Men,6/10/2020,2009,R,113,min
s2409,TV Show,My Mister,6/10/2020,2018,TV-MA,1,Season
s2410,TV Show,Reality Z,6/10/2020,2020,TV-MA,1,Season
s2411,Movie,The Witch: Part 1 - The Subversion,6/10/2020,2018,TV-MA,126,min
s2412,Movie,Before I Fall,6/8/2020,2017,PG-13,98,min
s2413,Movie,365 Days,6/7/2020,2020,TV-MA,114,min
s2414,Movie,Forensic,6/7/2020,2020,TV-14,132,min
s2415,Movie,Project Papa,6/7/2020,2018,TV-14,92,min
s2416,TV Show,Queen of the South,6/6/2020,2018,TV-MA,4,Seasons
s2417,Movie,The Night Clerk,6/6/2020,2020,R,90,min
s2418,TV Show,13 Reasons Why,6/5/2020,2020,TV-MA,4,Seasons
s2419,Movie,Before the Summer Crowds,6/5/2020,2016,TV-14,86,min
s2420,Movie,Big Stone Gap,6/5/2020,2014,PG-13,103,min
s2421,Movie,Choked: Paisa Bolta Hai,6/5/2020,2020,TV-14,114,min
s2422,Movie,Merry Men 2: Another Mission,6/5/2020,2019,TV-MA,115,min
s2423,TV Show,Queer Eye,6/5/2020,2020,TV-14,5,Seasons
s2424,TV Show,Supernatural,6/5/2020,2019,TV-14,15,Seasons
s2425,Movie,The Last Days of American Crime,6/5/2020,2020,TV-MA,149,min
s2426,Movie,The Light of My Eyes,6/5/2020,2010,TV-MA,96,min
s2427,TV Show,BAKI,6/4/2020,2020,TV-MA,3,Seasons
s2428,Movie,Hot Sweet Sour,6/4/2020,2017,TV-14,102,min
s2429,Movie,Overnight Republic,6/4/2020,2017,TV-MA,105,min
s2430,Movie,Can’t Complain,6/3/2020,2007,TV-MA,114,min
s2431,Movie,Lady Bird,6/3/2020,2017,R,94,min
s2432,Movie,Spelling the Dream,6/3/2020,2020,TV-G,83,min
s2433,TV Show,Alone,6/2/2020,2019,TV-14,1,Season
s2434,Movie,Andaleeb El Dokki,6/2/2020,2008,TV-14,106,min
s2435,Movie,Let's Dance,6/2/2020,2006,TV-14,116,min
s2436,Movie,Life's Speed Bump,6/2/2020,2006,TV-14,109,min
s2437,Movie,Mr. Romantic,6/2/2020,2009,TV-14,97,min
s2438,Movie,My Horrible Grandma,6/2/2020,2012,TV-MA,100,min
s2439,Movie,Sorry To Disturb,6/2/2020,2008,TV-14,116,min
s2440,Movie,The Student Cop,6/2/2020,2004,TV-14,111,min
s2441,Movie,True: Rainbow Rescue,6/2/2020,2020,TV-Y,24,min
s2442,Movie,What's Up?,6/2/2020,2006,TV-PG,95,min
s2443,Movie,X Large,6/2/2020,2011,TV-14,135,min
s2444,Movie,122,6/1/2020,2019,TV-MA,95,min
s2445,TV Show,Cardcaptor Sakura,6/1/2020,1999,TV-Y7,2,Seasons
s2446,Movie,Chippa,6/1/2020,2020,TV-14,92,min
s2447,Movie,Cook Off,6/1/2020,2017,TV-G,100,min
s2448,TV Show,Dear My Friends,6/1/2020,2016,TV-MA,1,Season
s2449,Movie,Kalek Shanab,6/1/2020,2019,TV-PG,80,min
s2450,TV Show,Megalobox,6/1/2020,2018,TV-MA,1,Season
s2451,TV Show,Midnight Diner,6/1/2020,2014,TV-MA,3,Seasons
s2452,Movie,Mirai,6/1/2020,2018,PG,98,min
s2453,TV Show,My Shy Boss,6/1/2020,2017,TV-MA,1,Season
s2454,TV Show,Revolutionary Love,6/1/2020,2017,TV-MA,1,Season
s2455,Movie,The Disaster Artist,6/1/2020,2017,R,104,min
s2456,Movie,The Stolen,6/1/2020,2016,TV-14,98,min
s2457,Movie,High Strung Free Dance,5/31/2020,2019,TV-14,104,min
s2458,Movie,Freej Al Taibeen,5/29/2020,2018,TV-PG,99,min
s2459,Movie,Kenny Sebastian: The Most Interesting Person in the Room,5/29/2020,2020,TV-MA,68,min
s2460,TV Show,Space Force,5/29/2020,2020,TV-MA,1,Season
s2461,Movie,The Other,5/29/2020,1999,TV-MA,106,min
s2462,TV Show,"Can't Cope, Won't Cope",5/28/2020,2018,TV-MA,2,Seasons
s2463,TV Show,Dorohedoro,5/28/2020,2020,TV-MA,1,Season
s2464,Movie,Grandmother's Farm,5/28/2020,2014,TV-14,71,min
s2465,Movie,Grandmother's Farm Part 2,5/28/2020,2015,TV-14,80,min
s2466,Movie,Intuition,5/28/2020,2020,TV-MA,116,min
s2467,TV Show,Mako Mermaids: An H2O Adventure,5/28/2020,2016,TV-G,4,Seasons
s2468,Movie,I'm No Longer Here,5/27/2020,2019,TV-MA,112,min
s2469,Movie,Hannah Gadsby: Douglas,5/26/2020,2020,TV-MA,73,min
s2470,Movie,Ne Zha,5/25/2020,2019,TV-14,110,min
s2471,TV Show,Supergirl,5/25/2020,2019,TV-14,5,Seasons
s2472,Movie,Uncut Gems,5/25/2020,2019,R,135,min
s2473,TV Show,Betaal,5/24/2020,2020,TV-MA,1,Season
s2474,TV Show,Dynasty,5/23/2020,2019,TV-14,3,Seasons
s2475,Movie,One Day We'll Talk About Today,5/23/2020,2020,TV-G,128,min
s2476,Movie,Si Doel the Movie 3,5/23/2020,2020,TV-G,93,min
s2477,TV Show,History 101,5/22/2020,2020,TV-14,1,Season
s2478,Movie,Living in Bondage: Breaking Free,5/22/2020,2019,TV-MA,149,min
s2479,Movie,Modest Heroes: Ponoc Short Films Theatre,5/22/2020,2018,PG,54,min
s2480,Movie,The Lovebirds,5/22/2020,2020,R,87,min
s2481,TV Show,Trailer Park Boys: The Animated Series,5/22/2020,2020,TV-MA,2,Seasons
s2482,Movie,#FriendButMarried,5/21/2020,2018,TV-G,102,min
s2483,Movie,Bye Bye London,5/21/2020,1981,TV-14,177,min
s2484,Movie,Fifty Year Old Teenager,5/21/2020,1996,TV-14,204,min
s2485,Movie,Lock Your Girls In,5/21/2020,1982,TV-PG,233,min
s2486,Movie,Mujeres arriba,5/21/2020,2019,TV-14,98,min
s2487,TV Show,Mystic Pop-up Bar,5/21/2020,2020,TV-MA,1,Season
s2488,Movie,No Longer kids,5/21/2020,1979,TV-14,237,min
s2489,Movie,Raya and Sakina,5/21/2020,1984,TV-14,230,min
s2490,Movie,Sayed the Servant,5/21/2020,1985,TV-14,173,min
s2491,Movie,The Married Couples,5/21/2020,1981,TV-14,195,min
s2492,Movie,The School of Mischief,5/21/2020,1973,TV-14,253,min
s2493,Movie,The Witness Who Didn't See Anything,5/21/2020,1976,TV-PG,157,min
s2494,Movie,Anchor Baby,5/20/2020,2010,TV-MA,97,min
s2495,Movie,Ben Platt Live from Radio City Music Hall,5/20/2020,2020,TV-PG,85,min
s2496,TV Show,Especial 20 años Fútbol de Primera,5/20/2020,2020,TV-14,1,Season
s2497,Movie,Honeytrap,5/20/2020,2014,TV-MA,94,min
s2498,Movie,I Will Follow,5/20/2020,2010,TV-14,80,min
s2499,Movie,Mutiny of the Worker Bees,5/20/2020,2020,TV-MA,94,min
s2500,TV Show,The Queen and the Conqueror,5/20/2020,2020,TV-14,1,Season
s2501,Movie,What Are the Odds?,5/20/2020,2020,TV-MA,92,min
s2502,Movie,Either Me Or My Auntie,5/19/2020,2006,TV-PG,105,min
s2503,Movie,Escaping Tel Aviv,5/19/2020,2009,TV-14,120,min
s2504,Movie,Game Over,5/19/2020,2012,TV-14,96,min
s2505,Movie,Karkar,5/19/2020,2007,TV-14,107,min
s2506,Movie,My Sleeping Lover,5/19/2020,2008,TV-PG,93,min
s2507,Movie,Omar & Salma 2,5/19/2020,2009,TV-14,101,min
s2508,TV Show,Patton Oswalt: I Love Everything,5/19/2020,2020,TV-MA,1,Season
s2509,TV Show,Sweet Magnolias,5/19/2020,2020,TV-14,1,Season
s2510,Movie,Tarek's Situation,5/19/2020,2006,TV-14,110,min
s2511,Movie,The Beach Loafer,5/19/2020,2004,TV-14,112,min
s2512,Movie,Wadjda,5/19/2020,2012,PG,93,min
s2513,Movie,Zaki Chan,5/19/2020,2005,TV-PG,109,min
s2514,Movie,Light in the Dark,5/18/2020,2019,TV-14,105,min
s2515,TV Show,The Big Flower Fight,5/18/2020,2020,TV-PG,1,Season
s2516,TV Show,Patriot Act with Hasan Minhaj,5/17/2020,2020,TV-MA,6,Seasons
s2517,Movie,The End,5/17/2020,2019,TV-MA,97,min
s2518,TV Show,Boys Over Flowers,5/16/2020,2009,TV-14,1,Season
s2519,TV Show,Iris,5/16/2020,2009,TV-14,1,Season
s2520,TV Show,Avatar: The Last Airbender,5/15/2020,2007,TV-Y7,3,Seasons
s2521,Movie,Heaven Without People,5/15/2020,2017,TV-MA,91,min
s2522,Movie,"I love you, stupid",5/15/2020,2019,TV-MA,88,min
s2523,TV Show,Inhuman Resources,5/15/2020,2020,TV-MA,1,Season
s2524,TV Show,Madam Secretary,5/15/2020,2019,TV-PG,6,Seasons
s2525,TV Show,Magic for Humans,5/15/2020,2020,TV-14,3,Seasons
s2526,TV Show,Parasyte: The Maxim,5/15/2020,2014,TV-MA,1,Season
s2527,TV Show,She-Ra and the Princesses of Power,5/15/2020,2020,TV-Y7,5,Seasons
s2528,TV Show,Sleepless Society: Two Pillows & A Lost Soul,5/15/2020,2020,TV-MA,1,Season
s2529,TV Show,Strangers from Hell,5/15/2020,2019,TV-MA,1,Season
s2530,TV Show,The Wiggles,5/15/2020,2015,TV-Y,2,Seasons
s2531,TV Show,White Lines,5/15/2020,2020,TV-MA,1,Season
s2532,Movie,Dilan 1990,5/14/2020,2018,TV-14,109,min
s2533,Movie,Dilan 1991,5/14/2020,2019,TV-14,118,min
s2534,Movie,Fan of Amoory,5/14/2020,2018,TV-G,109,min
s2535,Movie,Malang,5/14/2020,2020,TV-MA,131,min
s2536,Movie,Match,5/14/2020,2017,TV-14,91,min
s2537,Movie,Rencor tatuado,5/14/2020,2018,TV-MA,152,min
s2538,Movie,The Delivery Boy,5/14/2020,2018,TV-14,67,min
s2539,Movie,Wedy Atkalam,5/14/2020,2018,TV-PG,72,min
s2540,Movie,Fire in the Blood,5/13/2020,2012,TV-14,83,min
s2541,Movie,The Wrong Missy,5/13/2020,2020,TV-MA,90,min
s2542,Movie,Ali & Alia,5/12/2020,2019,TV-14,106,min
s2543,TV Show,True: Terrific Tales,5/12/2020,2020,TV-Y,1,Season
s2544,Movie,Unbreakable Kimmy Schmidt: Kimmy vs. the Reverend,5/12/2020,2020,TV-14,190,min
s2545,Movie,Action Replayy,5/11/2020,2010,TV-PG,129,min
s2546,Movie,Andaz Apna Apna,5/11/2020,1994,TV-14,160,min
s2547,TV Show,Bordertown,5/11/2020,2019,TV-MA,3,Seasons
s2548,Movie,Have a Good Trip: Adventures in Psychedelics,5/11/2020,2020,TV-MA,86,min
s2549,TV Show,Trial By Media,5/11/2020,2020,TV-MA,1,Season
s2550,Movie,John Henry,5/9/2020,2020,R,92,min
s2551,Movie,18 Presents,5/8/2020,2020,TV-MA,114,min
s2552,TV Show,Dead to Me,5/8/2020,2020,TV-MA,2,Seasons
s2553,TV Show,Restaurants on the Edge,5/8/2020,2020,TV-14,2,Seasons
s2554,TV Show,The Eddy,5/8/2020,2020,TV-MA,1,Season
s2555,TV Show,The Hollow,5/8/2020,2020,TV-Y7,2,Seasons
s2556,Movie,Aerials,5/7/2020,2016,TV-14,90,min
s2557,Movie,In Paradox,5/7/2020,2019,TV-14,94,min
s2558,TV Show,Scissor Seven,5/7/2020,2020,TV-MA,2,Seasons
s2559,Movie,Si Doel the Movie,5/7/2020,2018,TV-PG,86,min
s2560,Movie,Becoming,5/6/2020,2020,PG,89,min
s2561,Movie,"Sí, Mi Amor",5/6/2020,2020,TV-MA,107,min
s2562,Movie,Jerry Seinfeld: 23 Hours To Kill,5/5/2020,2020,TV-PG,61,min
s2563,Movie,Arctic Dogs,5/4/2020,2019,PG,93,min
s2564,Movie,Luccas Neto em: Acampamento de Férias 2,5/4/2020,2020,TV-G,81,min
s2565,Movie,One Day: Justice Delivered,5/3/2020,2019,TV-14,120,min
s2566,TV Show,Almost Happy,5/2/2020,2020,TV-MA,1,Season
s2567,Movie,Bennett's War,5/2/2020,2019,PG-13,94,min
s2568,Movie,Death Can Wait,5/2/2020,2020,TV-14,91,min
s2569,TV Show,Hangar 1: The UFO Files,5/2/2020,2015,TV-PG,1,Season
s2570,TV Show,Hoarders,5/2/2020,2020,TV-PG,1,Season
s2571,Movie,Lady Driver,5/2/2020,2019,PG,104,min
s2572,Movie,Mike Birbiglia: My Girlfriend's Boyfriend,5/2/2020,2013,TV-14,76,min
s2573,Movie,Roped,5/2/2020,2020,PG,90,min
s2574,Movie,The Stand at Paxton County,5/2/2020,2020,R,103,min
s2575,TV Show,The Universe: Ancient Mysteries Solved,5/2/2020,2015,TV-PG,1,Season
s2576,TV Show,WWII in HD,5/2/2020,2009,TV-14,1,Season
s2577,Movie,All Day and a Night,5/1/2020,2020,R,122,min
s2578,Movie,Cracked Up: The Darrell Hammond Story,5/1/2020,2018,TV-MA,97,min
s2579,Movie,Get In,5/1/2020,2019,TV-MA,98,min
s2580,Movie,Go! Go! Cory Carson: The Chrissy,5/1/2020,2020,TV-Y,42,min
s2581,TV Show,Hollywood,5/1/2020,2020,TV-MA,1,Season
s2582,Movie,I Am Divine,5/1/2020,2013,TV-MA,90,min
s2583,Movie,Madagascar: Escape 2 Africa,5/1/2020,2008,PG,91,min
s2584,TV Show,Masha and the Bear,5/1/2020,2019,TV-Y,4,Seasons
s2585,Movie,Material,5/1/2020,2012,TV-14,94,min
s2586,TV Show,Medici: Masters of Florence,5/1/2020,2019,TV-MA,3,Seasons
s2587,TV Show,Monthly Girls' Nozaki Kun,5/1/2020,2014,TV-PG,1,Season
s2588,Movie,Mrs. Serial Killer,5/1/2020,2020,TV-MA,107,min
s2589,TV Show,Oh Yuck,5/1/2020,2020,TV-G,1,Season
s2590,Movie,Psycho,5/1/2020,2020,TV-MA,143,min
s2591,TV Show,Reckoning,5/1/2020,2019,TV-MA,1,Season
s2592,Movie,The Half Of It,5/1/2020,2020,PG-13,105,min
s2593,Movie,The Heartbreak Kid,5/1/2020,2007,R,116,min
s2594,Movie,Thomas & Friends: Marvelous Machinery: A New Arrival,5/1/2020,2020,TV-Y,23,min
s2595,Movie,Thomas & Friends: Marvelous Machinery: World of Tomorrow,5/1/2020,2020,TV-Y,23,min
s2596,Movie,Thomas & Friends: Thomas and the Royal Engine,5/1/2020,2020,TV-Y,23,min
s2597,Movie,What a Girl Wants,5/1/2020,2003,PG,105,min
s2598,Movie,Dangerous Lies,4/30/2020,2020,TV-14,97,min
s2599,TV Show,DRIFTING DRAGONS,4/30/2020,2020,TV-14,1,Season
s2600,TV Show,El señor de los Cielos,4/30/2020,2019,TV-MA,7,Seasons
s2601,TV Show,Good Witch,4/30/2020,2019,TV-PG,5,Seasons
s2602,Movie,Rich in Love,4/30/2020,2020,TV-14,105,min
s2603,TV Show,The Forest of Love: Deep Cut,4/30/2020,2020,TV-MA,1,Season
s2604,TV Show,The Victims' Game,4/30/2020,2020,TV-MA,1,Season
s2605,Movie,A Secret Love,4/29/2020,2020,TV-14,83,min
s2606,Movie,Eksi Elmalar,4/29/2020,2016,TV-PG,109,min
s2607,TV Show,Extracurricular,4/29/2020,2020,TV-MA,1,Season
s2608,Movie,Love Is War,4/29/2020,2019,TV-14,111,min
s2609,Movie,Murder to Mercy: The Cyntoia Brown Story,4/29/2020,2020,TV-MA,97,min
s2610,TV Show,Nadiya’s Time to Eat,4/29/2020,2020,TV-G,1,Season
s2611,Movie,R.K.Nagar,4/29/2020,2019,TV-14,132,min
s2612,TV Show,Tjovitjo,4/29/2020,2017,TV-MA,2,Seasons
s2613,Movie,Beynelmilel,4/28/2020,2006,TV-MA,102,min
s2614,Movie,Bir Baba Hindu,4/28/2020,2016,TV-MA,107,min
s2615,Movie,Boushkash,4/28/2020,2008,TV-MA,100,min
s2616,Movie,Cinar Agaci,4/28/2020,2011,TV-14,115,min
s2617,Movie,Görümce,4/28/2020,2016,TV-MA,104,min
s2618,Movie,Istanbul Kirmizisi,4/28/2020,2017,TV-MA,110,min
s2619,Movie,Küçük Esnaf,4/28/2020,2016,TV-MA,100,min
s2620,Movie,Lembi 8 Giga,4/28/2020,2010,TV-MA,111,min
s2621,Movie,Neseli Hayat,4/28/2020,2009,TV-14,108,min
s2622,Movie,Organize Isler,4/28/2020,2005,TV-14,104,min
s2623,Movie,The Reliant,4/28/2020,2019,PG-13,116,min
s2624,Movie,We'll Be Right Back After The Break,4/28/2020,2012,TV-14,106,min
s2625,Movie,5Gang,4/27/2020,2019,TV-14,96,min
s2626,Movie,Love Aaj Kal,4/27/2020,2020,TV-MA,140,min
s2627,Movie,The Lift Boy,4/27/2020,2020,TV-MA,107,min
s2628,TV Show,"Coronavirus, Explained",4/26/2020,2020,TV-PG,1,Season
s2629,TV Show,The Last Kingdom,4/26/2020,2020,TV-MA,4,Seasons
s2630,Movie,Bheeshma,4/25/2020,2020,TV-14,138,min
s2631,Movie,Bittersweet,4/25/2020,2010,TV-MA,132,min
s2632,TV Show,My Secret Romance,4/25/2020,2017,TV-14,1,Season
s2633,Movie,No Direction Home: Bob Dylan,4/25/2020,2005,TV-MA,208,min
s2634,Movie,She Made Me a Criminal,4/25/2020,2006,TV-14,105,min
s2635,Movie,The Artist,4/25/2020,2011,PG-13,101,min
s2636,Movie,The Dealer,4/25/2020,2010,TV-14,124,min
s2637,Movie,The International Player,4/25/2020,2009,TV-14,93,min
s2638,Movie,The Promise,4/25/2020,2008,TV-14,110,min
s2639,Movie,??? ?????,4/25/2020,2009,TV-14,115,min
s2640,TV Show,???? ???????,4/25/2020,2019,TV-14,1,Season
s2641,TV Show,After Life,4/24/2020,2020,TV-MA,2,Seasons
s2642,TV Show,DreamWorks Spooky Stories: Volume 2,4/24/2020,2011,TV-PG,1,Season
s2643,Movie,Kolaiyuthir Kaalam,4/24/2020,2019,TV-14,107,min
s2644,TV Show,Love 101,4/24/2020,2020,TV-MA,1,Season
s2645,Movie,"Yours Sincerely, Kanan Gill",4/24/2020,2020,TV-MA,72,min
s2646,TV Show,Ghost in the Shell: SAC_2045,4/23/2020,2020,TV-14,1,Season
s2647,Movie,My Stupid Boss,4/23/2020,2016,TV-G,107,min
s2648,Movie,My Stupid Boss 2,4/23/2020,2019,TV-14,95,min
s2649,TV Show,The House of Flowers,4/23/2020,2020,TV-MA,3,Seasons
s2650,Movie,This Earth of Mankind,4/23/2020,2019,TV-14,180,min
s2651,Movie,Time to Hunt,4/23/2020,2020,TV-MA,135,min
s2652,TV Show,Absurd Planet,4/22/2020,2020,TV-PG,1,Season
s2653,Movie,Circus of Books,4/22/2020,2020,TV-MA,87,min
s2654,Movie,The Plagues of Breslau,4/22/2020,2018,TV-MA,94,min
s2655,Movie,The Set Up,4/22/2020,2019,TV-MA,105,min
s2656,Movie,The Silence of the Marsh,4/22/2020,2019,TV-MA,93,min
s2657,Movie,The Willoughbys,4/22/2020,2020,PG,92,min
s2658,TV Show,Win the Wilderness,4/22/2020,2020,TV-14,1,Season
s2659,TV Show,Bleach,4/21/2020,2006,TV-14,5,Seasons
s2660,TV Show,Middleditch & Schwartz,4/21/2020,2020,TV-MA,1,Season
s2661,TV Show,Nicky Jam: El Ganador,4/21/2020,2018,TV-MA,1,Season
s2662,TV Show,Cooked with Cannabis,4/20/2020,2020,TV-MA,1,Season
s2663,TV Show,The Midnight Gospel,4/20/2020,2020,TV-MA,1,Season
s2664,Movie,Varane Avashyamund,4/20/2020,2020,TV-14,144,min
s2665,TV Show,ChuChu TV Nursery Rhymes & Kids Songs (Hindi),4/18/2020,2019,TV-Y,1,Season
s2666,TV Show,The King: Eternal Monarch,4/18/2020,2020,TV-14,1,Season
s2667,TV Show,#blackAF,4/17/2020,2020,TV-MA,1,Season
s2668,Movie,Babamin Ceketi,4/17/2020,2018,TV-MA,101,min
s2669,Movie,Earth and Blood,4/17/2020,2020,TV-MA,81,min
s2670,TV Show,El Dragón: Return of a Warrior,4/17/2020,2020,TV-MA,2,Seasons
s2671,TV Show,Hasmukh,4/17/2020,2020,TV-MA,1,Season
s2672,Movie,Rising High,4/17/2020,2020,TV-MA,95,min
s2673,Movie,Sergio,4/17/2020,2020,R,119,min
s2674,Movie,The Legacy of the Bones,4/17/2020,2019,TV-MA,121,min
s2675,Movie,Alelí,4/16/2020,2019,TV-MA,88,min
s2676,TV Show,Fary : Hexagone,4/16/2020,2020,TV-MA,2,Seasons
s2677,TV Show,Fauda,4/16/2020,2020,TV-MA,3,Seasons
s2678,Movie,"Hail, Caesar!",4/16/2020,2016,PG-13,106,min
s2679,Movie,Jem and the Holograms,4/16/2020,2015,PG,119,min
s2680,Movie,Maurício Meirelles: Generating Chaos,4/16/2020,2020,TV-MA,63,min
s2681,Movie,Puerto Ricans in Paris,4/16/2020,2015,R,82,min
s2682,Movie,Stunt School,4/16/2020,2019,TV-G,95,min
s2683,Movie,For the Broken Hearted,4/15/2020,2018,TV-14,93,min
s2684,Movie,Mischief,4/15/2020,2019,TV-PG,120,min
s2685,TV Show,The Innocence Files,4/15/2020,2020,TV-MA,1,Season
s2686,Movie,World Famous Lover,4/15/2020,2020,TV-MA,147,min
s2687,Movie,Chris D'Elia: No Pain,4/14/2020,2020,TV-MA,55,min
s2688,Movie,New Money,4/14/2020,2018,TV-14,107,min
s2689,Movie,Moms at War,4/13/2020,2018,TV-14,92,min
s2690,Movie,Surviving R. Kelly: The Impact,4/13/2020,2019,TV-14,85,min
s2691,Movie,Code 8,4/11/2020,2019,TV-MA,98,min
s2692,TV Show,Brews Brothers,4/10/2020,2020,TV-MA,1,Season
s2693,Movie,LA Originals,4/10/2020,2020,TV-MA,92,min
s2694,Movie,Love Wedding Repeat,4/10/2020,2020,TV-MA,101,min
s2695,Movie,School Life,4/10/2020,2019,TV-MA,112,min
s2696,Movie,The Main Event,4/10/2020,2020,TV-G,103,min
s2697,TV Show,The Trial,4/10/2020,2019,TV-MA,1,Season
s2698,Movie,Tigertail,4/10/2020,2020,PG,91,min
s2699,TV Show,Hi Score Girl,4/9/2020,2019,TV-14,2,Seasons
s2700,TV Show,The Circle France,4/9/2020,2020,TV-MA,1,Season
s2701,Movie,Born Beautiful,4/8/2020,2019,TV-MA,96,min
s2702,Movie,The Last Airbender,4/8/2020,2010,PG,104,min
s2703,Movie,Tiffany Haddish: She Ready! From the Hood To Hollywood!,4/7/2020,2017,TV-MA,66,min
s2704,Movie,Mine 9,4/6/2020,2019,TV-MA,83,min
s2705,Movie,The Florida Project,4/6/2020,2017,R,111,min
s2706,Movie,Dark Light,4/5/2020,2019,TV-MA,90,min
s2707,Movie,The Killing of a Sacred Deer,4/5/2020,2017,R,121,min
s2708,Movie,Angel Has Fallen,4/4/2020,2019,R,121,min
s2709,TV Show,El Reemplazante,4/4/2020,2013,TV-MA,2,Seasons
s2710,Movie,Coffee & Kareem,4/3/2020,2020,TV-MA,88,min
s2711,TV Show,Legacies,4/3/2020,2019,TV-14,2,Seasons
s2712,Movie,Money Heist: The Phenomenon,4/3/2020,2020,TV-MA,57,min
s2713,Movie,The Death of Stalin,4/3/2020,2017,R,107,min
s2714,Movie,Sol Levante,4/2/2020,2020,TV-14,5,min
s2715,Movie,Violet Evergarden: Eternity and the Auto Memory Doll,4/2/2020,2019,TV-PG,91,min
s2716,Movie,Agneepath,4/1/2020,1990,TV-14,174,min
s2717,Movie,Brothers,4/1/2020,2015,TV-14,155,min
s2718,Movie,Chhota Bheem and the Curse of Damyaan,4/1/2020,2012,TV-Y7,87,min
s2719,TV Show,Community,4/1/2020,2015,TV-14,6,Seasons
s2720,Movie,David Batra: Elefanten i rummet,4/1/2020,2020,TV-MA,77,min
s2721,Movie,Dostana,4/1/2020,2008,TV-14,142,min
s2722,Movie,Duniya,4/1/2020,1984,TV-14,170,min
s2723,Movie,Duplicate,4/1/2020,1998,TV-14,165,min
s2724,Movie,Friendship,4/1/2020,1980,TV-14,161,min
s2725,Movie,Gori Tere Pyaar Mein,4/1/2020,2013,TV-14,144,min
s2726,Movie,Gumrah,4/1/2020,1993,TV-14,149,min
s2727,Movie,Hasee Toh Phasee,4/1/2020,2014,TV-14,135,min
s2728,TV Show,How to Fix a Drug Scandal,4/1/2020,2020,TV-MA,1,Season
s2729,Movie,Humpty Sharma Ki Dulhania,4/1/2020,2014,TV-14,131,min
s2730,Movie,Kaal,4/1/2020,2005,TV-14,126,min
s2731,Movie,Kabhi Alvida Naa Kehna,4/1/2020,2006,TV-14,192,min
s2732,Movie,Kabhi Khushi Kabhie Gham,4/1/2020,2001,TV-14,209,min
s2733,Movie,Kal Ho Naa Ho,4/1/2020,2003,TV-14,187,min
s2734,Movie,Kapoor & Sons,4/1/2020,2016,TV-14,138,min
s2735,Movie,Kuch Kuch Hota Hai,4/1/2020,1998,TV-14,185,min
s2736,Movie,Magnificent,4/1/2020,2015,TV-14,143,min
s2737,TV Show,Man Like Mobeen,4/1/2020,2020,TV-MA,3,Seasons
s2738,Movie,Mighty Raju Rio Calling,4/1/2020,2014,TV-Y7,97,min
s2739,Movie,Muqaddar ka Faisla,4/1/2020,1987,TV-14,172,min
s2740,TV Show,Pokémon the Series,4/1/2020,2019,TV-Y7,3,Seasons
s2741,TV Show,Saint Seiya,4/1/2020,1986,TV-14,6,Seasons
s2742,Movie,SETHUM AAYIRAM PON,4/1/2020,2020,TV-MA,103,min
s2743,TV Show,Sunderland 'Til I Die,4/1/2020,2020,TV-MA,2,Seasons
s2744,TV Show,The Iliza Shlesinger Sketch Show,4/1/2020,2020,TV-MA,1,Season
s2745,Movie,The Little Vampire,4/1/2020,2017,TV-G,83,min
s2746,Movie,The Runaways,4/1/2020,2010,R,107,min
s2747,TV Show,The Windsors,4/1/2020,2020,TV-MA,3,Seasons
s2748,Movie,Ungli,4/1/2020,2014,TV-14,114,min
s2749,TV Show,Well-Intended Love,4/1/2020,2020,TV-14,2,Seasons
s2750,Movie,Wildling,4/1/2020,2018,R,93,min
s2751,Movie,A truthful Mother,3/31/2020,2020,TV-Y7,85,min
s2752,TV Show,Akbar Birbal,3/31/2020,2019,TV-G,1,Season
s2753,TV Show,Bal Ganesh,3/31/2020,2019,TV-Y7,1,Season
s2754,Movie,Dave Chappelle: The Kennedy Center Mark Twain Prize for American Humor,3/31/2020,2020,TV-MA,85,min
s2755,Movie,Greater,3/31/2020,2016,PG,131,min
s2756,Movie,Indian Horse,3/31/2020,2017,TV-MA,101,min
s2757,Movie,Paharganj,3/31/2020,2019,TV-MA,107,min
s2758,Movie,Pretty Little Stalker,3/31/2020,2018,TV-14,84,min
s2759,Movie,Through My Father's Eyes: The Ronda Rousey Story,3/31/2020,2019,R,104,min
s2760,TV Show,Tree House Tales,3/31/2020,2019,TV-Y,1,Season
s2761,Movie,Kannum Kannum Kollaiyadithaal,3/29/2020,2020,TV-14,160,min
s2762,TV Show,Rugal,3/29/2020,2020,TV-MA,1,Season
s2763,Movie,Rogue Warfare,3/28/2020,2019,R,103,min
s2764,Movie,Dragons: Rescue Riders: Hunt for the Golden Dragon,3/27/2020,2020,TV-Y,46,min
s2765,TV Show,Happy!,3/27/2020,2019,TV-MA,2,Seasons
s2766,TV Show,Ladies Up,3/27/2020,2019,TV-MA,1,Season
s2767,Movie,Maska,3/27/2020,2020,TV-MA,112,min
s2768,TV Show,Ozark,3/27/2020,2020,TV-MA,3,Seasons
s2769,Movie,The Decline,3/27/2020,2020,TV-MA,83,min
s2770,Movie,There's Something in the Water,3/27/2020,2019,TV-14,72,min
s2771,Movie,True: Wuzzle Wegg Day,3/27/2020,2020,TV-Y,24,min
s2772,Movie,Uncorked,3/27/2020,2020,TV-MA,104,min
s2773,TV Show,Wassup Man GO!,3/27/2020,2020,TV-MA,1,Season
s2774,Movie,Willy and the Guardians of the Lake: Tales from the Lakeside Winter Adventure,3/27/2020,2019,TV-Y,72,min
s2775,TV Show,7SEEDS,3/26/2020,2020,TV-MA,2,Seasons
s2776,Movie,Happy Old Year,3/26/2020,2019,TV-MA,113,min
s2777,Movie,Making Unorthodox,3/26/2020,2020,TV-G,21,min
s2778,TV Show,Unorthodox,3/26/2020,2020,TV-MA,1,Season
s2779,Movie,Bethany Hamilton: Unstoppable,3/25/2020,2019,PG,100,min
s2780,Movie,Crip Camp: A Disability Revolution,3/25/2020,2020,R,108,min
s2781,Movie,Curtiz,3/25/2020,2018,TV-MA,99,min
s2782,Movie,The Occupant,3/25/2020,2020,TV-MA,104,min
s2783,Movie,Tom Segura: Ball Hog,3/24/2020,2020,TV-MA,70,min
s2784,TV Show,Freud,3/23/2020,2020,TV-MA,1,Season
s2785,TV Show,J-Style Trip,3/22/2020,2020,TV-14,1,Season
s2786,TV Show,Barbie Dreamhouse Adventures: Go Team Roberts,3/21/2020,2020,TV-Y,2,Seasons
s2787,Movie,A Life of Speed: The Juan Manuel Fangio Story,3/20/2020,2020,TV-14,93,min
s2788,TV Show,Archibald's Next Big Thing,3/20/2020,2020,TV-Y7,2,Seasons
s2789,TV Show,Dino Girl Gauko,3/20/2020,2020,TV-Y7,2,Seasons
s2790,Movie,El silencio es bienvenido,3/20/2020,2017,TV-14,95,min
s2791,TV Show,Greenhouse Academy,3/20/2020,2020,TV-PG,4,Seasons
s2792,TV Show,Self Made: Inspired by the Life of Madam C.J. Walker,3/20/2020,2020,TV-MA,1,Season
s2793,TV Show,She,3/20/2020,2020,TV-MA,1,Season
s2794,TV Show,The English Game,3/20/2020,2020,TV-14,1,Season
s2795,TV Show,The Letter for the King,3/20/2020,2020,TV-PG,1,Season
s2796,TV Show,"Tiger King: Murder, Mayhem and Madness",3/20/2020,2020,TV-MA,1,Season
s2797,Movie,Ultras,3/20/2020,2020,TV-MA,109,min
s2798,TV Show,Vampires,3/20/2020,2020,TV-MA,1,Season
s2799,Movie,3022,3/19/2020,2019,R,91,min
s2800,Movie,Altered Carbon: Resleeved,3/19/2020,2020,TV-MA,75,min
s2801,Movie,Masameer - The Movie,3/19/2020,2020,TV-14,100,min
s2802,Movie,AllI Wish,3/18/2020,2017,R,95,min
s2803,TV Show,Caliphate,3/18/2020,2020,TV-MA,1,Season
s2804,Movie,Lu Over the Wall,3/18/2020,2017,PG,113,min
s2805,TV Show,Women Of The Night,3/18/2020,2019,TV-MA,1,Season
s2806,Movie,XV: Beyond the Tryline,3/18/2020,2016,TV-14,91,min
s2807,Movie,Bert Kreischer: Hey Big Boy,3/17/2020,2020,TV-MA,62,min
s2808,TV Show,Shaun the Sheep: Adventures from Mossy Bottom,3/17/2020,2020,TV-Y7,1,Season
s2809,TV Show,We Speak Dance,3/17/2020,2018,TV-MA,1,Season
s2810,Movie,Search Party,3/16/2020,2014,R,93,min
s2811,Movie,Bypass Road,3/15/2020,2019,TV-14,135,min
s2812,Movie,Digs & Discoveries: All Track's Lead to Rome,3/15/2020,2019,TV-Y,23,min
s2813,Movie,Digs & Discoveries: Mines of Mystery,3/15/2020,2019,TV-Y,23,min
s2814,TV Show,Ken Burns Presents: College Behind Bars: A Film by Lynn Novick and Produced by Sarah Botstein,3/15/2020,2019,TV-MA,1,Season
s2815,Movie,Steam Team to the Rescue,3/15/2020,2019,TV-Y,23,min
s2816,Movie,Jai Mummy Di,3/14/2020,2020,TV-MA,101,min
s2817,TV Show,100 Humans,3/13/2020,2020,TV-14,1,Season
s2818,Movie,Baby Mamas,3/13/2020,2018,TV-14,98,min
s2819,TV Show,Bloodride,3/13/2020,2020,TV-MA,1,Season
s2820,Movie,Go Karts,3/13/2020,2020,TV-PG,103,min
s2821,Movie,Justine,3/13/2020,2019,TV-MA,106,min
s2822,TV Show,Kingdom,3/13/2020,2020,TV-MA,2,Seasons
s2823,Movie,Lost Girls,3/13/2020,2020,R,95,min
s2824,Movie,Miracle in Cell No. 7,3/13/2020,2019,TV-14,132,min
s2825,TV Show,The Valhalla Murders,3/13/2020,2020,TV-MA,1,Season
s2826,TV Show,Dirty Money,3/11/2020,2020,TV-MA,2,Seasons
s2827,TV Show,On My Block,3/11/2020,2020,TV-14,3,Seasons
s2828,TV Show,The Circle Brazil,3/11/2020,2020,TV-MA,1,Season
s2829,Movie,Carmen Sandiego: To Steal or Not to Steal,3/10/2020,2020,TV-Y7,82,min
s2830,Movie,Marc Maron: End Times Fun,3/10/2020,2020,TV-MA,71,min
s2831,Movie,Sitara: Let Girls Dream,3/8/2020,2020,TV-PG,16,min
s2832,Movie,Alakada Reloaded,3/6/2020,2017,TV-MA,104,min
s2833,Movie,All About Love,3/6/2020,2017,TV-MA,79,min
s2834,Movie,Guilty,3/6/2020,2020,TV-MA,120,min
s2835,Movie,I am Jonas,3/6/2020,2019,TV-MA,82,min
s2836,Movie,Miles Davis: Birth of the Cool,3/6/2020,2019,TV-MA,115,min
s2837,Movie,Spenser Confidential,3/6/2020,2020,R,111,min
s2838,Movie,Twin Murders: the Silence of the White City,3/6/2020,2020,TV-MA,110,min
s2839,TV Show,Ugly Delicious,3/6/2020,2020,TV-MA,2,Seasons
s2840,Movie,93 Days,3/5/2020,2016,TV-PG,121,min
s2841,Movie,Angu Vaikuntapurathu (Malayalam),3/5/2020,2020,TV-14,162,min
s2842,TV Show,Mighty Little Bheem: Festival of Colors,3/5/2020,2020,TV-Y,1,Season
s2843,Movie,Tootsies & The Fake,3/5/2020,2019,TV-MA,108,min
s2844,Movie,Aurora,3/4/2020,2010,TV-MA,186,min
s2845,Movie,Lil Peep: Everybody’s Everything,3/4/2020,2019,TV-MA,116,min
s2846,Movie,The Death of Mr. Lazarescu,3/4/2020,2005,R,154,min
s2847,TV Show,Velvet,3/4/2020,2016,TV-14,4,Seasons
s2848,Movie,Freaks,3/3/2020,2018,R,105,min
s2849,Movie,Luccas Neto in: The End of Christmas,3/3/2020,2019,TV-Y,71,min
s2850,Movie,Taylor Tomlinson: Quarter-Life Crisis,3/3/2020,2020,TV-MA,61,min
s2851,Movie,The Last Bomb of the Second World War,3/3/2020,2019,TV-14,133,min
s2852,Movie,Uncovered,3/3/2020,2019,TV-MA,98,min
s2853,Movie,W.E.,3/3/2020,2011,R,119,min
s2854,Movie,Fat Ballerina - David A. Arnold,3/2/2020,2020,TV-MA,61,min
s2855,TV Show,Akame ga Kill!,3/1/2020,2014,TV-14,1,Season
s2856,TV Show,Babylon Berlin,3/1/2020,2020,TV-MA,3,Seasons
s2857,Movie,Bhangra Paa Le,3/1/2020,2019,TV-14,130,min
s2858,TV Show,Calico Critters Mini Episodes Clover,3/1/2020,2020,TV-Y,1,Season
s2859,Movie,Calico Critters: Everyone's Big Dream Flying in the Sky,3/1/2020,2019,TV-Y,11,min
s2860,Movie,Frank & Lola,3/1/2020,2016,TV-MA,87,min
s2861,Movie,Hugo,3/1/2020,2011,PG,127,min
s2862,Movie,Ordinary World,3/1/2020,2016,TV-14,87,min
s2863,Movie,"Pop, Lock 'n Roll",3/1/2020,2017,TV-14,88,min
s2864,Movie,There Will Be Blood,3/1/2020,2007,R,158,min
s2865,Movie,Velvet Colección: Grand Finale,3/1/2020,2020,TV-14,82,min
s2866,Movie,Voulez-vous rire avec moi ce soir?,3/1/2020,2018,TV-MA,93,min
s2867,Movie,ZZ TOP: THAT LITTLE OL' BAND FROM TEXAS,3/1/2020,2019,TV-MA,90,min
s2868,Movie,All The Bright Places,2/28/2020,2020,TV-MA,109,min
s2869,TV Show,Always a Witch,2/28/2020,2019,TV-14,2,Seasons
s2870,Movie,Amit Tandon: Family Tandoncies,2/28/2020,2019,TV-14,72,min
s2871,TV Show,Queen Sono,2/28/2020,2020,TV-MA,1,Season
s2872,TV Show,Toy Boy,2/28/2020,2019,TV-MA,1,Season
s2873,TV Show,Unstoppable,2/28/2020,2020,TV-MA,1,Season
s2874,Movie,Ala Vaikunthapurramuloo,2/27/2020,2020,TV-14,162,min
s2875,TV Show,Altered Carbon,2/27/2020,2020,TV-MA,2,Seasons
s2876,TV Show,Followers,2/27/2020,2020,TV-MA,1,Season
s2877,Movie,Pokémon: Mewtwo Strikes Back - Evolution,2/27/2020,2019,TV-Y7,98,min
s2878,TV Show,Six Windows in the Desert,2/27/2020,2020,TV-14,1,Season
s2879,Movie,Couple of Days,2/26/2020,2016,TV-14,103,min
s2880,Movie,Gbomo Gbomo Express,2/26/2020,2015,TV-MA,97,min
s2881,TV Show,I Am Not Okay With This,2/26/2020,2020,TV-MA,1,Season
s2882,Movie,Taxi Driver,2/26/2020,2015,TV-MA,94,min
s2883,Movie,The Arbitration,2/26/2020,2016,TV-MA,101,min
s2884,TV Show,The Trials of Gabriel Fernandez,2/26/2020,2020,TV-MA,1,Season
s2885,Movie,The Visit,2/26/2020,2015,TV-MA,138,min
s2886,Movie,When Love Happens,2/26/2020,2014,TV-14,109,min
s2887,Movie,Pete Davidson: Alive From New York,2/25/2020,2020,TV-MA,50,min
s2888,Movie,Full Count,2/23/2020,2019,TV-PG,110,min
s2889,TV Show,"Hi Bye, Mama!",2/23/2020,2020,TV-14,1,Season
s2890,Movie,Girl on the Third Floor,2/22/2020,2019,TV-MA,92,min
s2891,TV Show,Unabomber - In His Own Words,2/22/2020,2018,TV-MA,1,Season
s2892,TV Show,Gentefied,2/21/2020,2020,TV-MA,1,Season
s2893,TV Show,Hyena,2/21/2020,2020,TV-MA,1,Season
s2894,TV Show,Passion. Panache. Pep,2/21/2020,2020,TV-G,1,Season
s2895,TV Show,Puerta 7,2/21/2020,2020,TV-MA,1,Season
s2896,Movie,System Crasher,2/21/2020,2020,TV-MA,120,min
s2897,Movie,The Body,2/21/2020,2019,TV-14,101,min
s2898,Movie,The Last Thing He Wanted,2/21/2020,2020,R,116,min
s2899,Movie,Yeh Ballet,2/21/2020,2020,TV-MA,117,min
s2900,Movie,Pretville,2/20/2020,2012,TV-PG,95,min
s2901,TV Show,Spectros,2/20/2020,2020,TV-MA,1,Season
s2902,Movie,Untamed Romania,2/20/2020,2018,TV-PG,93,min
s2903,TV Show,DreamWorks Shrek's Swamp Stories,2/17/2020,2008,TV-PG,1,Season
s2904,Movie,By the Sea,2/16/2020,2015,R,122,min
s2905,Movie,Miss Virginia,2/16/2020,2019,TV-MA,102,min
s2906,Movie,MR. RIGHT,2/16/2020,2015,R,96,min
s2907,TV Show,On the Real,2/16/2020,2017,TV-MA,1,Season
s2908,Movie,Term Life,2/16/2020,2016,R,93,min
s2909,Movie,The Forest,2/16/2020,2016,PG-13,93,min
s2910,Movie,Monster High: Electrified,2/15/2020,2017,TV-Y,72,min
s2911,TV Show,Talking Tom and Friends,2/15/2020,2017,TV-Y,1,Season
s2912,Movie,A Shaun the Sheep Movie: Farmageddon,2/14/2020,2019,G,87,min
s2913,Movie,Cuddle Weather,2/14/2020,2019,TV-MA,95,min
s2914,Movie,Fanatyk,2/14/2020,2017,TV-MA,33,min
s2915,Movie,Isi & Ossi,2/14/2020,2020,TV-MA,113,min
s2916,Movie,Liefling,2/14/2020,2010,TV-PG,118,min
s2917,Movie,Panipat - The Great Betrayal,2/14/2020,2019,TV-14,171,min
s2918,TV Show,Taj Mahal 1989,2/14/2020,2020,TV-MA,1,Season
s2919,Movie,The Ghost and the Tout,2/14/2020,2018,TV-14,100,min
s2920,Movie,Dragon Quest Your Story,2/13/2020,2019,TV-PG,103,min
s2921,TV Show,Love Is Blind,2/13/2020,2021,TV-MA,1,Season
s2922,TV Show,Narcos: Mexico,2/13/2020,2020,TV-MA,2,Seasons
s2923,TV Show,Palazuelos mi rey,2/13/2020,2019,TV-14,1,Season
s2924,TV Show,Sleepless Society: Insomnia,2/13/2020,2019,TV-MA,1,Season
s2925,Movie,French Toast,2/12/2020,2015,TV-PG,86,min
s2926,Movie,To All the Boys: P.S. I Still Love You,2/12/2020,2020,TV-14,102,min
s2927,TV Show,We Bare Bears,2/12/2020,2018,TV-Y,2,Seasons
s2928,Movie,Captain Underpants Epic Choice-o-Rama,2/11/2020,2020,TV-Y7,81,min
s2929,Movie,Good Time,2/11/2020,2017,R,101,min
s2930,Movie,ROAD TO ROMA,2/11/2020,2020,TV-PG,73,min
s2931,Movie,Love for Sale 2,2/10/2020,2019,TV-14,96,min
s2932,TV Show,Better Call Saul,2/9/2020,2018,TV-MA,4,Seasons
s2933,Movie,Fronteras,2/9/2020,2018,TV-MA,106,min
s2934,Movie,Polaroid,2/9/2020,2019,PG-13,88,min
s2935,Movie,The Coldest Game,2/8/2020,2019,TV-MA,103,min
s2936,Movie,Thottappan,2/8/2020,2019,TV-14,139,min
s2937,Movie,Azali,2/7/2020,2018,TV-14,89,min
s2938,TV Show,Dragons: Rescue Riders,2/7/2020,2020,TV-Y,2,Seasons
s2939,TV Show,Fifty: The Series,2/7/2020,2018,TV-14,2,Seasons
s2940,Movie,Horse Girl,2/7/2020,2020,R,104,min
s2941,Movie,Jada,2/7/2020,2019,TV-14,124,min
s2942,TV Show,Locke & Key,2/7/2020,2020,TV-14,1,Season
s2943,TV Show,My Holo Love,2/7/2020,2020,TV-14,1,Season
s2944,Movie,The Ballad of Lefty Brown,2/7/2020,2017,R,112,min
s2945,TV Show,Who Killed Malcolm X?,2/7/2020,2020,TV-MA,1,Season
s2946,TV Show,Cagaster of an Insect Cage,2/6/2020,2020,TV-MA,1,Season
s2947,Movie,Gardeners of Eden,2/6/2020,2014,TV-14,70,min
s2948,TV Show,Arrow,2/5/2020,2019,TV-14,8,Seasons
s2949,TV Show,The Pharmacist,2/5/2020,2020,TV-MA,1,Season
s2950,Movie,Uppity: The Willy T. Ribbs Story,2/5/2020,2020,TV-MA,106,min
s2951,Movie,Dragonheart: Vengeance,2/4/2020,2020,PG-13,97,min
s2952,Movie,"Faith, Hope & Love",2/4/2020,2019,PG,106,min
s2953,Movie,Tom Papa: You're Doing Great!,2/4/2020,2020,TV-14,60,min
s2954,TV Show,Team Kaylie,2/3/2020,2020,TV-PG,3,Seasons
s2955,Movie,Thambi,2/3/2020,2019,TV-14,148,min
s2956,Movie,The Silent War,2/3/2020,2020,TV-MA,122,min
s2957,Movie,Chronically Metropolitan,2/1/2020,2016,TV-MA,86,min
s2958,Movie,Hum Aapke Hain Koun,2/1/2020,1994,TV-14,193,min
s2959,TV Show,Is It Wrong to Try to Pick Up Girls in a Dungeon?,2/1/2020,2015,TV-MA,1,Season
s2960,TV Show,Itaewon Class,2/1/2020,2020,TV-MA,1,Season
s2961,Movie,Justice,2/1/2020,2017,R,92,min
s2962,Movie,Love Jacked,2/1/2020,2018,PG-13,94,min
s2963,TV Show,Miraculous: Tales of Ladybug & Cat Noir,2/1/2020,2019,TV-Y7,5,Seasons
s2964,Movie,Misfit 2,2/1/2020,2019,TV-G,82,min
s2965,Movie,Night on Earth: Shot in the Dark,2/1/2020,2020,TV-PG,59,min
s2966,TV Show,No Game No Life,2/1/2020,2014,TV-MA,1,Season
s2967,TV Show,Pop Team Epic,2/1/2020,2018,TV-14,1,Season
s2968,TV Show,Shopkins,2/1/2020,2014,TV-Y,1,Season
s2969,Movie,The Car: Road to Revenge,2/1/2020,2019,TV-MA,89,min
s2970,Movie,Together For Eternity,2/1/2020,1999,TV-G,176,min
s2971,Movie,37 Seconds,1/31/2020,2020,TV-MA,116,min
s2972,TV Show,Diablero,1/31/2020,2020,TV-MA,2,Seasons
s2973,Movie,Gang of the Caribbean,1/31/2020,2016,TV-MA,86,min
s2974,Movie,Hakkunde,1/31/2020,2017,TV-14,93,min
s2975,TV Show,Luna Nera,1/31/2020,2020,TV-MA,1,Season
s2976,Movie,Miss Americana,1/31/2020,2020,TV-MA,85,min
s2977,TV Show,Unauthorized Living,1/31/2020,2020,TV-MA,2,Seasons
s2978,TV Show,Ainori Love Wagon: African Journey,1/30/2020,2019,TV-14,1,Season
s2979,Movie,Kevin Hart: I'm a Grown Little Man,1/30/2020,2009,TV-MA,62,min
s2980,TV Show,THE STRANGER,1/30/2020,2020,TV-MA,1,Season
s2981,TV Show,What the Love! with Karan Johar,1/30/2020,2020,TV-14,1,Season
s2982,Movie,Close Enemies,1/29/2020,2018,TV-MA,112,min
s2983,TV Show,Find Yourself,1/29/2020,2020,TV-14,1,Season
s2984,TV Show,Night on Earth,1/29/2020,2020,TV-PG,1,Season
s2985,TV Show,Omniscient,1/29/2020,2020,TV-MA,1,Season
s2986,Movie,Shimla Mirchi,1/27/2020,2020,TV-14,121,min
s2987,Movie,Sillu Karuppatti,1/26/2020,2019,TV-14,133,min
s2988,Movie,Vir Das: For India,1/26/2020,2020,TV-MA,76,min
s2989,Movie,Menashe,1/25/2020,2017,PG,82,min
s2990,Movie,A Sun,1/24/2020,2019,TV-MA,156,min
s2991,Movie,Die Ontwaking,1/24/2020,2015,TV-MA,90,min
s2992,TV Show,Rise of Empires: Ottoman,1/24/2020,2020,TV-MA,1,Season
s2993,TV Show,Sons of the Caliphate,1/24/2020,2017,TV-14,2,Seasons
s2994,TV Show,The goop lab with Gwyneth Paltrow,1/24/2020,2020,TV-MA,1,Season
s2995,TV Show,The Ranch,1/24/2020,2020,TV-MA,8,Seasons
s2996,Movie,Airplane Mode,1/23/2020,2020,TV-PG,97,min
s2997,Movie,Alex Fernández: The Best Comedian in the World,1/23/2020,2020,TV-MA,51,min
s2998,TV Show,October Faction,1/23/2020,2020,TV-MA,1,Season
s2999,TV Show,?SAINT SEIYA: Knights of the Zodiac,1/23/2020,2020,TV-14,2,Seasons
s3000,TV Show,The Ghost Bride,1/23/2020,2020,TV-14,1,Season
s3001,TV Show,Pandemic: How to Prevent an Outbreak,1/22/2020,2020,TV-14,1,Season
s3002,TV Show,Playing with Fire,1/22/2020,2019,TV-MA,1,Season
s3003,Movie,Whisky,1/22/2020,2004,TV-MA,98,min
s3004,Movie,Fortune Feimster: Sweet & Salty,1/21/2020,2020,TV-MA,61,min
s3005,Movie,KD (A) Karuppudurai,1/21/2020,2019,TV-14,116,min
s3006,TV Show,DreamWorks How to Train Your Dragon Legends,1/20/2020,2011,TV-PG,1,Season
s3007,Movie,Motichoor Chaknachoor,1/20/2020,2019,TV-14,132,min
s3008,Movie,WHAT DID JACK DO?,1/20/2020,2020,TV-14,17,min
s3009,Movie,The Bling Ring,1/18/2020,2013,R,91,min
s3010,Movie,A Fall from Grace,1/17/2020,2020,TV-MA,121,min
s3011,TV Show,Ares,1/17/2020,2020,TV-MA,1,Season
s3012,TV Show,Hip-Hop Evolution,1/17/2020,2020,TV-MA,4,Seasons
s3013,TV Show,Nailed It! Germany,1/17/2020,2020,TV-14,1,Season
s3014,TV Show,Tiny House Nation,1/17/2020,2019,TV-PG,2,Seasons
s3015,Movie,Deadcon,1/16/2020,2019,TV-14,78,min
s3016,TV Show,Handsome Siblings,1/16/2020,2020,TV-14,1,Season
s3017,Movie,Hop,1/16/2020,2011,PG,95,min
s3018,Movie,Jezebel,1/16/2020,2019,TV-MA,86,min
s3019,Movie,Legend,1/16/2020,2015,R,132,min
s3020,Movie,NiNoKuni,1/16/2020,2019,TV-14,107,min
s3021,TV Show,Soul Eater,1/16/2020,2008,TV-14,1,Season
s3022,Movie,Steve Jobs,1/16/2020,2015,R,122,min
s3023,Movie,Bulbul Can Sing,1/15/2020,2018,TV-14,95,min
s3024,Movie,Eye For An Eye,1/15/2020,2019,TV-MA,108,min
s3025,TV Show,Killer Inside: The Mind of Aaron Hernandez,1/15/2020,2020,TV-MA,1,Season
s3026,Movie,MindGamers,1/15/2020,2017,R,99,min
s3027,Movie,The Brave,1/15/2020,2019,TV-MA,103,min
s3028,Movie,Leslie Jones: Time Machine,1/14/2020,2020,TV-MA,66,min
s3029,TV Show,The Ollie & Moon Show,1/14/2020,2018,TV-Y,1,Season
s3030,Movie,Women of Mafia 2,1/14/2020,2019,TV-MA,132,min
s3031,TV Show,The Healing Powers of Dude,1/13/2020,2020,TV-G,1,Season
s3032,Movie,Betty White: First Lady of Television,1/12/2020,2018,TV-14,56,min
s3033,Movie,Made in China,1/12/2020,2019,TV-MA,128,min
s3034,TV Show,AJ and the Queen,1/10/2020,2020,TV-14,1,Season
s3035,TV Show,Giri / Haji,1/10/2020,2019,TV-MA,1,Season
s3036,TV Show,Harvey Street Kids,1/10/2020,2020,TV-Y7,4,Seasons
s3037,TV Show,Jamtara - Sabka Number Ayega,1/10/2020,2020,TV-MA,1,Season
s3038,TV Show,Medical Police,1/10/2020,2020,TV-MA,1,Season
s3039,Movie,Monsters: Dark Continent,1/10/2020,2014,R,119,min
s3040,TV Show,The InBESTigators,1/10/2020,2020,TV-Y,2,Seasons
s3041,TV Show,Until Dawn,1/10/2020,2020,TV-MA,1,Season
s3042,Movie,Bulletproof 2,1/9/2020,2020,TV-MA,97,min
s3043,TV Show,Cheer,1/8/2020,2020,TV-MA,1,Season
s3044,Movie,A Ghost Story,1/7/2020,2017,R,92,min
s3045,Movie,"Live Twice, Love Once",1/7/2020,2020,TV-MA,102,min
s3046,TV Show,Dracula,1/4/2020,2020,TV-14,1,Season
s3047,Movie,All the Freckles in the World,1/3/2020,2020,TV-14,90,min
s3048,TV Show,Anne with an E,1/3/2020,2019,TV-PG,3,Seasons
s3049,Movie,Half Girlfriend,1/2/2020,2017,TV-14,129,min
s3050,TV Show,"Sex, Explained",1/2/2020,2020,TV-MA,1,Season
s3051,TV Show,Thieves of the Wood,1/2/2020,2019,TV-MA,1,Season
s3052,Movie,Aruna & Her Palate,1/1/2020,2018,TV-14,106,min
s3053,TV Show,Because This Is My First Life,1/1/2020,2017,TV-14,1,Season
s3054,TV Show,Border Security: America's Front Line,1/1/2020,2018,TV-14,1,Season
s3055,Movie,Breaking the Bank,1/1/2020,2014,TV-PG,105,min
s3056,TV Show,Cells at Work!,1/1/2020,2018,TV-PG,1,Season
s3057,TV Show,Chhota Bheem Kung Fu Dhamaka Series,1/1/2020,2019,TV-Y7,1,Season
s3058,Movie,Garfield Gets Real,1/1/2020,2007,TV-Y,78,min
s3059,Movie,Garfield's Fun Fest,1/1/2020,2008,TV-Y7,79,min
s3060,Movie,Garfield's Pet Force,1/1/2020,2009,G,78,min
s3061,Movie,Ghost Stories,1/1/2020,2020,TV-MA,145,min
s3062,Movie,Jeff Dunham: Unhinged in Hollywood,1/1/2020,2015,TV-MA,71,min
s3063,Movie,Jimmy Neutron: Boy Genius,1/1/2020,2001,G,83,min
s3064,TV Show,Live Up To Your Name,1/1/2020,2017,TV-MA,1,Season
s3065,Movie,Luccas Neto in: Children's Day,1/1/2020,2019,TV-G,81,min
s3066,TV Show,Messiah,1/1/2020,2020,TV-MA,1,Season
s3067,TV Show,Mia and Me,1/1/2020,2017,TV-Y7,2,Seasons
s3068,TV Show,"Nisman: The Prosecutor, the President, and the Spy",1/1/2020,2020,TV-MA,1,Season
s3069,Movie,Pan's Labyrinth,1/1/2020,2006,R,119,min
s3070,Movie,Pokémon the Movie: Power of Us,1/1/2020,2018,TV-Y7,98,min
s3071,Movie,Posesif,1/1/2020,2017,TV-MA,102,min
s3072,TV Show,Reply 1988,1/1/2020,2015,TV-14,1,Season
s3073,Movie,Riot,1/1/2020,2015,TV-MA,88,min
s3074,Movie,Road Trip: Beer Pong,1/1/2020,2009,R,97,min
s3075,TV Show,Save Me,1/1/2020,2017,TV-MA,1,Season
s3076,TV Show,Spinning Out,1/1/2020,2020,TV-MA,1,Season
s3077,TV Show,The Bride of Habaek,1/1/2020,2017,TV-14,1,Season
s3078,Movie,Aaviri,12/31/2019,2019,TV-14,110,min
s3079,Movie,Albert Pinto Ko Gussa Kyun Aata Hai?,12/31/2019,2019,TV-MA,85,min
s3080,TV Show,ARASHI's Diary -Voyage-,12/31/2019,2019,TV-PG,1,Season
s3081,Movie,Benchwarmers 2: Breaking Balls,12/31/2019,2019,PG-13,90,min
s3082,Movie,How High 2,12/31/2019,2019,TV-MA,89,min
s3083,TV Show,Occupied,12/31/2019,2019,TV-MA,3,Seasons
s3084,TV Show,Pucca: Love Recipe,12/31/2019,2018,TV-Y7,1,Season
s3085,TV Show,Rainbow Ruby,12/31/2019,2016,TV-Y,1,Season
s3086,TV Show,Robot Trains,12/31/2019,2018,TV-Y7,2,Seasons
s3087,TV Show,The Degenerates,12/31/2019,2019,TV-MA,2,Seasons
s3088,TV Show,Yanxi Palace: Princess Adventures,12/31/2019,2019,TV-14,1,Season
s3089,TV Show,The Disastrous Life of Saiki K.: Reawakened,12/30/2019,2019,TV-14,1,Season
s3090,Movie,Hot Gimmick: Girl Meets Boy,12/28/2019,2019,TV-MA,120,min
s3091,Movie,Blitz Patrollie,12/27/2019,2013,TV-MA,102,min
s3092,Movie,"El Pepe, a Supreme Life",12/27/2019,2018,TV-14,73,min
s3093,TV Show,Kevin Hart: Don’t F**k This Up,12/27/2019,2019,TV-MA,1,Season
s3094,Movie,The Vendor,12/27/2019,2018,TV-MA,103,min
s3095,Movie,The App,12/26/2019,2019,TV-MA,79,min
s3096,TV Show,The Bonfire of Destiny,12/26/2019,2019,TV-MA,1,Season
s3097,TV Show,You,12/26/2019,2019,TV-MA,2,Seasons
s3098,Movie,Doom: Annihilation,12/25/2019,2019,R,97,min
s3099,Movie,Fireworks,12/25/2019,2017,TV-PG,91,min
s3100,Movie,Grand-Daddy Day Care,12/25/2019,2019,PG-13,96,min
s3101,Movie,Jarhead: Law of Return,12/25/2019,2019,R,103,min
s3102,Movie,MFKZ,12/25/2019,2017,R,95,min
s3103,Movie,Sweetheart,12/25/2019,2019,PG-13,83,min
s3104,TV Show,CAROLE & TUESDAY,12/24/2019,2019,TV-MA,2,Seasons
s3105,Movie,Como caído del cielo,12/24/2019,2019,TV-14,117,min
s3106,Movie,John Mulaney & The Sack Lunch Bunch,12/24/2019,2019,TV-PG,70,min
s3107,TV Show,Lost in Space,12/24/2019,2019,TV-PG,2,Seasons
s3108,Movie,Jacob's Ladder,12/22/2019,2019,R,90,min
s3109,TV Show,Private Practice,12/22/2019,2012,TV-14,6,Seasons
s3110,Movie,Back of the Net,12/21/2019,2019,TV-Y,86,min
s3111,Movie,Lost in London,12/21/2019,2017,TV-PG,86,min
s3112,TV Show,Agent,12/20/2019,2019,TV-MA,1,Season
s3113,Movie,Being Mrs Elliot,12/20/2019,2014,TV-14,113,min
s3114,Movie,Falz Experience,12/20/2019,2018,TV-MA,82,min
s3115,Movie,Iyore,12/20/2019,2015,TV-PG,141,min
s3116,Movie,The First Lady,12/20/2019,2015,TV-MA,107,min
s3117,Movie,The Two Popes,12/20/2019,2019,PG-13,126,min
s3118,TV Show,The Witcher,12/20/2019,2019,TV-MA,1,Season
s3119,Movie,After the Raid,12/19/2019,2019,TV-PG,25,min
s3120,TV Show,Twice Upon A Time,12/19/2019,2019,TV-MA,1,Season
s3121,TV Show,Ultraviolet,12/19/2019,2019,TV-MA,2,Seasons
s3122,TV Show,Don't F**k with Cats: Hunting an Internet Killer,12/18/2019,2019,TV-MA,1,Season
s3123,TV Show,Soundtrack,12/18/2019,2019,TV-MA,1,Season
s3124,Movie,Ronny Chieng: Asian Comedian Destroys America!,12/17/2019,2019,TV-MA,63,min
s3125,Movie,"Sincerely Yours, Dhaka",12/16/2019,2018,TV-MA,136,min
s3126,Movie,The Danish Girl,12/16/2019,2015,R,120,min
s3127,Movie,Bangistan,12/15/2019,2015,TV-14,134,min
s3128,TV Show,Cinderella and the Four Knights,12/15/2019,2016,TV-PG,1,Season
s3129,TV Show,Cocomong,12/15/2019,2015,TV-Y,2,Seasons
s3130,TV Show,Crash Landing on You,12/15/2019,2019,TV-14,1,Season
s3131,TV Show,"Crazy, Lovely, Cool",12/15/2019,2018,TV-MA,1,Season
s3132,Movie,Dil Chahta Hai,12/15/2019,2001,TV-14,185,min
s3133,Movie,Dil Dhadakne Do,12/15/2019,2015,TV-MA,174,min
s3134,Movie,Don,12/15/2019,2006,TV-14,169,min
s3135,Movie,Don 2,12/15/2019,2011,TV-14,148,min
s3136,Movie,Fukrey,12/15/2019,2013,TV-14,135,min
s3137,Movie,Game,12/15/2019,2011,TV-14,135,min
s3138,TV Show,Girls und Panzer,12/15/2019,2012,TV-PG,1,Season
s3139,Movie,Holy Expectations,12/15/2019,2019,TV-14,89,min
s3140,Movie,Honeymoon Travels Pvt. Ltd.,12/15/2019,2007,TV-14,119,min
s3141,Movie,Isoken,12/15/2019,2017,TV-14,98,min
s3142,Movie,Karthik Calling Karthik,12/15/2019,2010,TV-14,135,min
s3143,Movie,Lakshya,12/15/2019,2004,TV-PG,185,min
s3144,Movie,Luck by Chance,12/15/2019,2009,TV-14,156,min
s3145,Movie,Potato Potahto,12/15/2019,2017,TV-MA,104,min
s3146,Movie,Rock On!!,12/15/2019,2008,TV-14,139,min
s3147,TV Show,Scooby-Doo!: Mystery Incorporated,12/15/2019,2012,TV-Y7,2,Seasons
s3148,Movie,Talaash,12/15/2019,2012,TV-14,140,min
s3149,TV Show,What's New Scooby-Doo?,12/15/2019,2005,TV-Y7,3,Seasons
s3150,Movie,Zindagi Na Milegi Dobara,12/15/2019,2011,TV-14,154,min
s3151,Movie,6 Underground,12/13/2019,2019,R,129,min
s3152,Movie,A Trip to Jamaica,12/13/2019,2016,TV-MA,99,min
s3153,Movie,My Wife and I,12/13/2019,2017,TV-MA,100,min
s3154,Movie,Okafor's Law,12/13/2019,2016,TV-14,110,min
s3155,Movie,Seven and a half dates,12/13/2019,2018,TV-14,107,min
s3156,Movie,The 9th Precinct,12/13/2019,2019,TV-MA,95,min
s3157,Movie,Zero Hour,12/13/2019,2018,TV-MA,89,min
s3158,Movie,Jack Whitehall: Christmas with My Father,12/12/2019,2019,TV-MA,65,min
s3159,Movie,The Sky Is Pink,12/11/2019,2019,TV-MA,143,min
s3160,Movie,Good and Prosperous,12/10/2019,2017,TV-14,101,min
s3161,Movie,Michelle Wolf: Joke Show,12/10/2019,2019,TV-MA,60,min
s3162,Movie,A Family Reunion Christmas,12/9/2019,2019,TV-PG,29,min
s3163,Movie,It Comes at Night,12/9/2019,2017,R,92,min
s3164,Movie,Saaho,12/8/2019,2019,TV-14,172,min
s3165,Movie,Nothing to Lose 2,12/7/2019,2019,PG-13,97,min
s3166,TV Show,Astronomy Club: The Sketch Show,12/6/2019,2019,TV-MA,1,Season
s3167,Movie,Banana Island Ghost,12/6/2019,2017,TV-14,108,min
s3168,Movie,Celebrity Marriage,12/6/2019,2017,TV-14,107,min
s3169,TV Show,Fuller House,12/6/2019,2020,TV-PG,5,Seasons
s3170,Movie,Marriage Story,12/6/2019,2019,R,137,min
s3171,Movie,No Game No Life: Zero,12/6/2019,2017,TV-MA,106,min
s3172,Movie,Slow Country,12/6/2019,2017,TV-MA,115,min
s3173,Movie,Spirit Riding Free: Spirit of Christmas,12/6/2019,2019,TV-Y7,46,min
s3174,TV Show,Teasing Master Takagi-san,12/6/2019,2019,TV-PG,1,Season
s3175,TV Show,The Chosen One,12/6/2019,2019,TV-MA,2,Seasons
s3176,TV Show,The Confession Killer,12/6/2019,2019,TV-14,1,Season
s3177,TV Show,Three Days of Christmas,12/6/2019,2019,TV-MA,1,Season
s3178,TV Show,Triad Princess,12/6/2019,2019,TV-MA,1,Season
s3179,Movie,Wives on Strike,12/6/2019,2016,TV-14,92,min
s3180,Movie,Wives on Strike: The Revolution,12/6/2019,2017,TV-PG,93,min
s3181,Movie,A Christmas Prince: The Royal Baby,12/5/2019,2019,TV-PG,85,min
s3182,Movie,The Irishman: In Conversation,12/5/2019,2019,TV-MA,24,min
s3183,TV Show,V Wars,12/5/2019,2019,TV-MA,1,Season
s3184,TV Show,The Last O.G.,12/4/2019,2019,TV-MA,2,Seasons
s3185,TV Show,The Prince of Tennis ~ Match! Tennis Juniors ~,12/4/2019,2019,TV-PG,1,Season
s3186,TV Show,The Road to Love,12/4/2019,2019,TV-14,1,Season
s3187,Movie,Tiffany Haddish: Black Mitzvah,12/3/2019,2019,TV-MA,56,min
s3188,TV Show,Nightflyers,12/2/2019,2018,TV-MA,1,Season
s3189,Movie,A Cinderella Story: Christmas Wish,12/1/2019,2019,PG,86,min
s3190,Movie,Baby Dolls,12/1/2019,2019,TV-PG,127,min
s3191,Movie,Cut Bank,12/1/2019,2014,R,93,min
s3192,Movie,Dead Kids,12/1/2019,2019,TV-MA,94,min
s3193,TV Show,Eastsiders,12/1/2019,2018,TV-MA,4,Seasons
s3194,Movie,High End Yaariyan,12/1/2019,2019,TV-14,120,min
s3195,Movie,Iron Fists and Kung-Fu Kicks,12/1/2019,2019,TV-MA,108,min
s3196,Movie,Jindua,12/1/2019,2017,TV-14,135,min
s3197,Movie,Lakeeran,12/1/2019,2016,TV-PG,111,min
s3198,Movie,Mahi NRI,12/1/2019,2017,TV-14,134,min
s3199,Movie,Qismat,12/1/2019,2018,TV-PG,137,min
s3200,TV Show,Space Jungle,12/1/2019,2016,TV-Y,2,Seasons
s3201,Movie,Tee Shot: Ariya Jutanugarn,12/1/2019,2019,TV-14,103,min
s3202,Movie,Thug Life,12/1/2019,2017,TV-14,133,min
s3203,Movie,Wandering Stars,12/1/2019,2019,TV-MA,95,min
s3204,Movie,Why Me?,12/1/2019,2015,TV-MA,126,min
s3205,TV Show,Chocolate,11/30/2019,2019,TV-14,1,Season
s3206,Movie,Guatemala: Heart of the Mayan World,11/30/2019,2019,TV-G,67,min
s3207,Movie,The Zoya Factor,11/30/2019,2019,TV-14,135,min
s3208,Movie,Atlantics,11/29/2019,2019,TV-14,106,min
s3209,TV Show,Chip and Potato,11/29/2019,2019,TV-Y,2,Seasons
s3210,Movie,Crazy people,11/29/2019,2018,TV-MA,107,min
s3211,Movie,I Lost My Body,11/29/2019,2019,TV-MA,81,min
s3212,Movie,Kalushi: The Story of Solomon Mahlangu,11/29/2019,2016,TV-MA,107,min
s3213,TV Show,La Reina del Sur,11/29/2019,2019,TV-MA,2,Seasons
s3214,Movie,Lagos Real Fake Life,11/29/2019,2018,TV-MA,118,min
s3215,Movie,Payday,11/29/2019,2018,TV-MA,110,min
s3216,Movie,The Accidental Spy,11/29/2019,2017,TV-MA,104,min
s3217,TV Show,The Charming Stepmom,11/29/2019,2019,TV-14,1,Season
s3218,Movie,The Island,11/29/2019,2018,TV-14,93,min
s3219,Movie,Holiday Rush,11/28/2019,2019,TV-PG,94,min
s3220,TV Show,Levius,11/28/2019,2019,TV-14,1,Season
s3221,TV Show,Lugar de Mulher,11/28/2019,2019,TV-MA,1,Season
s3222,TV Show,Merry Happy Whatever,11/28/2019,2019,TV-PG,1,Season
s3223,TV Show,Mythomaniac,11/28/2019,2019,TV-MA,1,Season
s3224,Movie,Defiance,11/27/2019,2008,R,137,min
s3225,Movie,Evvarikee Cheppoddu,11/27/2019,2019,TV-14,134,min
s3226,Movie,Little Singham: Mahabali,11/27/2019,2019,TV-Y7,69,min
s3227,Movie,The Body Remembers When the World Broke Open,11/27/2019,2019,TV-MA,106,min
s3228,Movie,The Irishman,11/27/2019,2019,R,209,min
s3229,Movie,Mike Birbiglia: The New One,11/26/2019,2019,TV-MA,86,min
s3230,Movie,Super Monsters Save Christmas,11/26/2019,2019,TV-Y,24,min
s3231,TV Show,The Crime,11/26/2019,2015,TV-MA,2,Seasons
s3232,Movie,True: Winter Wishes,11/26/2019,2019,TV-Y,46,min
s3233,TV Show,Zona Rosa,11/26/2019,2019,TV-MA,1,Season
s3234,Movie,Pranaam,11/25/2019,2019,TV-14,117,min
s3235,Movie,What the F* Is Going On?,11/25/2019,2019,TV-MA,87,min
s3236,Movie,Shot Caller,11/24/2019,2017,R,121,min
s3237,TV Show,Once Upon A Time In Lingjian Mountain,11/23/2019,2019,TV-14,1,Season
s3238,Movie,Brother,11/22/2019,2019,TV-MA,97,min
s3239,TV Show,Dolly Parton's Heartstrings,11/22/2019,2019,TV-14,1,Season
s3240,Movie,Girls und Panzer der Film,11/22/2019,2015,TV-MA,121,min
s3241,Movie,Mike Birbiglia: What I Should Have Said Was Nothing: Tales from My Secret Public Journal,11/22/2019,2008,TV-MA,56,min
s3242,TV Show,Nailed It! Holiday!,11/22/2019,2019,TV-PG,2,Seasons
s3243,TV Show,Narcoworld: Dope Stories,11/22/2019,2019,TV-MA,1,Season
s3244,TV Show,Nobody's Looking,11/22/2019,2019,TV-MA,1,Season
s3245,Movie,Shelby American,11/22/2019,2019,TV-MA,119,min
s3246,TV Show,Singapore Social,11/22/2019,2019,TV-MA,1,Season
s3247,TV Show,The Dragon Prince,11/22/2019,2019,TV-Y7,3,Seasons
s3248,TV Show,Trolls: The Beat Goes On!,11/22/2019,2019,TV-Y7,8,Seasons
s3249,Movie,The Knight Before Christmas,11/21/2019,2019,TV-14,93,min
s3250,TV Show,Bangkok Buddies,11/20/2019,2019,TV-MA,1,Season
s3251,Movie,"Bikram: Yogi, Guru, Predator",11/20/2019,2019,TV-MA,86,min
s3252,Movie,Dorasaani,11/20/2019,2019,TV-14,134,min
s3253,TV Show,Holiday Secrets,11/20/2019,2019,TV-MA,1,Season
s3254,Movie,"Lorena, Light-Footed Woman",11/20/2019,2019,TV-G,28,min
s3255,Movie,Mallesham,11/20/2019,2019,TV-14,131,min
s3256,TV Show,Who Killed Little Gregory?,11/20/2019,2019,TV-MA,1,Season
s3257,Movie,Iliza Shlesinger: Unveiled,11/19/2019,2019,TV-MA,78,min
s3258,TV Show,Miss Culinary,11/19/2019,2019,TV-14,1,Season
s3259,TV Show,Candy Online,11/17/2019,2019,TV-MA,1,Season
s3260,Movie,Iron Sky: The Coming Race,11/16/2019,2019,TV-MA,93,min
s3261,Movie,Jeff Dunham: All Over the Map,11/16/2019,2014,TV-MA,84,min
s3262,Movie,Suffragette,11/16/2019,2015,PG-13,107,min
s3263,Movie,The Green Inferno,11/16/2019,2013,R,101,min
s3264,TV Show,At the Dolphin Bay,11/15/2019,2003,TV-14,1,Season
s3265,Movie,Earthquake Bird,11/15/2019,2019,R,107,min
s3266,Movie,El sendero de la anaconda,11/15/2019,2019,TV-14,74,min
s3267,Movie,GO! The Unforgettable Party,11/15/2019,2019,TV-PG,60,min
s3268,Movie,Guna 369,11/15/2019,2019,TV-MA,143,min
s3269,Movie,House Arrest,11/15/2019,2019,TV-14,105,min
s3270,TV Show,I'm with the Band: Nasty Cherry,11/15/2019,2019,TV-MA,1,Season
s3271,TV Show,Inheritors,11/15/2019,2013,TV-14,1,Season
s3272,TV Show,K-On!,11/15/2019,2010,TV-PG,2,Seasons
s3273,Movie,K-on! the movie,11/15/2019,2011,TV-PG,110,min
s3274,Movie,Klaus,11/15/2019,2019,PG,98,min
s3275,TV Show,La Robe De Mariee Des Cieux,11/15/2019,2004,TV-MA,1,Season
s3276,TV Show,Llama Llama,11/15/2019,2019,TV-Y,2,Seasons
s3277,TV Show,My MVP Valentine,11/15/2019,2002,TV-PG,1,Season
s3278,TV Show,My Sassy Girl,11/15/2019,2017,TV-14,1,Season
s3279,Movie,SunGanges,11/15/2019,2018,TV-14,74,min
s3280,TV Show,The Club,11/15/2019,2019,TV-MA,1,Season
s3281,Movie,The Garden of Words,11/15/2019,2013,TV-14,46,min
s3282,TV Show,The Stranded,11/15/2019,2019,TV-MA,1,Season
s3283,TV Show,The Toys That Made Us,11/15/2019,2019,TV-14,3,Seasons
s3284,TV Show,The Yard,11/15/2019,2019,TV-MA,2,Seasons
s3285,TV Show,Westside Story,11/15/2019,2003,TV-14,1,Season
s3286,Movie,Fadily Camara : La plus drôle de tes copines,11/14/2019,2019,TV-MA,54,min
s3287,TV Show,My Dear Warrior,11/14/2019,2019,TV-14,1,Season
s3288,TV Show,Maradona in Mexico,11/13/2019,2020,TV-MA,1,Season
s3289,TV Show,Chief of Staff,11/12/2019,2019,TV-14,2,Seasons
s3290,Movie,Jeff Garlin: Our Man In Chicago,11/12/2019,2019,TV-MA,59,min
s3291,Movie,A Single Man,11/11/2019,2009,R,100,min
s3292,TV Show,Put Your Head on My Shoulder,11/11/2019,2019,TV-14,1,Season
s3293,Movie,To Be of Service,11/11/2019,2019,TV-MA,88,min
s3294,TV Show,Little Things,11/9/2019,2019,TV-MA,3,Seasons
s3295,TV Show,Greatest Events of WWII in Colour,11/8/2019,2019,TV-14,1,Season
s3296,TV Show,Green Eggs and Ham,11/8/2019,2019,TV-Y7,1,Season
s3297,Movie,Let It Snow,11/8/2019,2019,PG-13,93,min
s3298,Movie,Paradise Beach,11/8/2019,2019,TV-MA,94,min
s3299,TV Show,Wild District,11/8/2019,2019,TV-MA,2,Seasons
s3300,Movie,U Turn,11/7/2019,2016,TV-14,121,min
s3301,Movie,Burning Cane,11/6/2019,2019,TV-MA,78,min
s3302,TV Show,SCAMS,11/6/2019,2019,TV-14,1,Season
s3303,Movie,Shadow,11/6/2019,2018,TV-14,116,min
s3304,Movie,Luccas Neto in: Summer Camp,11/5/2019,2019,TV-G,87,min
s3305,TV Show,Sam & Cat,11/5/2019,2014,TV-PG,2,Seasons
s3306,Movie,Seth Meyers: Lobby Baby,11/5/2019,2019,TV-MA,61,min
s3307,TV Show,The End of the F***ing World,11/5/2019,2019,TV-MA,2,Seasons
s3308,Movie,The Lovers,11/5/2019,2017,R,98,min
s3309,Movie,Tune in for Love,11/5/2019,2019,TV-MA,123,min
s3310,Movie,Undercover Brother 2,11/5/2019,2019,R,85,min
s3311,TV Show,Meet the Adebanjos,11/4/2019,2016,TV-PG,3,Seasons
s3312,Movie,Minimalism: A Documentary About the Important Things,11/4/2019,2016,TV-14,78,min
s3313,Movie,Oththa Seruppu Size 7,11/4/2019,2019,TV-MA,103,min
s3314,TV Show,The Devil Next Door,11/4/2019,2019,TV-MA,1,Season
s3315,Movie,100 Things to do Before High School,11/2/2019,2014,TV-Y,44,min
s3316,Movie,A Fairly Odd Summer,11/2/2019,2014,TV-Y7,68,min
s3317,TV Show,Bella and the Bulldogs,11/2/2019,2015,TV-G,1,Season
s3318,Movie,Big Time Movie,11/2/2019,2012,TV-PG,68,min
s3319,Movie,Escape from Mr. Lemoncello’s Library,11/2/2019,2017,TV-Y,69,min
s3320,Movie,Hey Arnold! The Jungle Movie,11/2/2019,2017,TV-PG,81,min
s3321,Movie,Jinxed,11/2/2019,2013,TV-Y,69,min
s3322,Movie,LEGENDS OF THE HIDDEN TEMPLE,11/2/2019,2016,TV-PG,68,min
s3323,Movie,"Liar, Liar, Vampire",11/2/2019,2015,TV-PG,68,min
s3324,Movie,The Boy Who Cried Werewolf,11/2/2019,2010,TV-Y,86,min
s3325,Movie,The Massively Mixed-Up Middle School Mystery,11/2/2019,2015,TV-Y,40,min
s3326,TV Show,Victorious,11/2/2019,2013,TV-G,3,Seasons
s3327,Movie,A Remarkable Tale,11/1/2019,2019,TV-MA,94,min
s3328,TV Show,A Year In Space,11/1/2019,2015,TV-PG,1,Season
s3329,TV Show,Ad Vitam,11/1/2019,2018,TV-MA,1,Season
s3330,Movie,American Son,11/1/2019,2019,TV-MA,90,min
s3331,TV Show,Billy on the Street,11/1/2019,2016,TV-14,4,Seasons
s3332,Movie,Christmas in the Heartland,11/1/2019,2017,TV-PG,112,min
s3333,Movie,Christmas Survival,11/1/2019,2018,TV-MA,101,min
s3334,TV Show,CLANNAD,11/1/2019,2008,TV-PG,2,Seasons
s3335,Movie,Drive,11/1/2019,2019,TV-14,119,min
s3336,Movie,Fire in Paradise,11/1/2019,2019,TV-MA,40,min
s3337,TV Show,Haikyu!!,11/1/2019,2015,TV-14,2,Seasons
s3338,Movie,Holiday in the Wild,11/1/2019,2019,TV-PG,86,min
s3339,Movie,Holly Star,11/1/2019,2018,PG,92,min
s3340,TV Show,"Love, Chunibyo & Other Delusions!",11/1/2019,2014,TV-PG,2,Seasons
s3341,TV Show,Maid-Sama!,11/1/2019,2010,TV-14,1,Season
s3342,TV Show,Mobile Suit Gundam: Iron-Blooded Orphans,11/1/2019,2016,TV-14,2,Seasons
s3343,TV Show,Queer Eye: We're in Japan!,11/1/2019,2019,TV-14,1,Season
s3344,Movie,Santa Girl,11/1/2019,2019,TV-PG,91,min
s3345,TV Show,The Boulet Brothers Dragula,11/1/2019,2019,TV-MA,2,Seasons
s3346,TV Show,The Deep,11/1/2019,2019,TV-Y7,3,Seasons
s3347,Movie,The House of Flowers Presents: The Funeral,11/1/2019,2019,TV-MA,36,min
s3348,Movie,The King,11/1/2019,2019,R,141,min
s3349,Movie,The Man Without Gravity,11/1/2019,2019,TV-MA,107,min
s3350,Movie,The Old Thieves: The Legend of Artegios,11/1/2019,2007,TV-MA,97,min
s3351,Movie,True: Grabbleapple Harvest,11/1/2019,2019,TV-Y,24,min
s3352,TV Show,Vientos de agua,11/1/2019,2006,TV-MA,1,Season
s3353,TV Show,We Are the Wave,11/1/2019,2019,TV-MA,1,Season
s3354,Movie,Zoé: Panoramas,11/1/2019,2016,TV-MA,89,min
s3355,Movie,Grego Rossello: Disculpe las molestias,10/31/2019,2019,TV-MA,65,min
s3356,TV Show,KENGAN ASHURA,10/31/2019,2019,TV-MA,2,Seasons
s3357,TV Show,Nowhere Man,10/31/2019,2019,TV-MA,1,Season
s3358,TV Show,Sleepless Society: Bedtime Wishes,10/31/2019,2019,TV-MA,1,Season
s3359,TV Show,"Bring It On, Ghost",10/30/2019,2016,TV-14,1,Season
s3360,Movie,Mehandi Circus,10/30/2019,2019,TV-MA,126,min
s3361,TV Show,Tomorrow with You,10/30/2019,2017,TV-14,1,Season
s3362,TV Show,Tunnel,10/30/2019,2019,TV-14,1,Season
s3363,Movie,Arsenio Hall: Smart & Classy,10/29/2019,2019,TV-MA,63,min
s3364,TV Show,Shine On with Reese,10/29/2019,2018,TV-MA,1,Season
s3365,Movie,The Road to El Camino: Behind the Scenes of El Camino: A Breaking Bad Movie,10/29/2019,2019,TV-14,14,min
s3366,Movie,A 3 Minute Hug,10/28/2019,2019,TV-PG,28,min
s3367,Movie,Little Miss Sumo,10/28/2019,2018,TV-G,20,min
s3368,TV Show,"Wait, My Youth",10/27/2019,2019,TV-PG,1,Season
s3369,TV Show,A Little Thing Called First Love,10/26/2019,2019,TV-G,1,Season
s3370,TV Show,BoJack Horseman,10/25/2019,2020,TV-MA,6,Seasons
s3371,TV Show,Brotherhood,10/25/2019,2019,TV-MA,1,Season
s3372,Movie,Consequences,10/25/2019,2014,TV-MA,106,min
s3373,Movie,Dolemite Is My Name,10/25/2019,2019,R,118,min
s3374,TV Show,Drug Squad: Costa del Sol,10/25/2019,2019,TV-MA,1,Season
s3375,Movie,It Takes a Lunatic,10/25/2019,2019,TV-MA,127,min
s3376,TV Show,Monzón: A Knockout Blow,10/25/2019,2018,TV-MA,1,Season
s3377,Movie,My Next Guest with David Letterman and Shah Rukh Khan,10/25/2019,2019,TV-PG,61,min
s3378,TV Show,Nailed It! France,10/25/2019,2019,TV-14,1,Season
s3379,TV Show,Nailed It! Spain,10/25/2019,2019,TV-PG,1,Season
s3380,Movie,Rattlesnake,10/25/2019,2019,TV-MA,86,min
s3381,Movie,The Awakening of Motti Wolkenbruch,10/25/2019,2018,TV-MA,94,min
s3382,TV Show,The Untamed,10/25/2019,2019,TV-14,1,Season
s3383,TV Show,Daybreak,10/24/2019,2019,TV-MA,1,Season
s3384,Movie,Echo in the Canyon,10/24/2019,2019,PG-13,82,min
s3385,Movie,Revenge of the Pontianak,10/24/2019,2019,TV-14,92,min
s3386,TV Show,"Breakfast, Lunch & Dinner",10/23/2019,2019,TV-MA,1,Season
s3387,Movie,Dancing with the Birds,10/23/2019,2019,TV-PG,52,min
s3388,Movie,Master Z: The Ip Man Legacy,10/23/2019,2018,TV-14,108,min
s3389,Movie,Jenny Slate: Stage Fright,10/22/2019,2019,TV-MA,67,min
s3390,Movie,Free Fire,10/21/2019,2016,R,91,min
s3391,Movie,Little Singham: Kaal Ki Tabaahi,10/19/2019,2019,TV-Y7,66,min
s3392,Movie,The Command,10/19/2019,2018,PG-13,118,min
s3393,Movie,10 Days in Sun City,10/18/2019,2017,TV-14,87,min
s3394,TV Show,"ChuChu TV Kids Songs, Learning Videos & Bedtime Stories",10/18/2019,2019,TV-Y,1,Season
s3395,Movie,ChuChuTV Bedtime Stories & Moral Stories for Kids (English),10/18/2019,2019,TV-Y,47,min
s3396,Movie,ChuChuTV Bedtime Stories & Moral Stories for Kids (Hindi),10/18/2019,2019,TV-Y,56,min
s3397,Movie,ChuChuTV Surprise Eggs Learning Videos (English),10/18/2019,2019,TV-Y,61,min
s3398,Movie,ChuChuTV Surprise Eggs Learning Videos (Hindi),10/18/2019,2019,TV-Y,34,min
s3399,Movie,Eli,10/18/2019,2019,TV-MA,98,min
s3400,Movie,In My Country,10/18/2019,2018,TV-MA,99,min
s3401,TV Show,Interior Design Masters,10/18/2019,2019,TV-PG,1,Season
s3402,TV Show,Little Baby Bum: Nursery Rhyme Friends,10/18/2019,2019,TV-Y,2,Seasons
s3403,Movie,"Love, Surreal and Odd",10/18/2019,2017,TV-14,95,min
s3404,TV Show,Mighty Little Bheem: Diwali,10/18/2019,2019,TV-Y,1,Season
s3405,TV Show,MONKART,10/18/2019,2017,TV-Y7,1,Season
s3406,Movie,Seventeen,10/18/2019,2019,TV-MA,100,min
s3407,TV Show,Spirit Riding Free: Pony Tales,10/18/2019,2019,TV-Y7,2,Seasons
s3408,Movie,Tatu,10/18/2019,2017,TV-MA,101,min
s3409,Movie,Tell Me Who I Am,10/18/2019,2019,TV-MA,86,min
s3410,Movie,The Laundromat,10/18/2019,2019,R,96,min
s3411,TV Show,Toon,10/18/2019,2017,TV-MA,2,Seasons
s3412,Movie,Up North,10/18/2019,2018,TV-14,99,min
s3413,Movie,Upstarts,10/18/2019,2019,TV-14,112,min
s3414,Movie,Verses of Love 2,10/18/2019,2017,TV-14,127,min
s3415,TV Show,Chosen,10/17/2019,2019,TV-14,2,Seasons
s3416,TV Show,THE UNLISTED,10/17/2019,2019,TV-PG,1,Season
s3417,TV Show,Another Miss Oh,10/16/2019,2016,TV-MA,1,Season
s3418,Movie,Ghosts of Sugar Land,10/16/2019,2019,TV-MA,22,min
s3419,Movie,League of Legends Origins,10/16/2019,2019,TV-MA,78,min
s3420,Movie,Park Na-rae: Glamour Warning,10/16/2019,2019,TV-MA,63,min
s3421,TV Show,Second 20s,10/16/2019,2015,TV-14,1,Season
s3422,Movie,Sinister 2,10/16/2019,2015,R,97,min
s3423,Movie,The Game Changers,10/16/2019,2018,TV-MA,86,min
s3424,TV Show,Black Money Love,10/15/2019,2014,TV-MA,1,Season
s3425,Movie,"Martin Matte: La vie, la mort...eh la la..!",10/14/2019,2019,TV-14,62,min
s3426,Movie,Street Flow,10/13/2019,2019,TV-MA,96,min
s3427,TV Show,The Lies Within,10/13/2019,2019,TV-14,1,Season
s3428,Movie,Bygones Be Bygones,10/11/2019,2017,TV-MA,104,min
s3429,Movie,El Camino: A Breaking Bad Movie,10/11/2019,2019,TV-MA,123,min
s3430,Movie,Fractured,10/11/2019,2019,TV-MA,100,min
s3431,TV Show,Insatiable,10/11/2019,2019,TV-MA,2,Seasons
s3432,Movie,The Bling Lagosians,10/11/2019,2019,TV-14,99,min
s3433,Movie,The Forest of Love,10/11/2019,2019,TV-MA,151,min
s3434,TV Show,The Hook Up Plan,10/11/2019,2020,TV-MA,2,Seasons
s3435,Movie,The Influence,10/11/2019,2019,TV-MA,102,min
s3436,TV Show,Beyblade Burst Turbo,10/10/2019,2018,TV-Y7,1,Season
s3437,Movie,GEN HOSHINO STADIUM TOUR “POP VIRUS”,10/10/2019,2019,TV-14,154,min
s3438,TV Show,Ultramarine Magmell,10/10/2019,2019,TV-14,1,Season
s3439,Movie,After,10/9/2019,2019,PG-13,106,min
s3440,Movie,Home Is Where the Killer Is,10/9/2019,2019,TV-14,87,min
s3441,TV Show,Rhythm + Flow,10/9/2019,2019,TV-MA,1,Season
s3442,Movie,Deon Cole: Cole Hearted,10/8/2019,2019,TV-MA,70,min
s3443,Movie,The Spooky Tale of Captain Underpants Hack-a-ween,10/8/2019,2019,TV-Y7,46,min
s3444,Movie,Love for Sale,10/6/2019,2018,TV-14,101,min
s3445,TV Show,Legend Quest: Masters of Myth,10/5/2019,2019,TV-Y7,1,Season
s3446,TV Show,My Country: The New Age,10/5/2019,2019,TV-14,1,Season
s3447,Movie,Noblemen,10/5/2019,2019,TV-MA,109,min
s3448,Movie,A Plastic Ocean,10/4/2019,2016,TV-14,100,min
s3449,Movie,Brother in Love,10/4/2019,2019,TV-MA,110,min
s3450,TV Show,Creeped Out,10/4/2019,2019,TV-PG,2,Seasons
s3451,Movie,In the Tall Grass,10/4/2019,2019,TV-MA,102,min
s3452,Movie,Kids on the Block,10/4/2019,2019,TV-PG,102,min
s3453,TV Show,Peaky Blinders,10/4/2019,2019,TV-MA,5,Seasons
s3454,TV Show,Raising Dion,10/4/2019,2019,TV-PG,1,Season
s3455,TV Show,Rotten,10/4/2019,2019,TV-MA,2,Seasons
s3456,TV Show,Super Monsters,10/4/2019,2019,TV-Y,3,Seasons
s3457,Movie,Super Monsters: Vida's First Halloween,10/4/2019,2019,TV-Y,24,min
s3458,TV Show,Seis Manos,10/3/2019,2019,TV-MA,1,Season
s3459,TV Show,Living Undocumented,10/2/2019,2019,TV-MA,1,Season
s3460,Movie,Ready to Mingle,10/2/2019,2019,TV-MA,98,min
s3461,Movie,Salam - The First ****** Nobel Laureate,10/2/2019,2018,TV-PG,76,min
s3462,TV Show,Cheese in the Trap,10/1/2019,2016,TV-14,1,Season
s3463,TV Show,Chicago Typewriter,10/1/2019,2017,TV-14,1,Season
s3464,TV Show,College Romance,10/1/2019,2018,TV-MA,1,Season
s3465,TV Show,Engineering Girls,10/1/2019,2018,TV-MA,1,Season
s3466,Movie,First Kiss,10/1/2019,2018,TV-14,90,min
s3467,TV Show,Girls Hostel,10/1/2019,2018,TV-MA,1,Season
s3468,TV Show,Inmates,10/1/2019,2017,TV-MA,1,Season
s3469,Movie,Limitless,10/1/2019,2017,TV-PG,59,min
s3470,Movie,Little Baby Bum: Go Buster,10/1/2019,2019,TV-Y,58,min
s3471,TV Show,Miniforce X,10/1/2019,2018,TV-Y7,1,Season
s3472,Movie,Nikki Glaser: Bangin’,10/1/2019,2019,TV-MA,64,min
s3473,Movie,Rugrats in Paris: The Movie,10/1/2019,2000,G,79,min
s3474,TV Show,The K2,10/1/2019,2016,TV-14,1,Season
s3475,TV Show,The Liar and His Lover,10/1/2019,2017,TV-PG,1,Season
s3476,Movie,The Rugrats Movie,10/1/2019,1998,G,81,min
s3477,Movie,The Squid and the Whale,10/1/2019,2005,R,81,min
s3478,TV Show,Gotham,9/30/2019,2019,TV-MA,5,Seasons
s3479,Movie,Mo Gilligan: Momentum,9/30/2019,2019,TV-MA,64,min
s3480,Movie,Cultivating the Seas: History and Future of the Full-Cycle Cultured Kindai Tuna,9/28/2019,2019,TV-PG,45,min
s3481,Movie,TUNA GIRL,9/28/2019,2019,TV-PG,90,min
s3482,TV Show,Bard of Blood,9/27/2019,2019,TV-MA,1,Season
s3483,Movie,Deliha 2,9/27/2019,2018,TV-PG,102,min
s3484,TV Show,El Marginal,9/27/2019,2019,TV-MA,3,Seasons
s3485,Movie,In the Shadow of the Moon,9/27/2019,2019,TV-MA,116,min
s3486,Movie,Sturgill Simpson Presents Sound & Fury,9/27/2019,2019,TV-MA,42,min
s3487,Movie,Malaal,9/26/2019,2019,TV-14,133,min
s3488,Movie,The Grandmaster,9/26/2019,2013,PG-13,108,min
s3489,TV Show,The Inmate,9/26/2019,2018,TV-MA,1,Season
s3490,TV Show,Abstract: The Art of Design,9/25/2019,2019,TV-14,2,Seasons
s3491,Movie,Birders,9/25/2019,2019,TV-G,38,min
s3492,TV Show,Glitch,9/25/2019,2019,TV-MA,3,Seasons
s3493,Movie,Oh! Baby (Malayalam),9/25/2019,2019,TV-14,146,min
s3494,Movie,Oh! Baby (Tamil),9/25/2019,2019,TV-14,146,min
s3495,Movie,Inside Man: Most Wanted,9/24/2019,2019,R,106,min
s3496,Movie,Jeff Dunham: Beside Himself,9/24/2019,2019,TV-MA,58,min
s3497,Movie,Manmadhudu 2,9/23/2019,2019,TV-MA,152,min
s3498,Movie,Under the Eiffel Tower,9/23/2019,2018,TV-MA,87,min
s3499,Movie,Do Paise Ki Dhoop Chaar Aane Ki Baarish,9/22/2019,2009,TV-MA,121,min
s3500,TV Show,Vagabond,9/21/2019,2019,TV-MA,1,Season
s3501,Movie,Between Two Ferns: The Movie,9/20/2019,2019,TV-MA,83,min
s3502,TV Show,Criminal: France,9/20/2019,2019,TV-MA,1,Season
s3503,TV Show,Criminal: Germany,9/20/2019,2019,TV-MA,1,Season
s3504,TV Show,Criminal: Spain,9/20/2019,2019,TV-MA,1,Season
s3505,TV Show,Fastest Car,9/20/2019,2019,TV-MA,2,Seasons
s3506,TV Show,Inside Bill's Brain: Decoding Bill Gates,9/20/2019,2019,TV-14,1,Season
s3507,TV Show,The Hockey Girls,9/20/2019,2019,TV-MA,1,Season
s3508,Movie,Travel Mates 2,9/20/2019,2018,TV-MA,111,min
s3509,Movie,True: Tricky Treat Day,9/20/2019,2019,TV-Y,24,min
s3510,Movie,Kabir Singh,9/19/2019,2019,TV-MA,171,min
s3511,TV Show,When the Camellia Blooms,9/18/2019,2019,TV-14,1,Season
s3512,Movie,Avengement,9/17/2019,2019,TV-MA,88,min
s3513,Movie,Sebastian Maniscalco: What's Wrong with People?,9/17/2019,2012,TV-MA,76,min
s3514,Movie,Los Tigres del Norte at Folsom Prison,9/15/2019,2019,TV-PG,64,min
s3515,Movie,Steal a Pencil for Me,9/15/2019,2006,TV-14,94,min
s3516,TV Show,Surviving R. Kelly,9/15/2019,2019,TV-MA,1,Season
s3517,Movie,Oh! Baby,9/14/2019,2019,TV-14,157,min
s3518,Movie,The Crystal Calls Making the Dark Crystal: Age of Resistance,9/14/2019,2019,TV-PG,83,min
s3519,Movie,"Hello, Privilege. It's Me, Chelsea",9/13/2019,2019,TV-MA,65,min
s3520,TV Show,Kabaneri of the Iron Fortress: The Battle of Unato,9/13/2019,2019,TV-MA,1,Season
s3521,Movie,Locked on You,9/13/2019,2018,TV-14,105,min
s3522,TV Show,Marianne,9/13/2019,2019,TV-MA,1,Season
s3523,Movie,Shanghai Fortress,9/13/2019,2019,TV-14,107,min
s3524,Movie,Tall Girl,9/13/2019,2019,TV-PG,103,min
s3525,TV Show,Top Boy,9/13/2019,2019,TV-MA,1,Season
s3526,TV Show,Unbelievable,9/13/2019,2019,TV-MA,1,Season
s3527,TV Show,The I-Land,9/12/2019,2019,TV-MA,1,Season
s3528,TV Show,"The Mind, Explained",9/12/2019,2019,TV-14,1,Season
s3529,Movie,Bill Burr: Paper Tiger,9/10/2019,2019,TV-MA,67,min
s3530,Movie,Evelyn,9/10/2019,2019,TV-MA,96,min
s3531,Movie,Article 15,9/6/2019,2019,TV-MA,125,min
s3532,Movie,Care of Kancharapalem,9/6/2019,2018,TV-MA,142,min
s3533,Movie,Ee Nagaraniki Emaindi,9/6/2019,2018,TV-14,133,min
s3534,Movie,Kill Me If You Dare,9/6/2019,2019,TV-14,100,min
s3535,TV Show,The Spy,9/6/2019,2019,TV-MA,1,Season
s3536,Movie,American Factory: A Conversation with the Obamas,9/5/2019,2019,TV-G,10,min
s3537,Movie,Saawan,9/4/2019,2016,TV-14,128,min
s3538,Movie,Watchman,9/4/2019,2019,TV-14,93,min
s3539,Movie,Elena,9/1/2019,2012,TV-MA,81,min
s3540,TV Show,Loo Loo Kids: Johny & Friends Musical Adventures,9/1/2019,2016,TV-Y,1,Season
s3541,TV Show,Moving Art,9/1/2019,2018,TV-G,3,Seasons
s3542,TV Show,Naruto,9/1/2019,2006,TV-14,9,Seasons
s3543,Movie,Olmo & the Seagull,9/1/2019,2014,TV-MA,82,min
s3544,TV Show,Serial Killer with Piers Morgan,9/1/2019,2018,TV-14,1,Season
s3545,Movie,Spookley the Square Pumpkin,9/1/2019,2004,G,47,min
s3546,Movie,Uncle Naji in UAE,9/1/2019,2019,TV-14,95,min
s3547,TV Show,Luo Bao Bei,8/31/2019,2018,TV-Y,1,Season
s3548,Movie,Back to School,8/30/2019,2019,TV-MA,84,min
s3549,Movie,Feo pero sabroso,8/30/2019,2018,TV-MA,91,min
s3550,Movie,Mi amigo Alexis,8/30/2019,2019,TV-PG,102,min
s3551,TV Show,Styling Hollywood,8/30/2019,2019,TV-14,1,Season
s3552,TV Show,The Dark Crystal: Age of Resistance,8/30/2019,2019,TV-PG,1,Season
s3553,TV Show,The Good Bandit,8/30/2019,2018,TV-MA,1,Season
s3554,TV Show,True and the Rainbow Kingdom,8/30/2019,2019,TV-Y,3,Seasons
s3555,Movie,Unbridled,8/30/2019,2018,TV-MA,100,min
s3556,Movie,Falling Inn Love,8/29/2019,2019,TV-PG,98,min
s3557,Movie,Kardec,8/29/2019,2019,TV-14,110,min
s3558,Movie,Travis Scott: Look Mom I Can Fly,8/28/2019,2019,TV-MA,85,min
s3559,TV Show,Million Pound Menu,8/27/2019,2019,TV-MA,2,Seasons
s3560,Movie,Dave Chappelle: Sticks & Stones,8/26/2019,2019,TV-MA,66,min
s3561,Movie,Drink Drank Drunk,8/24/2019,2016,TV-MA,92,min
s3562,TV Show,13 Reasons Why: Beyond the Reasons,8/23/2019,2019,TV-MA,3,Seasons
s3563,TV Show,HERO MASK,8/23/2019,2019,TV-14,2,Seasons
s3564,Movie,Kaake Da Viyah,8/23/2019,2019,TV-PG,133,min
s3565,Movie,Marriage Palace,8/23/2019,2018,TV-14,135,min
s3566,Movie,Mayday Life,8/23/2019,2019,TV-PG,120,min
s3567,Movie,Saavat,8/23/2019,2019,TV-14,118,min
s3568,Movie,American Factory,8/21/2019,2019,TV-14,110,min
s3569,Movie,Game Over (Hindi Version),8/21/2019,2019,TV-MA,98,min
s3570,Movie,Game Over (Tamil Version),8/21/2019,2019,TV-MA,98,min
s3571,Movie,Game Over (Telugu Version),8/21/2019,2019,TV-MA,98,min
s3572,TV Show,Hyperdrive,8/21/2019,2019,TV-PG,1,Season
s3573,Movie,The Girl Allergic to Wi-Fi,8/21/2019,2018,TV-MA,104,min
s3574,Movie,Our Planet - Behind The Scenes,8/20/2019,2019,TV-G,63,min
s3575,Movie,Simon Amstell: Set Free,8/20/2019,2019,TV-MA,52,min
s3576,TV Show,45 rpm,8/16/2019,2019,TV-MA,1,Season
s3577,TV Show,Apache: The Life of Carlos Tevez,8/16/2019,2019,TV-MA,1,Season
s3578,TV Show,Better Than Us,8/16/2019,2019,TV-MA,1,Season
s3579,TV Show,Diagnosis,8/16/2019,2019,TV-14,1,Season
s3580,TV Show,Green Frontier,8/16/2019,2019,TV-MA,1,Season
s3581,Movie,Invader Zim: Enter the Florpus,8/16/2019,2019,TV-Y7,72,min
s3582,TV Show,MINDHUNTER,8/16/2019,2019,TV-MA,2,Seasons
s3583,Movie,Selfless,8/16/2019,2015,PG-13,117,min
s3584,Movie,Sextuplets,8/16/2019,2019,TV-14,100,min
s3585,Movie,Super Monsters Back to School,8/16/2019,2019,TV-Y,24,min
s3586,TV Show,The King's Avatar,8/16/2019,2019,TV-MA,1,Season
s3587,Movie,The Little Switzerland,8/16/2019,2019,TV-MA,86,min
s3588,TV Show,Victim Number 8,8/16/2019,2018,TV-MA,1,Season
s3589,TV Show,Cannon Busters,8/15/2019,2019,TV-MA,1,Season
s3590,TV Show,Sacred Games,8/15/2019,2019,TV-MA,2,Seasons
s3591,TV Show,Til Death Do Us Part,8/15/2019,2019,TV-MA,1,Season
s3592,Movie,Whindersson Nunes: Adult,8/15/2019,2019,TV-MA,69,min
s3593,TV Show,Happy Jail,8/14/2019,2019,TV-MA,1,Season
s3594,Movie,Uyare,8/14/2019,2019,TV-14,119,min
s3595,Movie,90 ML,8/13/2019,2019,TV-MA,123,min
s3596,Movie,Calum von Moger: Unbroken,8/13/2019,2019,TV-MA,93,min
s3597,Movie,Hasta los dientes,8/13/2019,2018,TV-MA,109,min
s3598,TV Show,Knightfall,8/13/2019,2019,TV-MA,2,Seasons
s3599,TV Show,DC Super Hero Girls,8/12/2019,2019,TV-Y7,1,Season
s3600,Movie,Colin Quinn: Red State Blue State,8/9/2019,2019,TV-14,66,min
s3601,TV Show,GLOW,8/9/2019,2019,TV-MA,3,Seasons
s3602,TV Show,IZombie,8/9/2019,2019,TV-MA,5,Seasons
s3603,Movie,Jaoon Kahan Bata Ae Dil,8/9/2019,2018,TV-MA,107,min
s3604,Movie,Rocko's Modern Life: Static Cling,8/9/2019,2019,TV-Y7,46,min
s3605,TV Show,Sintonia,8/9/2019,2019,TV-MA,1,Season
s3606,TV Show,The Family,8/9/2019,2019,TV-14,1,Season
s3607,TV Show,Bad Guys,8/8/2019,2014,TV-MA,1,Season
s3608,TV Show,Dollar,8/8/2019,2019,TV-MA,1,Season
s3609,TV Show,Jane The Virgin,8/8/2019,2019,TV-14,5,Seasons
s3610,TV Show,Let's Eat 2,8/8/2019,2015,TV-MA,1,Season
s3611,TV Show,Let’s Eat,8/8/2019,2013,TV-PG,1,Season
s3612,TV Show,Misaeng,8/8/2019,2014,TV-MA,1,Season
s3613,TV Show,Oh My Ghost,8/8/2019,2015,TV-MA,1,Season
s3614,TV Show,Reply 1994,8/8/2019,2014,TV-MA,1,Season
s3615,TV Show,Reply 1997,8/8/2019,2012,TV-MA,1,Season
s3616,TV Show,Wu Assassins,8/8/2019,2019,TV-MA,1,Season
s3617,Movie,Badla,8/7/2019,2019,TV-14,117,min
s3618,Movie,Theo Von: No Offense,8/7/2019,2016,TV-MA,67,min
s3619,Movie,Crazy Beautiful You,8/6/2019,2015,TV-14,114,min
s3620,Movie,I'm Brent Morin,8/6/2019,2015,TV-MA,67,min
s3621,Movie,Jim Jefferies : BARE,8/6/2019,2014,TV-MA,77,min
s3622,Movie,Screwball,8/6/2019,2018,TV-MA,105,min
s3623,Movie,Sebastian Maniscalco: Why Would You Do That,8/6/2019,2016,TV-MA,63,min
s3624,Movie,Enter the Anime,8/5/2019,2019,TV-MA,59,min
s3625,TV Show,No Good Nick,8/5/2019,2019,TV-PG,2,Seasons
s3626,Movie,No One Will Ever Know,8/5/2019,2017,TV-MA,102,min
s3627,Movie,Misfit,8/3/2019,2017,TV-14,81,min
s3628,TV Show,Basketball or Nothing,8/2/2019,2019,TV-PG,1,Season
s3629,Movie,Léa & I,8/2/2019,2019,TV-MA,84,min
s3630,Movie,Otherhood,8/2/2019,2019,R,101,min
s3631,Movie,Uriyadi 2,8/2/2019,2019,TV-14,116,min
s3632,Movie,Manu,8/1/2019,2018,TV-14,177,min
s3633,TV Show,Sleepless Society: Nyctophobia,8/1/2019,2019,TV-MA,1,Season
s3634,TV Show,The Letdown,7/31/2019,2019,TV-MA,2,Seasons
s3635,Movie,The Red Sea Diving Resort,7/31/2019,2019,TV-MA,130,min
s3636,Movie,Whitney Cummings: Can I Touch It?,7/30/2019,2019,TV-MA,59,min
s3637,TV Show,Twelve Forever,7/29/2019,2019,TV-PG,1,Season
s3638,Movie,Boi,7/26/2019,2018,TV-MA,111,min
s3639,Movie,Eerie,7/26/2019,2019,TV-14,100,min
s3640,Movie,Girls With Balls,7/26/2019,2019,TV-MA,77,min
s3641,TV Show,My First First Love,7/26/2019,2019,TV-14,2,Seasons
s3642,Movie,The Son,7/26/2019,2019,TV-MA,93,min
s3643,TV Show,Another Life,7/25/2019,2019,TV-MA,1,Season
s3644,Movie,The Great Hack,7/24/2019,2019,TV-MA,114,min
s3645,TV Show,Beat Bugs,7/21/2019,2018,TV-Y,3,Seasons
s3646,Movie,D.L. Hughley: Contrarian,7/21/2019,2018,TV-MA,58,min
s3647,Movie,Demetri Martin: The Overthinker,7/21/2019,2018,TV-MA,56,min
s3648,Movie,The Beast Stalker,7/21/2019,2008,TV-14,110,min
s3649,Movie,The Midas Touch,7/21/2019,2013,TV-14,98,min
s3650,Movie,The Twins Effect II,7/21/2019,2004,TV-14,106,min
s3651,Movie,Twins Mission,7/21/2019,2007,TV-MA,102,min
s3652,TV Show,Sexy Central,7/20/2019,2019,TV-MA,1,Season
s3653,Movie,"¡Ay, mi madre!",7/19/2019,2019,TV-MA,81,min
s3654,TV Show,Comedians in Cars Getting Coffee,7/19/2019,2019,TV-14,6,Seasons
s3655,TV Show,The Epic Tales of Captain Underpants,7/19/2019,2019,TV-Y7,3,Seasons
s3656,TV Show,Typewriter,7/19/2019,2019,TV-MA,1,Season
s3657,TV Show,Rookie Historian Goo Hae-Ryung,7/18/2019,2019,TV-14,1,Season
s3658,Movie,Secret Obsession,7/18/2019,2019,TV-14,98,min
s3659,Movie,Mauli,7/17/2019,2018,TV-14,136,min
s3660,TV Show,Pinky Malinky,7/17/2019,2019,TV-Y7,3,Seasons
s3661,TV Show,Unrequited Love,7/17/2019,2019,TV-14,1,Season
s3662,Movie,Bogda,7/16/2019,2018,TV-PG,161,min
s3663,Movie,"Frankenstein’s Monster’s Monster, Frankenstein",7/16/2019,2019,TV-14,32,min
s3664,TV Show,Angel Beats!,7/15/2019,2010,TV-PG,1,Season
s3665,TV Show,Anohana: The Flower We Saw That Day,7/15/2019,2011,TV-14,1,Season
s3666,TV Show,God Eater,7/15/2019,2015,TV-14,1,Season
s3667,TV Show,GRANBLUE FANTASY the Animation,7/15/2019,2017,TV-PG,1,Season
s3668,TV Show,3Below: Tales of Arcadia,7/12/2019,2019,TV-Y7,2,Seasons
s3669,Movie,4L,7/12/2019,2019,TV-MA,105,min
s3670,TV Show,Bonus Family,7/12/2019,2019,TV-MA,3,Seasons
s3671,Movie,Cities of Last Things,7/12/2019,2018,TV-MA,106,min
s3672,TV Show,Extreme Engagement,7/12/2019,2019,TV-MA,1,Season
s3673,Movie,Kidnapping Stella,7/12/2019,2019,TV-MA,90,min
s3674,TV Show,One Spring Night,7/12/2019,2019,TV-14,1,Season
s3675,TV Show,PILI Fantasy: War of Dragons,7/12/2019,2019,TV-14,1,Season
s3676,Movie,Point Blank,7/12/2019,2019,TV-MA,87,min
s3677,Movie,The Milk System,7/12/2019,2017,TV-14,91,min
s3678,TV Show,True Tunes,7/12/2019,2019,TV-Y,1,Season
s3679,Movie,Parchís: the Documentary,7/11/2019,2019,TV-14,106,min
s3680,Movie,Aziz Ansari: RIGHT NOW,7/9/2019,2019,TV-MA,65,min
s3681,TV Show,Free Rein,7/6/2019,2019,TV-G,3,Seasons
s3682,Movie,"River, el más grande siempre",7/5/2019,2019,TV-G,105,min
s3683,TV Show,The Legend of White Snake,7/5/2019,2019,TV-14,1,Season
s3684,Movie,Cristina,7/4/2019,2016,TV-14,40,min
s3685,TV Show,Kakegurui,7/4/2019,2019,TV-MA,2,Seasons
s3686,TV Show,Stranger Things,7/4/2019,2019,TV-14,3,Seasons
s3687,TV Show,The Last Czars,7/3/2019,2019,TV-MA,1,Season
s3688,TV Show,Yummy Mummies,7/3/2019,2019,TV-MA,2,Seasons
s3689,TV Show,Bangkok Love Stories: Objects of Affection,7/2/2019,2019,TV-14,1,Season
s3690,TV Show,Bangkok Love Stories: Plead,7/2/2019,2019,TV-14,1,Season
s3691,TV Show,Designated Survivor: 60 Days,7/2/2019,2019,TV-14,1,Season
s3692,TV Show,DreamWorks Kung Fu Panda Awesome Secrets,7/1/2019,2008,TV-PG,1,Season
s3693,TV Show,Hatchimals | Adventures in Hatchtopia,7/1/2019,2018,TV-Y,2,Seasons
s3694,Movie,Katherine Ryan: Glitter Room,7/1/2019,2019,TV-MA,66,min
s3695,TV Show,Molang,7/1/2019,2015,TV-Y,1,Season
s3696,TV Show,Rabbids Invasion,7/1/2019,2018,TV-Y7,1,Season
s3697,TV Show,Record of Grancrest War,7/1/2019,2018,TV-MA,1,Season
s3698,Movie,War Against Women,7/1/2019,2013,TV-MA,61,min
s3699,Movie,Inhuman Kiss,6/30/2019,2019,TV-MA,122,min
s3700,Movie,Romeo Akbar Walter,6/30/2019,2019,TV-14,141,min
s3701,TV Show,Scare Tactics,6/30/2019,2011,TV-MA,2,Seasons
s3702,Movie,Super Deluxe,6/29/2019,2019,TV-MA,176,min
s3703,TV Show,Dope,6/28/2019,2019,TV-MA,3,Seasons
s3704,Movie,El testigo,6/28/2019,2018,TV-14,73,min
s3705,TV Show,Exhibit A,6/28/2019,2019,TV-MA,1,Season
s3706,TV Show,Instant Hotel,6/28/2019,2019,TV-MA,2,Seasons
s3707,Movie,La Leyenda del Diamante,6/28/2019,2017,TV-MA,87,min
s3708,TV Show,Motown Magic,6/28/2019,2019,TV-Y,2,Seasons
s3709,TV Show,Paquita Salas,6/28/2019,2018,TV-MA,3,Seasons
s3710,Movie,ANIMA,6/27/2019,2019,TV-PG,15,min
s3711,TV Show,Answer for Heaven,6/27/2019,2019,TV-MA,1,Season
s3712,Movie,Daniel Sosa: Maleducado,6/27/2019,2019,TV-MA,55,min
s3713,Movie,Hikaru Utada Laughter in the Dark Tour 2018,6/26/2019,2018,TV-PG,141,min
s3714,Movie,Kahaani,6/26/2019,2012,TV-14,122,min
s3715,Movie,Unbroken,6/26/2019,2019,TV-14,109,min
s3716,Movie,Mike Epps: Only One Mike,6/25/2019,2019,TV-MA,63,min
s3717,TV Show,Forest of Piano,6/24/2019,2019,TV-14,2,Seasons
s3718,Movie,Triple Threat,6/22/2019,2019,R,96,min
s3719,Movie,Blood Will Tell,6/21/2019,2019,TV-MA,113,min
s3720,TV Show,Bolívar,6/21/2019,2019,TV-MA,1,Season
s3721,Movie,EVANGELION: DEATH (TRUE)²,6/21/2019,1998,TV-MA,69,min
s3722,TV Show,Girls Incarcerated,6/21/2019,2019,TV-MA,2,Seasons
s3723,TV Show,Go! Live Your Way,6/21/2019,2019,TV-PG,2,Seasons
s3724,TV Show,Magi: The Labyrinth of Magic,6/21/2019,2013,TV-MA,2,Seasons
s3725,TV Show,Neon Genesis Evangelion,6/21/2019,1995,TV-MA,1,Season
s3726,TV Show,Shooter,6/21/2019,2018,TV-14,3,Seasons
s3727,TV Show,The Casketeers,6/21/2019,2019,TV-14,2,Seasons
s3728,TV Show,The Confession Tapes,6/21/2019,2019,TV-MA,2,Seasons
s3729,Movie,The End of Evangelion,6/21/2019,1997,TV-MA,87,min
s3730,Movie,Rakkhosh,6/20/2019,2019,TV-MA,116,min
s3731,Movie,The Wolf's Call,6/20/2019,2019,TV-14,116,min
s3732,Movie,Beats,6/19/2019,2019,TV-MA,110,min
s3733,Movie,The Edge of Democracy,6/19/2019,2019,TV-14,122,min
s3734,Movie,Adam Devine: Best Time of Our Lives,6/18/2019,2019,TV-MA,59,min
s3735,Movie,Cop Car,6/16/2019,2015,R,88,min
s3736,Movie,Right Here Right Now,6/16/2019,2018,TV-MA,91,min
s3737,TV Show,Fate/Zero,6/15/2019,2012,TV-MA,2,Seasons
s3738,TV Show,Kill la Kill,6/15/2019,2014,TV-MA,1,Season
s3739,Movie,Life Overtakes Me,6/15/2019,2019,TV-PG,40,min
s3740,Movie,Luckee,6/15/2019,2019,TV-14,113,min
s3741,Movie,Pihu,6/15/2019,2018,TV-14,90,min
s3742,TV Show,Puella Magi Madoka Magica,6/15/2019,2011,TV-14,1,Season
s3743,TV Show,Somewhere Only We Know,6/15/2019,2019,TV-MA,1,Season
s3744,TV Show,The Alcàsser Murders,6/15/2019,2019,TV-MA,1,Season
s3745,TV Show,Unit 42,6/15/2019,2017,TV-MA,1,Season
s3746,TV Show,Awake: The Million Dollar Game,6/14/2019,2019,TV-PG,1,Season
s3747,TV Show,Black Spot,6/14/2019,2019,TV-MA,2,Seasons
s3748,Movie,DJ Cinderella,6/14/2019,2019,TV-PG,95,min
s3749,TV Show,El desconocido,6/14/2019,2019,TV-MA,2,Seasons
s3750,TV Show,Girlfriends' Guide to Divorce,6/14/2019,2019,TV-MA,5,Seasons
s3751,TV Show,Leila,6/14/2019,2019,TV-MA,1,Season
s3752,TV Show,Marlon,6/14/2019,2018,TV-14,2,Seasons
s3753,TV Show,Marvel's Jessica Jones,6/14/2019,2019,TV-MA,3,Seasons
s3754,Movie,Murder Mystery,6/14/2019,2019,PG-13,98,min
s3755,TV Show,Yankee,6/14/2019,2019,TV-MA,1,Season
s3756,TV Show,Jinn,6/13/2019,2019,TV-MA,1,Season
s3757,Movie,Oprah Presents When They See Us Now,6/13/2019,2019,TV-PG,61,min
s3758,Movie,The 3rd Eye 2,6/13/2019,2019,TV-MA,117,min
s3759,Movie,Jo Koy: Comin' In Hot,6/12/2019,2019,TV-MA,60,min
s3760,Movie,Rolling Thunder Revue: A Bob Dylan Story by Martin Scorsese,6/12/2019,2019,TV-MA,142,min
s3761,TV Show,Upin & Ipin,6/10/2019,2011,TV-Y,1,Season
s3762,Movie,Belmonte,6/7/2019,2018,TV-MA,74,min
s3763,TV Show,Designated Survivor,6/7/2019,2019,TV-MA,3,Seasons
s3764,Movie,Elisa & Marcela,6/7/2019,2019,TV-MA,119,min
s3765,Movie,I Am Mother,6/7/2019,2019,TV-PG,114,min
s3766,Movie,Luka Chuppi,6/7/2019,2019,TV-PG,125,min
s3767,Movie,Pachamama,6/7/2019,2019,PG,71,min
s3768,Movie,Rock My Heart,6/7/2019,2019,TV-PG,110,min
s3769,Movie,Stree,6/7/2019,2018,TV-MA,127,min
s3770,TV Show,Super Monsters Monster Pets,6/7/2019,2019,TV-Y,1,Season
s3771,TV Show,Tales of the City,6/7/2019,2019,TV-MA,1,Season
s3772,Movie,The Black Godfather,6/7/2019,2019,TV-MA,118,min
s3773,Movie,Alles ist gut,6/6/2019,2019,TV-MA,90,min
s3774,Movie,A Silent Voice,6/5/2019,2016,TV-14,130,min
s3775,TV Show,Black Mirror,6/5/2019,2019,TV-MA,5,Seasons
s3776,Movie,Cosmos Laundromat: First Cycle,6/4/2019,2015,TV-MA,12,min
s3777,Movie,Miranda Sings Live…Your Welcome,6/4/2019,2019,TV-14,62,min
s3778,Movie,Silent,6/4/2019,2014,TV-Y,3,min
s3779,TV Show,Documentary Now!,6/3/2019,2019,TV-14,3,Seasons
s3780,TV Show,Malibu Rescue: The Series,6/3/2019,2019,TV-G,1,Season
s3781,TV Show,Arthdal Chronicles,6/2/2019,2019,TV-MA,1,Season
s3782,Movie,Krutant,6/2/2019,2019,TV-14,114,min
s3783,TV Show,A Thousand Goodnights,6/1/2019,2019,TV-14,1,Season
s3784,Movie,III Smoking Barrels,6/1/2019,2017,TV-MA,128,min
s3785,TV Show,March Comes in Like a Lion,6/1/2019,2017,TV-14,2,Seasons
s3786,Movie,"Oh, Ramona!",6/1/2019,2019,TV-MA,109,min
s3787,Movie,We Are Legends,6/1/2019,2019,TV-14,109,min
s3788,TV Show,Bad Blood,5/31/2019,2019,TV-MA,2,Seasons
s3789,Movie,Chopsticks,5/31/2019,2019,TV-MA,101,min
s3790,TV Show,Killer Ratings,5/31/2019,2019,TV-MA,1,Season
s3791,Movie,Mere Pyare Prime Minister,5/31/2019,2019,TV-MA,103,min
s3792,Movie,Pegasus,5/31/2019,2019,TV-MA,98,min
s3793,TV Show,When They See Us,5/31/2019,2019,TV-MA,1,Season
s3794,Movie,Svaha: The Sixth Finger,5/30/2019,2019,TV-MA,123,min
s3795,TV Show,Historical Roasts,5/27/2019,2019,TV-MA,1,Season
s3796,Movie,After Maria,5/24/2019,2019,TV-PG,38,min
s3797,TV Show,Hyper HardBoiled Gourmet Report,5/24/2019,2017,TV-MA,1,Season
s3798,Movie,Joy,5/24/2019,2019,TV-MA,101,min
s3799,Movie,Rim of the World,5/24/2019,2019,TV-14,99,min
s3800,TV Show,She's Gotta Have It,5/24/2019,2018,TV-MA,2,Seasons
s3801,Movie,The Perfection,5/24/2019,2019,TV-MA,91,min
s3802,TV Show,WHAT / IF,5/24/2019,2019,TV-MA,1,Season
s3803,Movie,The Lonely Island Presents: The Unauthorized Bash Brothers Experience,5/23/2019,2019,TV-MA,30,min
s3804,Movie,A Tale of Two Kitchens,5/22/2019,2019,TV-PG,30,min
s3805,Movie,The Man Who Feels No Pain,5/22/2019,2018,TV-14,137,min
s3806,Movie,Wanda Sykes: Not Normal,5/21/2019,2019,TV-MA,66,min
s3807,TV Show,Prince of Peoria,5/20/2019,2019,TV-G,2,Seasons
s3808,TV Show,Rosario Tijeras,5/20/2019,2018,TV-MA,2,Seasons
s3809,TV Show,1994,5/17/2019,2019,TV-MA,1,Season
s3810,Movie,Born in Gaza,5/17/2019,2014,TV-14,70,min
s3811,Movie,Born in Syria,5/17/2019,2016,TV-14,87,min
s3812,Movie,Dying to Tell,5/17/2019,2018,TV-MA,88,min
s3813,TV Show,It's Bruno!,5/17/2019,2019,TV-MA,1,Season
s3814,Movie,Maria,5/17/2019,2019,TV-MA,90,min
s3815,Movie,ReMastered: The Lion's Share,5/17/2019,2019,TV-14,84,min
s3816,Movie,Saverio Raimondo: Il Satiro Parlante,5/17/2019,2019,TV-MA,53,min
s3817,Movie,See You Yesterday,5/17/2019,2019,TV-MA,87,min
s3818,TV Show,White Gold,5/17/2019,2019,TV-MA,2,Seasons
s3819,Movie,Good Sam,5/16/2019,2019,TV-PG,90,min
s3820,Movie,Jonaki,5/16/2019,2018,TV-MA,96,min
s3821,Movie,PATRICK (2019),5/16/2019,2019,TV-PG,94,min
s3822,TV Show,Dennis and Gnasher Unleashed,5/15/2019,2017,TV-Y,1,Season
s3823,Movie,Hamid,5/15/2019,2018,TV-MA,108,min
s3824,TV Show,"Heidi, bienvenida a casa",5/15/2019,2017,TV-Y,1,Season
s3825,TV Show,I Hear You,5/15/2019,2019,TV-14,1,Season
s3826,Movie,Backdraft 2,5/14/2019,2019,R,102,min
s3827,TV Show,Revisions,5/14/2019,2018,TV-14,1,Season
s3828,Movie,Still LAUGH-IN: The Stars Celebrate,5/14/2019,2019,TV-MA,61,min
s3829,Movie,Weed the People,5/14/2019,2018,TV-MA,94,min
s3830,Movie,Malibu Rescue,5/13/2019,2019,TV-G,70,min
s3831,Movie,Merata: How Mum Decolonised the Screen,5/12/2019,2018,TV-14,88,min
s3832,TV Show,The Defected,5/12/2019,2019,TV-14,1,Season
s3833,Movie,Dry Martina,5/11/2019,2018,TV-MA,100,min
s3834,Movie,Shéhérazade,5/11/2019,2019,TV-MA,111,min
s3835,Movie,The Great Magician,5/11/2019,2011,TV-14,128,min
s3836,TV Show,Easy,5/10/2019,2019,TV-MA,3,Seasons
s3837,Movie,In Family I Trust,5/10/2019,2018,TV-MA,98,min
s3838,TV Show,Jailbirds,5/10/2019,2019,TV-MA,1,Season
s3839,TV Show,The Mechanism,5/10/2019,2019,TV-MA,2,Seasons
s3840,TV Show,The Princess Weiyoung,5/10/2019,2016,TV-14,1,Season
s3841,TV Show,The Society,5/10/2019,2019,TV-MA,1,Season
s3842,Movie,Wine Country,5/10/2019,2019,R,104,min
s3843,Movie,Gatao 2: Rise of the King,5/9/2019,2018,TV-MA,126,min
s3844,TV Show,Away From Home,5/8/2019,2015,TV-PG,1,Season
s3845,TV Show,Bibik-Bibikku,5/8/2019,2016,TV-PG,1,Season
s3846,TV Show,Cinta 100KG,5/8/2019,2016,TV-14,1,Season
s3847,TV Show,Cinta Iris,5/8/2019,2015,TV-PG,1,Season
s3848,TV Show,Cinta Si Wedding Planner,5/8/2019,2015,TV-14,1,Season
s3849,TV Show,Cinta Teruna Kimchi,5/8/2019,2016,TV-PG,1,Season
s3850,TV Show,Secret of Success,5/8/2019,2015,TV-14,1,Season
s3851,TV Show,The Missing Menu,5/8/2019,2016,TV-PG,1,Season
s3852,TV Show,Unchained Fate,5/8/2019,2016,TV-14,1,Season
s3853,TV Show,Abyss,5/7/2019,2019,TV-14,1,Season
s3854,TV Show,I Have a Script,5/7/2019,2019,TV-14,1,Season
s3855,TV Show,In the Bosom of a Thorn,5/7/2019,2019,TV-14,1,Season
s3856,TV Show,The Writer,5/7/2019,2019,TV-14,1,Season
s3857,TV Show,What If?,5/7/2019,2019,TV-14,1,Season
s3858,Movie,Last Breath,5/6/2019,2019,TV-MA,86,min
s3859,Movie,The Wandering Earth,5/6/2019,2019,TV-MA,125,min
s3860,Movie,All In My Family,5/3/2019,2019,TV-14,40,min
s3861,TV Show,Crime Diaries: Night Out,5/3/2019,2019,TV-MA,1,Season
s3862,TV Show,Cupcake & Dino - General Services,5/3/2019,2019,TV-Y7,2,Seasons
s3863,Movie,Despite Everything,5/3/2019,2019,TV-MA,79,min
s3864,Movie,"Extremely Wicked, Shockingly Evil and Vile",5/3/2019,2019,R,110,min
s3865,TV Show,Flinch,5/3/2019,2019,TV-PG,1,Season
s3866,Movie,Jo Pil-ho: The Dawning Rage,5/3/2019,2018,TV-MA,128,min
s3867,Movie,The Last Summer,5/3/2019,2019,TV-14,110,min
s3868,TV Show,Tuca & Bertie,5/3/2019,2019,TV-MA,1,Season
s3869,Movie,Laatu,5/2/2019,2018,TV-PG,116,min
s3870,Movie,Olympus Has Fallen,5/2/2019,2013,R,119,min
s3871,TV Show,Code Geass: Lelouch of the Rebellion,5/1/2019,2008,TV-MA,2,Seasons
s3872,Movie,John & Yoko: Above Us Only Sky,5/1/2019,2018,TV-MA,90,min
s3873,Movie,Knock Down The House,5/1/2019,2019,PG,88,min
s3874,Movie,Munafik 2,5/1/2019,2018,TV-MA,104,min
s3875,Movie,Sur Sapata,5/1/2019,2019,TV-14,140,min
s3876,Movie,A Home with A View,4/30/2019,2019,TV-MA,92,min
s3877,TV Show,Angel 'N' Devil,4/30/2019,2014,TV-14,1,Season
s3878,Movie,Anthony Jeselnik: Fire in the Maternity Ward,4/30/2019,2019,TV-MA,64,min
s3879,TV Show,Hong Kong West Side Stories,4/30/2019,2018,TV-MA,1,Season
s3880,TV Show,Ingress: The Animation,4/30/2019,2018,TV-MA,1,Season
s3881,TV Show,K.O. One Re-act,4/30/2019,2013,TV-14,1,Season
s3882,TV Show,K.O.3an Guo,4/30/2019,2009,TV-14,1,Season
s3883,TV Show,KO One Return,4/30/2019,2012,TV-MA,1,Season
s3884,TV Show,The Outsiders,4/30/2019,2004,TV-MA,1,Season
s3885,TV Show,Ash vs. Evil Dead,4/29/2019,2018,TV-MA,3,Seasons
s3886,Movie,Teen Aur Aadha,4/29/2019,2018,TV-MA,119,min
s3887,TV Show,Señora Acero,4/28/2019,2018,TV-MA,5,Seasons
s3888,TV Show,Chambers,4/26/2019,2019,TV-MA,1,Season
s3889,Movie,Loving is Losing,4/26/2019,2019,TV-MA,91,min
s3890,Movie,Money Trap,4/26/2019,2019,TV-MA,122,min
s3891,Movie,Njan Prakashan,4/26/2019,2018,TV-PG,125,min
s3892,Movie,ReMastered: Devil at the Crossroads,4/26/2019,2019,TV-14,49,min
s3893,TV Show,Street Food,4/26/2019,2019,TV-PG,1,Season
s3894,TV Show,The Hateful Eight: Extended Version,4/25/2019,2015,R,1,Season
s3895,Movie,A Fortunate Man,4/20/2019,2018,TV-MA,168,min
s3896,Movie,Grass Is Greener,4/20/2019,2019,TV-MA,98,min
s3897,Movie,Brené Brown: The Call to Courage,4/19/2019,2019,TV-14,77,min
s3898,TV Show,KO One,4/19/2019,2005,TV-MA,1,Season
s3899,TV Show,Lunatics,4/19/2019,2019,TV-MA,1,Season
s3900,Movie,Music Teacher,4/19/2019,2019,TV-14,102,min
s3901,TV Show,My Dear Boy,4/19/2019,2017,TV-MA,1,Season
s3902,TV Show,Rilakkuma and Kaoru,4/19/2019,2019,TV-PG,1,Season
s3903,TV Show,Samantha!,4/19/2019,2019,TV-MA,2,Seasons
s3904,Movie,Someone Great,4/19/2019,2019,R,92,min
s3905,Movie,The Ruthless,4/19/2019,2019,TV-MA,111,min
s3906,Movie,A Little Chaos,4/17/2019,2014,R,113,min
s3907,Movie,Franco Escamilla: Bienvenido al mundo,4/17/2019,2019,TV-MA,54,min
s3908,Movie,HOMECOMING: A film by Beyoncé,4/17/2019,2019,TV-MA,138,min
s3909,Movie,About Time,4/16/2019,2013,R,123,min
s3910,Movie,Super Monsters Furever Friends,4/16/2019,2019,TV-Y,59,min
s3911,Movie,Bollywood Calling,4/15/2019,2001,TV-MA,102,min
s3912,Movie,Ek Khiladi Ek Haseena,4/15/2019,2005,TV-14,141,min
s3913,Movie,Generation Iron 3,4/15/2019,2018,TV-MA,95,min
s3914,Movie,Hazaaron Khwaishein Aisi,4/15/2019,2003,TV-MA,111,min
s3915,Movie,Jhankaar Beats,4/15/2019,2003,TV-14,131,min
s3916,Movie,Mumbai Matinee,4/15/2019,2003,TV-14,116,min
s3917,Movie,Rainbow Jelly,4/15/2019,2018,TV-14,119,min
s3918,Movie,Shabd,4/15/2019,2005,TV-14,146,min
s3919,Movie,Shortcut Safari,4/15/2019,2016,TV-PG,101,min
s3920,Movie,Thriller,4/14/2019,2018,TV-MA,87,min
s3921,TV Show,Crazy Ex-Girlfriend,4/13/2019,2019,TV-MA,4,Seasons
s3922,Movie,Who Would You Take to a Deserted Island?,4/13/2019,2019,TV-MA,94,min
s3923,Movie,Dabbe 5: Zehr-i Cin,4/12/2019,2014,TV-MA,133,min
s3924,Movie,Dabbe: The Possession,4/12/2019,2013,TV-MA,135,min
s3925,Movie,Francesco De Carlo: Cose di Questo Mondo,4/12/2019,2019,TV-MA,61,min
s3926,TV Show,Huge in France,4/12/2019,2019,TV-MA,1,Season
s3927,Movie,The Perfect Date,4/12/2019,2019,TV-14,91,min
s3928,TV Show,New Girl,4/11/2019,2018,TV-14,7,Seasons
s3929,TV Show,Persona,4/11/2019,2019,TV-MA,1,Season
s3930,Movie,Liss Pereira: Reteniendo líquidos,4/10/2019,2019,TV-14,59,min
s3931,Movie,The Silence,4/10/2019,2019,PG-13,91,min
s3932,TV Show,You vs. Wild,4/10/2019,2019,TV-PG,1,Season
s3933,Movie,Sarvam Thaala Mayam (Telugu Version),4/8/2019,2018,TV-14,131,min
s3934,Movie,Petta (Telugu Version),4/7/2019,2019,TV-14,170,min
s3935,TV Show,Time: The Kalief Browder Story,4/7/2019,2017,TV-MA,1,Season
s3936,Movie,Alien Warfare,4/5/2019,2019,TV-MA,88,min
s3937,TV Show,Derek,4/5/2019,2015,TV-MA,3,Seasons
s3938,TV Show,Imposters,4/5/2019,2017,TV-MA,2,Seasons
s3939,TV Show,Our Planet,4/5/2019,2019,TV-PG,1,Season
s3940,Movie,Petta,4/5/2019,2019,TV-14,170,min
s3941,TV Show,Quicksand,4/5/2019,2019,TV-MA,1,Season
s3942,TV Show,Rimba Racer,4/5/2019,2017,TV-PG,1,Season
s3943,TV Show,Roman Empire: Reign of Blood,4/5/2019,2019,TV-MA,3,Seasons
s3944,TV Show,Spirit: Riding Free,4/5/2019,2019,TV-Y7,8,Seasons
s3945,TV Show,Tijuana,4/5/2019,2019,TV-MA,1,Season
s3946,Movie,Unicorn Store,4/5/2019,2019,TV-14,92,min
s3947,TV Show,Possessed,4/4/2019,2019,TV-MA,1,Season
s3948,Movie,Ricardo Quevedo: Los amargados somos más,4/3/2019,2019,TV-MA,59,min
s3949,Movie,Suzzanna: Buried Alive,4/3/2019,2018,TV-MA,126,min
s3950,TV Show,Tango,4/3/2019,2018,TV-14,1,Season
s3951,Movie,Ek Ladki Ko Dekha Toh Aisa Laga,4/2/2019,2019,TV-14,120,min
s3952,Movie,Jagat,4/2/2019,2015,TV-MA,76,min
s3953,Movie,Kevin Hart: Irresponsible,4/2/2019,2019,TV-MA,60,min
s3954,TV Show,Kicko & Super Speedo,4/1/2019,2018,TV-Y7,1,Season
s3955,Movie,Love O2O,4/1/2019,2016,TV-14,103,min
s3956,Movie,Pinky Memsaab,4/1/2019,2018,TV-MA,124,min
s3957,TV Show,"That Winter, the Wind Blows",4/1/2019,2013,TV-MA,1,Season
s3958,Movie,The Trap,4/1/2019,2017,TV-MA,91,min
s3959,TV Show,Ultraman,4/1/2019,2019,TV-14,1,Season
s3960,Movie,Mercy Black,3/31/2019,2019,TV-14,88,min
s3961,Movie,The Burial of Kojo,3/31/2019,2018,TV-14,81,min
s3962,TV Show,Pablo,3/30/2019,2017,TV-Y,1,Season
s3963,Movie,15-Aug,3/29/2019,2019,TV-14,124,min
s3964,Movie,Bayonet,3/29/2019,2019,TV-MA,102,min
s3965,TV Show,Osmosis,3/29/2019,2019,TV-MA,1,Season
s3966,TV Show,Santa Clarita Diet,3/29/2019,2019,TV-MA,3,Seasons
s3967,Movie,The Highwaymen,3/29/2019,2019,R,132,min
s3968,Movie,The Legend of Cocaine Island,3/29/2019,2019,TV-MA,87,min
s3969,TV Show,The Terminal,3/29/2019,2018,TV-14,1,Season
s3970,TV Show,Traitors,3/29/2019,2019,TV-MA,1,Season
s3971,TV Show,Versailles,3/29/2019,2018,TV-MA,3,Seasons
s3972,TV Show,Ainori Love Wagon: Asian Journey,3/28/2019,2018,TV-MA,2,Seasons
s3973,Movie,Danur: I Can See Ghosts,3/27/2019,2017,TV-MA,75,min
s3974,Movie,Verses of Love,3/27/2019,2008,TV-PG,126,min
s3975,Movie,Nate Bargatze: The Tennessee Kid,3/26/2019,2019,TV-PG,61,min
s3976,Movie,Sei,3/25/2019,2018,TV-14,126,min
s3977,TV Show,The Eagle of El-Se'eed,3/25/2019,2018,TV-14,1,Season
s3978,Movie,Superlopez,3/24/2019,2018,TV-MA,108,min
s3979,Movie,Oversize Cops,3/23/2019,2017,TV-MA,100,min
s3980,TV Show,Charlie's Colorforms City,3/22/2019,2019,TV-Y,1,Season
s3981,TV Show,Crime Diaries: The Candidate,3/22/2019,2019,TV-MA,1,Season
s3982,TV Show,Delhi Crime,3/22/2019,2019,TV-MA,1,Season
s3983,Movie,Mirage,3/22/2019,2018,TV-MA,129,min
s3984,Movie,ReMastered: The Miami Showband Massacre,3/22/2019,2019,TV-MA,71,min
s3985,TV Show,The 10 Sins,3/22/2019,2018,TV-14,1,Season
s3986,Movie,The Dirt,3/22/2019,2019,TV-MA,108,min
s3987,TV Show,The OA,3/22/2019,2019,TV-MA,2,Seasons
s3988,Movie,Antoine Griezmann: The Making of a Legend,3/21/2019,2019,TV-PG,60,min
s3989,TV Show,Bo on the Go!,3/21/2019,2007,TV-Y,1,Season
s3990,TV Show,Stay Tuned!,3/21/2019,2019,TV-14,1,Season
s3991,Movie,The Amazing Praybeyt Benjamin,3/21/2019,2014,TV-14,105,min
s3992,Movie,The Super Parental Guardians,3/21/2019,2016,TV-14,115,min
s3993,Movie,The Third Party,3/21/2019,2016,TV-MA,118,min
s3994,Movie,The Unmarried Wife,3/21/2019,2016,TV-MA,130,min
s3995,Movie,Vince and Kath and James,3/21/2019,2016,TV-PG,115,min
s3996,Movie,Alexis Viera: A Story of Surviving,3/20/2019,2019,TV-MA,69,min
s3997,TV Show,9-Feb,3/20/2019,2018,TV-14,1,Season
s3998,Movie,Imago,3/20/2019,2018,TV-PG,97,min
s3999,TV Show,My Husband Won't Fit,3/20/2019,2019,TV-MA,1,Season
s4000,Movie,Amy Schumer Growing,3/19/2019,2019,TV-MA,61,min
s4001,Movie,5 Flights Up,3/17/2019,2014,PG-13,92,min
s4002,TV Show,Green Door,3/17/2019,2019,TV-MA,1,Season
s4003,Movie,Bombairiya,3/15/2019,2018,TV-MA,108,min
s4004,Movie,Burn Out,3/15/2019,2017,TV-MA,104,min
s4005,Movie,Edoardo Ferrario: Temi Caldi,3/15/2019,2019,TV-MA,65,min
s4006,Movie,Girl,3/15/2019,2018,R,106,min
s4007,TV Show,If I Hadn't Met You,3/15/2019,2018,TV-MA,1,Season
s4008,Movie,Jeff Dunham: Arguing with Myself,3/15/2019,2006,TV-MA,69,min
s4009,Movie,Jeff Dunham: Controlled Chaos,3/15/2019,2011,TV-MA,97,min
s4010,Movie,Jeff Dunham: Minding the Monsters,3/15/2019,2012,TV-MA,80,min
s4011,Movie,Jeff Dunham's Very Special Christmas Special,3/15/2019,2008,TV-MA,85,min
s4012,Movie,Late Life: The Chien-Ming Wang Story,3/15/2019,2018,TV-14,98,min
s4013,TV Show,My Pride,3/15/2019,2018,TV-14,1,Season
s4014,Movie,Paskal,3/15/2019,2018,TV-14,115,min
s4015,TV Show,Robozuna,3/15/2019,2018,TV-Y7,2,Seasons
s4016,TV Show,The Disappearance of Madeleine McCann,3/15/2019,2019,TV-14,1,Season
s4017,TV Show,Turn Up Charlie,3/15/2019,2019,TV-MA,1,Season
s4018,Movie,A Love Story,3/14/2019,2007,TV-14,117,min
s4019,Movie,Barcelona: A Love Untold,3/14/2019,2016,TV-14,132,min
s4020,Movie,Everything About Her,3/14/2019,2016,TV-MA,127,min
s4021,Movie,Finally Found Someone,3/14/2019,2017,TV-14,125,min
s4022,Movie,Seven Sundays,3/14/2019,2017,TV-MA,128,min
s4023,TV Show,More to Say,3/13/2019,2018,TV-14,1,Season
s4024,TV Show,The Land of Hypocrisy,3/13/2019,2018,TV-14,1,Season
s4025,Movie,Triple Frontier,3/13/2019,2019,R,126,min
s4026,Movie,Jimmy Carr: The Best of Ultimate Gold Greatest Hits,3/12/2019,2019,TV-MA,58,min
s4027,TV Show,Eugenie Nights,3/11/2019,2018,TV-14,1,Season
s4028,TV Show,This Evening,3/11/2019,2017,TV-14,1,Season
s4029,TV Show,Into the Badlands,3/10/2019,2018,TV-MA,3,Seasons
s4030,TV Show,Bangkok Love Stories: Hey You!,3/8/2019,2018,TV-14,1,Season
s4031,TV Show,Disappearance,3/8/2019,2018,TV-MA,1,Season
s4032,Movie,Hajwala 2: Mysterious Mission,3/8/2019,2018,TV-14,116,min
s4033,TV Show,Immortals,3/8/2019,2018,TV-MA,1,Season
s4034,Movie,Juanita,3/8/2019,2019,TV-MA,90,min
s4035,Movie,Lady J,3/8/2019,2019,TV-MA,111,min
s4036,TV Show,The Confrontation,3/8/2019,2018,TV-PG,1,Season
s4037,Movie,Walk. Ride. Rodeo.,3/8/2019,2019,TV-PG,100,min
s4038,Movie,Nappily Ever After,3/7/2019,2018,TV-MA,99,min
s4039,Movie,Sisterakas,3/7/2019,2012,TV-14,105,min
s4040,Movie,Starting Over Again,3/7/2019,2014,TV-14,128,min
s4041,Movie,That Thing Called Tadhana,3/7/2019,2015,TV-MA,91,min
s4042,Movie,The Love Affair,3/7/2019,2015,TV-MA,127,min
s4043,TV Show,American Crime Story: The People v. O.J. Simpson,3/6/2019,2016,TV-MA,1,Season
s4044,TV Show,Secret City,3/6/2019,2016,TV-MA,2,Seasons
s4045,TV Show,A Korean Odyssey,3/5/2019,2017,TV-MA,1,Season
s4046,Movie,The Hard Way,3/5/2019,2019,TV-MA,94,min
s4047,Movie,Everyday I Love You,3/4/2019,2015,TV-14,124,min
s4048,Movie,No Other Woman,3/4/2019,2011,TV-MA,103,min
s4049,Movie,River's Edge,3/2/2019,2018,TV-MA,118,min
s4050,Movie,Sarkar,3/2/2019,2018,TV-MA,162,min
s4051,Movie,Weapon of Choice,3/2/2019,2018,TV-MA,89,min
s4052,Movie,"2,215",3/1/2019,2018,TV-MA,89,min
s4053,Movie,BNK48: Girls Don't Cry,3/1/2019,2018,TV-14,108,min
s4054,Movie,Budapest,3/1/2019,2018,TV-MA,103,min
s4055,TV Show,Cricket Fever: Mumbai Indians,3/1/2019,2019,TV-MA,1,Season
s4056,TV Show,Larva Island,3/1/2019,2019,TV-Y7,2,Seasons
s4057,TV Show,Losers,3/1/2019,2019,TV-MA,1,Season
s4058,TV Show,Northern Rescue,3/1/2019,2019,TV-14,1,Season
s4059,Movie,Pants on Fire,3/1/2019,2014,TV-G,87,min
s4060,Movie,Paranormal Investigation,3/1/2019,2018,TV-14,93,min
s4061,Movie,Radio Rebel,3/1/2019,2012,TV-G,90,min
s4062,Movie,Sarvam Thaala Mayam (Tamil Version),3/1/2019,2018,TV-14,131,min
s4063,Movie,The Boy Who Harnessed the Wind,3/1/2019,2019,TV-PG,114,min
s4064,TV Show,The Disastrous Life of Saiki K.,3/1/2019,2018,TV-14,3,Seasons
s4065,Movie,The Last Runway,3/1/2019,2018,TV-MA,107,min
s4066,Movie,The Spiderwick Chronicles,3/1/2019,2008,PG,97,min
s4067,Movie,Your Son,3/1/2019,2018,TV-MA,103,min
s4068,Movie,Quién te cantará,2/28/2019,2018,TV-MA,125,min
s4069,Movie,A Second Chance,2/27/2019,2015,TV-MA,130,min
s4070,Movie,Beauty and the Bestie,2/27/2019,2015,TV-14,119,min
s4071,Movie,Bride For Rent,2/27/2019,2014,TV-PG,110,min
s4072,Movie,Can't Help Falling in Love,2/27/2019,2017,TV-14,120,min
s4073,Movie,Evening Shadows,2/27/2019,2018,TV-PG,102,min
s4074,Movie,Four Sisters and a Wedding,2/27/2019,2013,TV-14,125,min
s4075,Movie,It Takes a Man and a Woman,2/27/2019,2013,TV-PG,127,min
s4076,Movie,My Ex & Whys,2/27/2019,2017,TV-14,121,min
s4077,Movie,She's Dating the Gangster,2/27/2019,2014,TV-14,113,min
s4078,Movie,The Breakup Playlist,2/27/2019,2015,TV-MA,118,min
s4079,Movie,The Mistress,2/27/2019,2012,TV-MA,132,min
s4080,TV Show,Unsolved,2/27/2019,2018,TV-MA,1,Season
s4081,Movie,Zach Galifianakis: Live at the Purple Onion,2/26/2019,2006,TV-MA,61,min
s4082,Movie,Life of An Outcast,2/25/2019,2018,TV-PG,80,min
s4083,Movie,The Photographer Of Mauthausen,2/23/2019,2018,TV-MA,110,min
s4084,Movie,Bert Kreischer: The Machine,2/22/2019,2016,TV-MA,70,min
s4085,TV Show,Chef's Table,2/22/2019,2019,TV-MA,6,Seasons
s4086,Movie,Firebrand,2/22/2019,2019,TV-MA,117,min
s4087,Movie,Paddleton,2/22/2019,2019,TV-MA,89,min
s4088,Movie,Paris Is Us,2/22/2019,2019,TV-MA,84,min
s4089,Movie,Shonar Pahar,2/22/2019,2018,TV-PG,131,min
s4090,TV Show,The Big Family Cooking Showdown,2/22/2019,2018,TV-PG,2,Seasons
s4091,TV Show,Z4,2/22/2019,2018,TV-PG,2,Seasons
s4092,Movie,The Drug King,2/21/2019,2018,TV-MA,139,min
s4093,Movie,Kevin James: Sweat the Small Stuff,2/20/2019,2001,TV-PG,42,min
s4094,Movie,Transformer,2/20/2019,2017,TV-MA,79,min
s4095,Movie,Genius,2/17/2019,2018,TV-14,96,min
s4096,Movie,Black Sea,2/16/2019,2015,R,114,min
s4097,Movie,Studio 54,2/16/2019,2018,TV-MA,99,min
s4098,Movie,Awe,2/15/2019,2018,TV-MA,111,min
s4099,Movie,Ayana,2/15/2019,2017,TV-MA,112,min
s4100,Movie,Behind the Curve,2/15/2019,2018,TV-14,96,min
s4101,Movie,Buddies,2/15/2019,2012,TV-MA,103,min
s4102,Movie,Candyflip,2/15/2019,2017,TV-MA,104,min
s4103,Movie,Chameli,2/15/2019,2004,TV-14,102,min
s4104,Movie,Fatso,2/15/2019,2012,TV-14,97,min
s4105,TV Show,Hjørdis,2/15/2019,2015,TV-MA,1,Season
s4106,TV Show,Larry Charles' Dangerous World of Comedy,2/15/2019,2019,TV-MA,1,Season
s4107,Movie,Neevevaro,2/15/2019,2018,TV-14,132,min
s4108,Movie,Pyaar Ke Side Effects,2/15/2019,2006,TV-MA,120,min
s4109,Movie,Sur: The Melody of Life,2/15/2019,2002,TV-14,137,min
s4110,TV Show,The 43,2/15/2019,2019,TV-MA,1,Season
s4111,Movie,The Breaker Upperers,2/15/2019,2018,TV-MA,82,min
s4112,TV Show,The Kirlian Frequency,2/15/2019,2017,TV-14,1,Season
s4113,Movie,Ugly Aur Pagli,2/15/2019,2008,TV-14,115,min
s4114,Movie,Yucatán,2/15/2019,2018,TV-MA,130,min
s4115,TV Show,Barbie Dreamhouse Adventures,2/14/2019,2018,TV-Y,3,Seasons
s4116,Movie,"Ken Jeong: You Complete Me, Ho",2/14/2019,2019,TV-MA,62,min
s4117,TV Show,Velvet Colección,2/14/2019,2018,TV-14,2,Seasons
s4118,Movie,Period. End of Sentence.,2/12/2019,2018,TV-PG,26,min
s4119,TV Show,Iron Ladies,2/9/2019,2018,TV-14,1,Season
s4120,TV Show,The Break,2/9/2019,2018,TV-MA,2,Seasons
s4121,Movie,High Flying Bird,2/8/2019,2019,TV-MA,91,min
s4122,Movie,Kevin Hart's Guide to Black History,2/8/2019,2019,TV-PG,63,min
s4123,TV Show,One Day at a Time,2/8/2019,2019,TV-PG,3,Seasons
s4124,Movie,ReMastered: The Two Killings of Sam Cooke,2/8/2019,2019,TV-MA,74,min
s4125,Movie,The Tree of Blood,2/8/2019,2018,TV-MA,136,min
s4126,TV Show,The Last of the Schmucks,2/7/2019,2017,TV-MA,1,Season
s4127,TV Show,Hidden Worlds,2/5/2019,2018,TV-14,1,Season
s4128,TV Show,Live,2/5/2019,2018,TV-MA,1,Season
s4129,Movie,"Ray Romano: Right Here, Around the Corner",2/5/2019,2019,TV-MA,59,min
s4130,TV Show,Safe,2/5/2019,2018,TV-MA,1,Season
s4131,TV Show,Tayee,2/5/2019,2018,TV-MA,1,Season
s4132,TV Show,Violet Evergarden,2/5/2019,2018,TV-14,1,Season
s4133,TV Show,Romance is a bonus book,2/3/2019,2019,TV-14,1,Season
s4134,Movie,Await Further Instructions,2/2/2019,2018,TV-MA,91,min
s4135,Movie,Manusangada,2/2/2019,2017,TV-14,93,min
s4136,Movie,14 Minutes from Earth,2/1/2019,2016,TV-MA,84,min
s4137,Movie,Dear Ex,2/1/2019,2018,TV-MA,100,min
s4138,Movie,Free Rein: Valentine's Day,2/1/2019,2019,TV-G,51,min
s4139,Movie,Lego DC Comics: Batman Be-Leaguered,2/1/2019,2014,TV-Y7,22,min
s4140,Movie,LEGO Marvel Super Heroes: Black Panther,2/1/2019,2018,TV-Y7,22,min
s4141,Movie,LEGO Marvel Super Heroes: Guardians of the Galaxy,2/1/2019,2017,TV-Y,22,min
s4142,TV Show,Littlest Pet Shop: A World of Our Own,2/1/2019,2018,TV-Y7,2,Seasons
s4143,TV Show,Russian Doll,2/1/2019,2019,TV-MA,1,Season
s4144,TV Show,Sparta,2/1/2019,2018,TV-MA,1,Season
s4145,TV Show,Sword Art Online Alternative: Gun Gale Online,2/1/2019,2018,TV-MA,1,Season
s4146,Movie,True: Happy Hearts Day,2/1/2019,2019,TV-Y,24,min
s4147,Movie,Velvet Buzzsaw,2/1/2019,2019,R,113,min
s4148,Movie,Hantu Kak Limah,1/31/2019,2018,TV-PG,110,min
s4149,Movie,Love Off the Cuff,1/31/2019,2017,TV-MA,120,min
s4150,TV Show,Paprika,1/31/2019,2018,TV-Y,1,Season
s4151,Movie,Maharaja: The Story of Ranjit Singh,1/30/2019,2010,TV-14,56,min
s4152,Movie,Virsa,1/30/2019,2010,TV-14,127,min
s4153,Movie,Bhasmasur,1/29/2019,2017,TV-14,74,min
s4154,Movie,"Gabriel ""Fluffy"" Iglesias: One Show Fits All",1/29/2019,2019,TV-14,91,min
s4155,Movie,High Society,1/29/2019,2018,TV-MA,137,min
s4156,Movie,Up Among  The Stars,1/29/2019,2018,TV-MA,86,min
s4157,Movie,Alt-Right: Age of Rage,1/28/2019,2018,TV-MA,106,min
s4158,Movie,Habibie & Ainun,1/28/2019,2012,TV-14,125,min
s4159,Movie,Nathicharami,1/28/2019,2018,TV-MA,114,min
s4160,Movie,Rudy Habibie,1/28/2019,2016,TV-14,143,min
s4161,Movie,Surga Yang Tak Dirindukan,1/28/2019,2015,TV-14,121,min
s4162,Movie,Surga Yang Tak Dirindukan 2,1/28/2019,2017,TV-14,119,min
s4163,TV Show,A Taiwanese Tale of Two Cities,1/27/2019,2018,TV-MA,1,Season
s4164,TV Show,Z Nation,1/27/2019,2018,TV-MA,5,Seasons
s4165,Movie,Goyo: The Boy General,1/26/2019,2018,TV-MA,150,min
s4166,Movie,Animas,1/25/2019,2018,TV-MA,88,min
s4167,TV Show,Black Earth Rising,1/25/2019,2018,TV-MA,1,Season
s4168,TV Show,Club of Crows,1/25/2019,2019,TV-MA,4,Seasons
s4169,TV Show,Examination of Conscience,1/25/2019,2019,TV-MA,1,Season
s4170,Movie,Mi Obra Maestra,1/25/2019,2018,TV-MA,105,min
s4171,Movie,Polar,1/25/2019,2019,TV-MA,119,min
s4172,TV Show,The Perfect Match,1/25/2019,2017,TV-14,1,Season
s4173,TV Show,Conversations with a Killer: The Ted Bundy Tapes,1/24/2019,2019,TV-MA,1,Season
s4174,Movie,Just Love,1/24/2019,2018,TV-MA,96,min
s4175,TV Show,Innocent,1/23/2019,2017,TV-MA,1,Season
s4176,Movie,Close,1/18/2019,2019,TV-MA,95,min
s4177,Movie,FYRE: The Greatest Party That Never Happened,1/18/2019,2019,TV-MA,98,min
s4178,Movie,IO,1/18/2019,2019,TV-14,96,min
s4179,TV Show,Marvel's The Punisher,1/18/2019,2019,TV-MA,2,Seasons
s4180,TV Show,Memory Love,1/18/2019,2017,TV-14,1,Season
s4181,Movie,Old Lord Savanna,1/18/2019,2018,TV-14,96,min
s4182,Movie,Patria,1/18/2019,2019,TV-MA,90,min
s4183,Movie,Soni,1/18/2019,2018,TV-MA,97,min
s4184,TV Show,The World's Most Extraordinary Homes,1/18/2019,2019,TV-G,3,Seasons
s4185,TV Show,Trigger Warning with Killer Mike,1/18/2019,2019,TV-MA,1,Season
s4186,Movie,Abducted in Plain Sight,1/15/2019,2017,TV-14,90,min
s4187,Movie,"Abdullah, The Final Witness",1/15/2019,2016,TV-14,88,min
s4188,Movie,Adhugo,1/15/2019,2018,TV-14,105,min
s4189,Movie,Echcharikkai,1/15/2019,2018,TV-14,127,min
s4190,TV Show,Lavender,1/15/2019,2002,TV-14,1,Season
s4191,Movie,Pandigai,1/15/2019,2017,TV-MA,125,min
s4192,Movie,Pari,1/15/2019,2018,TV-14,116,min
s4193,Movie,Revenger,1/15/2019,2018,TV-MA,102,min
s4194,Movie,Sebastian Maniscalco: Stay Hungry,1/15/2019,2019,TV-MA,65,min
s4195,Movie,The Doll,1/15/2019,2016,TV-MA,106,min
s4196,Movie,The Doll 2,1/15/2019,2017,TV-MA,117,min
s4197,TV Show,La Grande Chaumière Violette,1/14/2019,2016,TV-14,1,Season
s4198,Movie,Baazaar,1/13/2019,2018,TV-MA,136,min
s4199,Movie,All of You,1/11/2019,2017,TV-MA,104,min
s4200,TV Show,Back with the Ex,1/11/2019,2018,TV-MA,1,Season
s4201,TV Show,Friends from College,1/11/2019,2019,TV-MA,2,Seasons
s4202,TV Show,Hardy Bucks,1/11/2019,2018,TV-MA,4,Seasons
s4203,TV Show,Horrid Henry,1/11/2019,2019,TV-Y7,2,Seasons
s4204,Movie,ReMastered: Massacre at the Stadium,1/11/2019,2019,TV-MA,65,min
s4205,Movie,Solo,1/11/2019,2018,TV-MA,91,min
s4206,Movie,The Last Laugh,1/11/2019,2019,TV-MA,99,min
s4207,TV Show,Pocoyo,1/10/2019,2017,TV-Y,4,Seasons
s4208,TV Show,When Heroes Fly,1/10/2019,2018,TV-MA,1,Season
s4209,Movie,GODZILLA The Planet Eater,1/9/2019,2018,TV-PG,91,min
s4210,Movie,Next Enti?,1/9/2019,2018,TV-14,117,min
s4211,Movie,Komola Rocket,1/7/2019,2018,TV-14,95,min
s4212,Movie,Nang Nak,1/5/2019,1999,TV-MA,101,min
s4213,Movie,And Breathe Normally,1/4/2019,2018,TV-14,102,min
s4214,Movie,El Potro: Unstoppable,1/4/2019,2018,TV-MA,122,min
s4215,Movie,Lionheart,1/4/2019,2018,TV-PG,95,min
s4216,TV Show,See You in Time,1/4/2019,2017,TV-14,1,Season
s4217,TV Show,Déjà Vu,1/2/2019,2013,TV-14,1,Season
s4218,Movie,Monty Python and the Holy Grail,1/2/2019,1975,PG,92,min
s4219,TV Show,A Series of Unfortunate Events,1/1/2019,2019,TV-PG,3,Seasons
s4220,Movie,Back to the 90s,1/1/2019,2015,TV-14,111,min
s4221,TV Show,COMEDIANS of the world,1/1/2019,2019,TV-MA,13,Seasons
s4222,Movie,Merku Thodarchi Malai,1/1/2019,2018,TV-MA,115,min
s4223,Movie,Moshe Kasher: Live in Oakland,1/1/2019,2012,TV-MA,61,min
s4224,Movie,Pokémon the Movie: I Choose You!,1/1/2019,2017,TV-Y7,97,min
s4225,Movie,Puriyatha Puthir,1/1/2019,2017,TV-MA,120,min
s4226,Movie,Taramani,1/1/2019,2017,TV-MA,148,min
s4227,TV Show,The Paper,1/1/2019,2018,TV-MA,2,Seasons
s4228,TV Show,Tidying Up with Marie Kondo,1/1/2019,2019,TV-PG,1,Season
s4229,Movie,Whitney Cummings: Money Shot,1/1/2019,2010,TV-MA,48,min
s4230,Movie,Bill Hicks: One Night Stand,12/31/2018,1991,TV-MA,28,min
s4231,Movie,Bill Hicks: Reflections,12/31/2018,2015,TV-MA,34,min
s4232,Movie,Bill Hicks: Relentless,12/31/2018,1992,TV-MA,61,min
s4233,Movie,Bill Hicks: Revelations,12/31/2018,1993,TV-MA,56,min
s4234,Movie,Bill Hicks: Sane Man,12/31/2018,1989,TV-MA,81,min
s4235,Movie,Gina Yashere: Laughing to America,12/31/2018,2013,TV-MA,68,min
s4236,Movie,Gina Yashere: Skinny B*tch,12/31/2018,2008,TV-MA,58,min
s4237,Movie,Mexicanos de Bronce,12/31/2018,2016,TV-MA,100,min
s4238,Movie,Sam Kinison: Breaking the Rules,12/31/2018,1987,TV-MA,50,min
s4239,Movie,Sam Kinison: Family Entertainment Hour,12/31/2018,1991,TV-MA,49,min
s4240,Movie,Sam Kinison: Live in Vegas,12/31/2018,1991,TV-MA,71,min
s4241,Movie,Sam Kinison: The Scream Continues,12/31/2018,2016,TV-MA,29,min
s4242,Movie,Secrets in the Hot Spring,12/31/2018,2018,TV-14,108,min
s4243,Movie,Taylor Swift reputation Stadium Tour,12/31/2018,2018,TV-PG,125,min
s4244,Movie,The Seven Deadly Sins the Movie: Prisoners of the Sky,12/31/2018,2018,TV-14,100,min
s4245,Movie,Tim Allen: Men Are Pigs,12/31/2018,1990,TV-MA,30,min
s4246,Movie,Tim Allen: ReWires America,12/31/2018,1991,TV-MA,30,min
s4247,Movie,Tim Minchin And The Heritage Orchestra Live,12/31/2018,2011,TV-MA,146,min
s4248,Movie,Tim Minchin: So F**king Rock,12/31/2018,2008,TV-MA,127,min
s4249,Movie,Todd Glass: Stand-Up Special,12/31/2018,2012,TV-MA,46,min
s4250,Movie,Tom Papa Live in New York City,12/31/2018,2011,TV-14,57,min
s4251,TV Show,Pioneers: First Women Filmmakers*,12/30/2018,1925,TV-14,1,Season
s4252,TV Show,In Family We Trust,12/29/2018,2018,TV-MA,1,Season
s4253,Movie,A Twelve Year Night,12/28/2018,2018,TV-MA,122,min
s4254,Movie,Black Mirror: Bandersnatch,12/28/2018,2018,TV-MA,312,min
s4255,TV Show,Hashoter Hatov,12/28/2018,2015,TV-MA,1,Season
s4256,Movie,Life Ki Toh Lag Gayi,12/28/2018,2012,TV-MA,109,min
s4257,TV Show,Murder Mountain,12/28/2018,2018,TV-MA,1,Season
s4258,TV Show,Selection Day,12/28/2018,2018,TV-14,1,Season
s4259,Movie,The Birth Reborn 3,12/28/2018,2018,TV-14,73,min
s4260,Movie,When Angels Sleep,12/28/2018,2018,TV-MA,96,min
s4261,TV Show,Stand Up and Away! with Brian Regan,12/24/2018,2018,TV-PG,1,Season
s4262,TV Show,Way Back into Love,12/24/2018,2011,TV-14,1,Season
s4263,TV Show,Watership Down,12/23/2018,2018,TV-PG,1,Season
s4264,TV Show,Demon's Path,12/22/2018,2018,TV-14,1,Season
s4265,TV Show,People Just Do Nothing,12/22/2018,2018,TV-MA,5,Seasons
s4266,TV Show,Single Ladies Senior,12/22/2018,2018,TV-MA,1,Season
s4267,TV Show,7 Days Out,12/21/2018,2018,TV-PG,1,Season
s4268,Movie,Bad Seeds,12/21/2018,2018,TV-MA,105,min
s4269,Movie,Bird Box,12/21/2018,2018,R,124,min
s4270,TV Show,Jojo's World,12/21/2018,2017,TV-14,1,Season
s4271,TV Show,LAST HOPE,12/21/2018,2018,TV-14,2,Seasons
s4272,TV Show,Lion Pride,12/21/2018,2017,TV-MA,1,Season
s4273,TV Show,Love @ Seventeen,12/21/2018,2016,TV-14,1,Season
s4274,TV Show,Perfume,12/21/2018,2018,TV-MA,1,Season
s4275,TV Show,Sirius the Jaeger,12/21/2018,2018,TV-MA,1,Season
s4276,Movie,Struggle: The Life and Lost Art of Szukalski,12/21/2018,2018,TV-MA,105,min
s4277,TV Show,Wolf,12/21/2018,2018,TV-MA,1,Season
s4278,Movie,23:59,12/20/2018,2011,R,78,min
s4279,Movie,Aggretsuko: We Wish You a Metal Christmas,12/20/2018,2018,TV-PG,22,min
s4280,TV Show,Fate/stay night: Unlimited Blade Works,12/20/2018,2015,TV-14,2,Seasons
s4281,Movie,Imperfect,12/20/2018,2012,TV-MA,95,min
s4282,Movie,Lang Tong,12/20/2018,2015,TV-MA,82,min
s4283,Movie,Miss J Contemplates Her Choice,12/20/2018,2014,TV-MA,89,min
s4284,Movie,Ascharyachakit!,12/19/2018,2018,TV-MA,90,min
s4285,TV Show,Ellen DeGeneres: Relatable,12/18/2018,2018,TV-MA,1,Season
s4286,Movie,Lilli,12/17/2018,2018,TV-MA,85,min
s4287,Movie,Prince of Peoria: A Christmas Moose Miracle,12/17/2018,2018,TV-G,29,min
s4288,Movie,Andhadhun,12/16/2018,2018,TV-14,137,min
s4289,TV Show,Ashes of Love,12/16/2018,2018,TV-14,1,Season
s4290,Movie,Dragons: Dawn of the Dragon Racers,12/16/2018,2014,TV-PG,27,min
s4291,TV Show,DreamWorks Holiday Classics,12/16/2018,2011,TV-PG,1,Season
s4292,Movie,Kill the Messenger,12/16/2018,2014,R,112,min
s4293,Movie,Maps to the Stars,12/16/2018,2014,R,112,min
s4294,Movie,Springsteen on Broadway,12/16/2018,2018,TV-MA,153,min
s4295,Movie,The Theory of Everything,12/16/2018,2014,PG-13,123,min
s4296,Movie,F.R.E.D.I.,12/15/2018,2018,TV-PG,90,min
s4297,TV Show,Flowers,12/15/2018,2018,TV-MA,2,Seasons
s4298,Movie,Kita Kita,12/15/2018,2017,TV-14,84,min
s4299,Movie,Once in a Lifetime Sessions with George Ezra,12/15/2018,2018,TV-MA,78,min
s4300,Movie,Once in a Lifetime Sessions with Kasabian,12/15/2018,2018,TV-MA,79,min
s4301,Movie,Once in a Lifetime Sessions with OneRepublic,12/15/2018,2018,TV-PG,73,min
s4302,Movie,Once in a Lifetime Sessions with Snow Patrol,12/15/2018,2018,TV-MA,83,min
s4303,Movie,Sad Hill Unearthed,12/15/2018,2017,TV-14,83,min
s4304,Movie,Vanjagar Ulagam,12/15/2018,2018,TV-MA,145,min
s4305,TV Show,Hymn of Death,12/14/2018,2018,TV-14,1,Season
s4306,TV Show,Inside the Real Narcos,12/14/2018,2018,TV-MA,1,Season
s4307,Movie,ROMA,12/14/2018,2018,R,135,min
s4308,TV Show,The Fix,12/14/2018,2018,TV-MA,1,Season
s4309,TV Show,The Innocent Man,12/14/2018,2018,TV-MA,1,Season
s4310,TV Show,Tidelands,12/14/2018,2018,TV-MA,1,Season
s4311,TV Show,Travelers,12/14/2018,2018,TV-MA,3,Seasons
s4312,TV Show,Voltron: Legendary Defender,12/14/2018,2018,TV-Y7,8,Seasons
s4313,TV Show,Back Street Girls -GOKUDOLS-,12/12/2018,2018,TV-MA,1,Season
s4314,Movie,"Out of Many, One",12/12/2018,2018,TV-PG,35,min
s4315,Movie,Vir Das: Losing It,12/11/2018,2018,TV-MA,68,min
s4316,Movie,5 Star Christmas,12/7/2018,2018,TV-14,96,min
s4317,TV Show,Dogs of Berlin,12/7/2018,2018,TV-MA,1,Season
s4318,Movie,Dumplin',12/7/2018,2018,PG-13,110,min
s4319,Movie,Free Rein: The Twelve Neighs of Christmas,12/7/2018,2018,TV-G,58,min
s4320,Movie,Mowgli: Legend of the Jungle,12/7/2018,2018,PG-13,105,min
s4321,TV Show,Neo Yokio,12/7/2018,2018,TV-MA,2,Seasons
s4322,TV Show,Pine Gap,12/7/2018,2018,TV-MA,1,Season
s4323,Movie,ReMastered: Who Killed Jam Master Jay?,12/7/2018,2018,TV-MA,59,min
s4324,Movie,Super Monsters and the Wish Star,12/7/2018,2018,TV-Y,28,min
s4325,Movie,The American Meme,12/7/2018,2018,TV-MA,98,min
s4326,Movie,RUSSELL BRAND: RE:BIRTH,12/4/2018,2018,TV-MA,63,min
s4327,TV Show,The Sound of Your Heart: Reboot,12/3/2018,2018,TV-14,2,Seasons
s4328,TV Show,Memories of the Alhambra,12/2/2018,2018,TV-MA,1,Season
s4329,Movie,Teefa in Trouble,12/2/2018,2018,TV-14,155,min
s4330,Movie,A Beautiful Life,12/1/2018,2011,TV-14,122,min
s4331,Movie,Accident,12/1/2018,2009,TV-MA,87,min
s4332,Movie,"Ayotzinapa, el paso de la tortuga",12/1/2018,2018,TV-MA,73,min
s4333,Movie,Battle,12/1/2018,2018,TV-MA,98,min
s4334,Movie,Blind Detective,12/1/2018,2013,TV-MA,130,min
s4335,Movie,Break Up 100,12/1/2018,2014,TV-14,105,min
s4336,Movie,Chal Bhaag,12/1/2018,2014,TV-14,110,min
s4337,Movie,Crossroads: One Two Jaga,12/1/2018,2018,TV-14,81,min
s4338,Movie,Don't Go Breaking My Heart,12/1/2018,2011,TV-PG,115,min
s4339,Movie,Don't Go Breaking My Heart 2,12/1/2018,2014,TV-14,113,min
s4340,Movie,Faraar,12/1/2018,2015,TV-14,146,min
s4341,TV Show,Haunted House,12/1/2018,2017,TV-G,1,Season
s4342,Movie,Helios,12/1/2018,2015,TV-14,118,min
s4343,Movie,Line Walker,12/1/2018,2016,TV-MA,109,min
s4344,Movie,Look for a Star,12/1/2018,2009,TV-14,117,min
s4345,Movie,Oddbods: The Festive Menace,12/1/2018,2018,TV-Y,23,min
s4346,Movie,Once a Gangster,12/1/2018,2010,TV-MA,95,min
s4347,Movie,Power Paandi,12/1/2018,2017,TV-MA,124,min
s4348,Movie,Roll With Me,12/1/2018,2017,TV-MA,90,min
s4349,Movie,SDU: Sex Duties Unit,12/1/2018,2013,TV-MA,96,min
s4350,Movie,Set Off,12/1/2018,2008,TV-MA,96,min
s4351,TV Show,1983,11/30/2018,2018,TV-MA,1,Season
s4352,Movie,A Christmas Prince: The Royal Wedding,11/30/2018,2018,TV-PG,93,min
s4353,Movie,Angela's Christmas,11/30/2018,2018,TV-Y,30,min
s4354,TV Show,Death by Magic,11/30/2018,2018,TV-PG,1,Season
s4355,Movie,El club de los insomnes,11/30/2018,2018,TV-MA,82,min
s4356,Movie,Happy as Lazzaro,11/30/2018,2018,PG-13,127,min
s4357,TV Show,Love and Fortune,11/30/2018,2018,TV-MA,1,Season
s4358,Movie,Manto,11/30/2018,2018,TV-MA,114,min
s4359,Movie,Rajma Chawal,11/30/2018,2018,TV-MA,119,min
s4360,TV Show,Spy Kids: Mission Critical,11/30/2018,2018,TV-Y7,2,Seasons
s4361,Movie,The World Is Yours,11/30/2018,2018,TV-MA,101,min
s4362,Movie,Time Share,11/30/2018,2018,TV-MA,96,min
s4363,TV Show,Bumping Mics with Jeff Ross & Dave Attell,11/27/2018,2018,TV-MA,1,Season
s4364,TV Show,Minecraft: Story Mode,11/27/2018,2015,TV-PG,1,Season
s4365,Movie,My Little Pony Friendship Is Magic: Best Gift Ever,11/25/2018,2018,TV-Y,44,min
s4366,TV Show,Frontier,11/23/2018,2018,TV-MA,3,Seasons
s4367,TV Show,Fugitiva,11/23/2018,2018,TV-MA,1,Season
s4368,TV Show,Sick Note,11/23/2018,2018,TV-MA,2,Seasons
s4369,TV Show,Mystery Science Theater 3000: The Return,11/22/2018,2018,TV-14,2,Seasons
s4370,Movie,The Christmas Chronicles,11/22/2018,2018,TV-PG,104,min
s4371,Movie,The Tribe,11/21/2018,2018,TV-MA,91,min
s4372,TV Show,Kulipari: Dream Walker,11/20/2018,2018,TV-Y7,1,Season
s4373,TV Show,Paap-O-Meter,11/20/2018,2017,TV-Y7,1,Season
s4374,Movie,Puppy Star Christmas,11/20/2018,2018,PG,91,min
s4375,Movie,Sabrina,11/20/2018,2018,TV-MA,114,min
s4376,Movie,Target,11/20/2018,2018,TV-14,91,min
s4377,TV Show,The Final Table,11/20/2018,2018,TV-PG,1,Season
s4378,Movie,Trevor Noah: Son of Patricia,11/20/2018,2018,TV-MA,64,min
s4379,Movie,The Pixar Story,11/18/2018,2007,G,89,min
s4380,TV Show,Eternal Love,11/17/2018,2017,TV-14,1,Season
s4381,TV Show,La Doña,11/17/2018,2016,TV-14,1,Season
s4382,TV Show,Silvana Sin Lana,11/17/2018,2016,TV-14,1,Season
s4383,Movie,Cam,11/16/2018,2018,TV-MA,95,min
s4384,Movie,Nothing to Hide,11/16/2018,2018,TV-MA,94,min
s4385,TV Show,Ponysitters Club,11/16/2018,2018,TV-G,2,Seasons
s4386,Movie,The Ballad of Buster Scruggs,11/16/2018,2018,R,133,min
s4387,Movie,The Princess Switch,11/16/2018,2018,TV-G,102,min
s4388,TV Show,Vai Anitta,11/16/2018,2018,TV-MA,1,Season
s4389,Movie,Aalorukkam,11/15/2018,2018,TV-PG,122,min
s4390,TV Show,Beyblade Burst Evolution,11/15/2018,2017,TV-Y,1,Season
s4391,Movie,Christmas Wedding Planner,11/15/2018,2017,PG,86,min
s4392,Movie,Halkaa,11/15/2018,2018,TV-14,111,min
s4393,Movie,May the Devil Take You,11/15/2018,2018,TV-MA,111,min
s4394,Movie,Muzaffarnagar Baaqi Hai,11/15/2018,2015,TV-MA,136,min
s4395,Movie,Odu Raja Odu,11/15/2018,2018,TV-14,121,min
s4396,Movie,Savita Damodar Paranjpe,11/15/2018,2018,TV-14,119,min
s4397,Movie,The Giant,11/15/2018,2017,TV-14,115,min
s4398,Movie,BuyBust,11/13/2018,2018,TV-MA,128,min
s4399,Movie,Loudon Wainwright III: Surviving Twin,11/13/2018,2018,TV-14,92,min
s4400,TV Show,Warrior,11/13/2018,2018,TV-MA,1,Season
s4401,TV Show,Age of Tanks,11/10/2018,2017,TV-PG,1,Season
s4402,Movie,"All's Well, End's Well (2009)",11/9/2018,2009,TV-14,99,min
s4403,Movie,Lommbock,11/9/2018,2017,TV-MA,106,min
s4404,TV Show,Medal of Honor,11/9/2018,2018,TV-MA,1,Season
s4405,Movie,Outlaw King,11/9/2018,2018,R,122,min
s4406,TV Show,Super Drags,11/9/2018,2018,TV-MA,1,Season
s4407,TV Show,The Queen of Flow,11/9/2018,2018,TV-MA,1,Season
s4408,TV Show,Treehouse Detectives,11/9/2018,2018,TV-Y,2,Seasons
s4409,TV Show,Westside,11/9/2018,2018,TV-MA,1,Season
s4410,TV Show,Transfers,11/8/2018,2017,TV-MA,1,Season
s4411,TV Show,Damnation,11/7/2018,2017,TV-MA,1,Season
s4412,Movie,Bucket List,11/5/2018,2018,TV-14,129,min
s4413,Movie,John Leguizamo's Latin History for Morons,11/5/2018,2018,TV-MA,90,min
s4414,TV Show,Kopitiam,11/3/2018,2003,TV-14,7,Seasons
s4415,Movie,Ana e Vitória,11/2/2018,2018,TV-MA,116,min
s4416,TV Show,Brainchild,11/2/2018,2018,TV-G,1,Season
s4417,Movie,ReMastered: Tricky Dick & The Man in Black,11/2/2018,2018,TV-14,59,min
s4418,Movie,The Holiday Calendar,11/2/2018,2018,TV-G,95,min
s4419,Movie,The Other Side of the Wind,11/2/2018,2018,R,122,min
s4420,Movie,They’ll Love Me When I’m Dead,11/2/2018,2018,TV-MA,98,min
s4421,Movie,Aagey Se Right,11/1/2018,2009,TV-14,117,min
s4422,Movie,Aamir,11/1/2018,2008,TV-14,95,min
s4423,Movie,ABCD 2,11/1/2018,2015,TV-14,146,min
s4424,Movie,ABCD: Any Body Can Dance,11/1/2018,2013,TV-14,136,min
s4425,Movie,Arjun: The Warrior Prince,11/1/2018,2011,TV-14,91,min
s4426,Movie,Asees,11/1/2018,2018,TV-14,123,min
s4427,Movie,Barfi!,11/1/2018,2012,TV-14,144,min
s4428,Movie,Chance Pe Dance,11/1/2018,2010,TV-14,121,min
s4429,Movie,Christmas With A View,11/1/2018,2018,TV-PG,91,min
s4430,Movie,Chup Chup Ke,11/1/2018,2006,TV-14,158,min
s4431,TV Show,Creators,11/1/2018,2015,TV-Y,2,Seasons
s4432,Movie,Dhan Dhana Dhan Goal,11/1/2018,2007,TV-14,157,min
s4433,Movie,Dhoondte Reh Jaoge,11/1/2018,2009,TV-14,124,min
s4434,Movie,Do Dooni Chaar,11/1/2018,2010,TV-PG,106,min
s4435,Movie,Edge of Fear,11/1/2018,2018,TV-MA,92,min
s4436,Movie,"Edmilson Filho: Notas, Comedy about Relationships",11/1/2018,2017,TV-MA,80,min
s4437,TV Show,Follow This,11/1/2018,2018,TV-MA,3,Seasons
s4438,Movie,Gaddar: the Traitor,11/1/2018,2015,TV-14,126,min
s4439,Movie,Ghanchakkar,11/1/2018,2013,TV-MA,129,min
s4440,Movie,Grandmaster,11/1/2018,2012,TV-14,133,min
s4441,Movie,Hattrick,11/1/2018,2007,TV-14,109,min
s4442,Movie,Heroine,11/1/2018,2012,TV-MA,143,min
s4443,Movie,Himmatwala,11/1/2018,2013,TV-14,140,min
s4444,Movie,Husbands in Goa,11/1/2018,2012,TV-14,150,min
s4445,Movie,Jatts in Golmaal,11/1/2018,2013,TV-PG,128,min
s4446,Movie,Kai Po Che!,11/1/2018,2013,TV-MA,120,min
s4447,Movie,Kalakalappu,11/1/2018,2012,TV-14,154,min
s4448,Movie,Katt Williams: The Pimp Chronicles: Pt. 1,11/1/2018,2006,TV-MA,45,min
s4449,Movie,Katti Batti,11/1/2018,2015,TV-14,132,min
s4450,Movie,Life in a ... Metro,11/1/2018,2007,TV-14,126,min
s4451,Movie,Marc Maron: Thinky Pain,11/1/2018,2013,TV-MA,95,min
s4452,Movie,Mumbai Meri Jaan,11/1/2018,2008,TV-MA,135,min
s4453,Movie,Mundeyan Ton Bachke Rahin,11/1/2018,2014,TV-14,139,min
s4454,Movie,No One Killed Jessica,11/1/2018,2011,TV-MA,131,min
s4455,Movie,Oye Lucky! Lucky Oye!,11/1/2018,2008,TV-14,118,min
s4456,Movie,Paan Singh Tomar,11/1/2018,2010,TV-14,129,min
s4457,Movie,Raja Natwarlal,11/1/2018,2014,TV-14,131,min
s4458,Movie,Satyagraha,11/1/2018,2013,TV-14,146,min
s4459,Movie,Settai,11/1/2018,2013,TV-14,123,min
s4460,Movie,Sigaram Thodu,11/1/2018,2014,TV-14,141,min
s4461,Movie,Sommore: The Reign Continues,11/1/2018,2015,TV-MA,93,min
s4462,TV Show,The Great British Baking Show: The Beginnings,11/1/2018,2012,TV-PG,1,Season
s4463,Movie,The Untold Tales of Armistead Maupin,11/1/2018,2017,TV-MA,91,min
s4464,Movie,Vaya,11/1/2018,2016,TV-MA,106,min
s4465,Movie,Welcome to Sajjanpur,11/1/2018,2008,TV-14,131,min
s4466,Movie,Yeh Hai Bakrapur,11/1/2018,2014,TV-PG,95,min
s4467,Movie,Zokkomon,11/1/2018,2011,PG,104,min
s4468,Movie,Gun City,10/31/2018,2018,TV-MA,126,min
s4469,Movie,Heneral Luna,10/31/2018,2015,R,118,min
s4470,TV Show,Fate/EXTRA Last Encore,10/30/2018,2018,TV-MA,2,Seasons
s4471,Movie,Dragon Tiger Gate,10/27/2018,2006,TV-14,94,min
s4472,Movie,Been So Long,10/26/2018,2018,TV-MA,100,min
s4473,Movie,Dovlatov,10/26/2018,2018,PG-13,126,min
s4474,Movie,Jefe,10/26/2018,2018,TV-MA,90,min
s4475,Movie,Santo Cachón,10/26/2018,2018,TV-14,87,min
s4476,Movie,Shirkers,10/26/2018,2018,TV-14,97,min
s4477,TV Show,Terrorism Close Calls,10/26/2018,2018,TV-MA,1,Season
s4478,Movie,W/O Ram,10/26/2018,2018,TV-MA,115,min
s4479,TV Show,DreamWorks Spooky Stories,10/25/2018,2009,TV-PG,1,Season
s4480,TV Show,Great News,10/25/2018,2017,TV-14,2,Seasons
s4481,Movie,Ronnie Coleman: The King,10/25/2018,2018,TV-MA,93,min
s4482,Movie,Baahubali: The Beginning (English Version),10/24/2018,2015,TV-14,138,min
s4483,Movie,ADAM SANDLER 100% FRESH,10/23/2018,2018,TV-MA,74,min
s4484,TV Show,Here to Heart,10/23/2018,2018,TV-14,1,Season
s4485,Movie,Scorpion King 5: Book of Souls,10/23/2018,2018,PG-13,102,min
s4486,TV Show,The Hollywood Masters,10/23/2018,2017,TV-MA,3,Seasons
s4487,Movie,How to Get Over a Breakup,10/20/2018,2018,TV-MA,104,min
s4488,TV Show,Accidentally in Love,10/19/2018,2018,TV-14,1,Season
s4489,TV Show,Ask the Doctor,10/19/2018,2017,TV-PG,1,Season
s4490,TV Show,Best.Worst.Weekend.Ever.,10/19/2018,2018,TV-PG,1,Season
s4491,Movie,"Club de Cuervos Presents: I, Potro",10/19/2018,2018,TV-MA,51,min
s4492,Movie,Derren Brown: Sacrifice,10/19/2018,2018,TV-MA,50,min
s4493,Movie,Gnome Alone,10/19/2018,2018,PG,86,min
s4494,Movie,Illang: The Wolf Brigade,10/19/2018,2018,TV-MA,140,min
s4495,TV Show,Making a Murderer,10/19/2018,2018,TV-14,2,Seasons
s4496,TV Show,Marvel's Daredevil,10/19/2018,2018,TV-MA,3,Seasons
s4497,Movie,Naa Bangaaru Talli,10/19/2018,2013,TV-14,122,min
s4498,Movie,Oddbods: Party Monsters,10/19/2018,2018,TV-Y,23,min
s4499,TV Show,Project S The Series,10/19/2018,2017,TV-MA,4,Seasons
s4500,Movie,S Storm,10/19/2018,2016,TV-MA,95,min
s4501,Movie,The Night Comes for Us,10/19/2018,2018,TV-MA,121,min
s4502,TV Show,Wanderlust,10/19/2018,2018,TV-MA,1,Season
s4503,Movie,Mr. Chandramouli,10/18/2018,2018,TV-MA,131,min
s4504,TV Show,My Babysitter's a Vampire,10/17/2018,2012,TV-PG,2,Seasons
s4505,TV Show,Rake,10/16/2018,2018,TV-MA,5,Seasons
s4506,Movie,"Ron White: If You Quit Listening, I'll Shut Up",10/16/2018,2018,TV-MA,63,min
s4507,Movie,Meghnadbodh Rohoshyo,10/15/2018,2017,TV-MA,150,min
s4508,Movie,Sanju,10/15/2018,2018,TV-MA,159,min
s4509,TV Show,Stunt Science,10/15/2018,2018,TV-MA,1,Season
s4510,Movie,Soorma,10/13/2018,2018,TV-14,131,min
s4511,Movie,Apostle,10/12/2018,2018,TV-MA,130,min
s4512,TV Show,Edgar Rice Burroughs' Tarzan and Jane,10/12/2018,2018,TV-Y7,2,Seasons
s4513,Movie,Errementari: The Blacksmith and the Devil,10/12/2018,2018,TV-MA,99,min
s4514,Movie,Feminists: What Were They Thinking?,10/12/2018,2018,TV-MA,86,min
s4515,TV Show,FIGHTWORLD,10/12/2018,2018,TV-MA,1,Season
s4516,Movie,Kuntilanak,10/12/2018,2018,TV-14,106,min
s4517,Movie,ReMastered: Who Shot the Sheriff,10/12/2018,2018,TV-14,57,min
s4518,TV Show,The Curious Creations of Christine McConnell,10/12/2018,2018,TV-PG,1,Season
s4519,TV Show,The Haunting of Hill House,10/12/2018,2018,TV-MA,1,Season
s4520,Movie,The Kindergarten Teacher,10/12/2018,2018,R,97,min
s4521,TV Show,Ordinary Heroes,10/11/2018,2018,TV-MA,1,Season
s4522,TV Show,Salt Fat Acid Heat,10/11/2018,2018,TV-PG,1,Season
s4523,Movie,22-Jul,10/10/2018,2018,R,144,min
s4524,TV Show,Blood Pact,10/10/2018,2018,TV-MA,1,Season
s4525,Movie,Tales From the Hood 2,10/10/2018,2018,R,110,min
s4526,Movie,Mo Amer: The Vagabond,10/9/2018,2018,TV-MA,57,min
s4527,Movie,Pulang,10/8/2018,2018,TV-14,119,min
s4528,TV Show,Sofia the First,10/8/2018,2017,TV-Y,4,Seasons
s4529,Movie,Seven in Heaven,10/6/2018,2018,PG-13,94,min
s4530,TV Show,Dancing Queen,10/5/2018,2018,TV-14,1,Season
s4531,TV Show,Empire Games,10/5/2018,2018,TV-14,1,Season
s4532,TV Show,LOST SONG,10/5/2018,2018,TV-14,1,Season
s4533,Movie,Malevolent,10/5/2018,2018,TV-MA,89,min
s4534,Movie,Private Life,10/5/2018,2018,R,124,min
s4535,Movie,Super Monsters Save Halloween,10/5/2018,2018,TV-Y,25,min
s4536,TV Show,YG Future Strategy Office,10/5/2018,2018,TV-MA,1,Season
s4537,TV Show,Violet Evergarden: Special,10/4/2018,2018,TV-PG,1,Season
s4538,Movie,The Black Prince,10/3/2018,2017,PG-13,121,min
s4539,Movie,Truth or Dare,10/3/2018,2017,TV-MA,88,min
s4540,Movie,Death Race: Beyond Anarchy,10/2/2018,2017,R,111,min
s4541,Movie,Eric ldle's What About Dick?,10/2/2018,2012,TV-MA,81,min
s4542,Movie,Joe Rogan: Strange Times,10/2/2018,2018,TV-MA,64,min
s4543,TV Show,Monty Python Best Bits (mostly),10/2/2018,2014,TV-MA,1,Season
s4544,Movie,Monty Python Conquers America,10/2/2018,2008,TV-MA,55,min
s4545,Movie,"Monty Python Live (Mostly): One Down, Five to Go",10/2/2018,2014,TV-MA,137,min
s4546,Movie,Monty Python: Before the Flying Circus,10/2/2018,2000,TV-MA,56,min
s4547,Movie,Monty Python: Live at Aspen,10/2/2018,1998,TV-MA,58,min
s4548,Movie,Monty Python: Live at The Hollywood Bowl,10/2/2018,1982,R,80,min
s4549,Movie,Monty Python: The Meaning of Live,10/2/2018,2014,TV-MA,94,min
s4550,TV Show,Monty Python's Almost the Truth,10/2/2018,2009,TV-MA,1,Season
s4551,TV Show,Monty Python's Fliegender Zirkus,10/2/2018,1972,TV-MA,1,Season
s4552,TV Show,Monty Python's Flying Circus,10/2/2018,1974,TV-14,4,Seasons
s4553,Movie,Monty Python's Life of Brian,10/2/2018,1979,R,94,min
s4554,TV Show,Monty Python's Personal Best,10/2/2018,2005,TV-MA,1,Season
s4555,Movie,Parrot Sketch Not Included: Twenty Years of Monty Python,10/2/2018,1989,TV-14,72,min
s4556,Movie,The Meaning of Monty Python,10/2/2018,2013,TV-MA,60,min
s4557,Movie,25 Kille,10/1/2018,2016,TV-14,140,min
s4558,Movie,A Witches' Ball,10/1/2018,2017,PG,91,min
s4559,Movie,Agyaat,10/1/2018,2009,TV-14,97,min
s4560,Movie,Anjaan,10/1/2018,2014,TV-14,146,min
s4561,Movie,Bathinda Express,10/1/2018,2016,TV-14,118,min
s4562,Movie,Delhi 6,10/1/2018,2009,TV-14,128,min
s4563,Movie,Dev.D,10/1/2018,2009,TV-MA,137,min
s4564,Movie,Dil Vil Pyaar Vyaar,10/1/2018,2014,TV-PG,145,min
s4565,Movie,Dushman,10/1/2018,2017,TV-14,141,min
s4566,Movie,Ek Main Aur Ekk Tu,10/1/2018,2012,TV-14,106,min
s4567,Movie,Freedom at Midnight,10/1/2018,2018,TV-MA,135,min
s4568,Movie,Haani,10/1/2018,2013,TV-14,137,min
s4569,Movie,Happy Go Lucky,10/1/2018,2014,TV-14,129,min
s4570,Movie,Harishchandrachi Factory,10/1/2018,2009,TV-PG,99,min
s4571,TV Show,Hot Date,10/1/2018,2018,TV-MA,1,Season
s4572,Movie,Jagga Jasoos,10/1/2018,2017,TV-14,155,min
s4573,Movie,Jatt James Bond,10/1/2018,2014,TV-14,142,min
s4574,Movie,Jodhaa Akbar,10/1/2018,2008,TV-14,214,min
s4575,Movie,Judge Singh LLB,10/1/2018,2015,TV-PG,137,min
s4576,Movie,Kaminey,10/1/2018,2009,TV-14,128,min
s4577,Movie,Khido Khundi,10/1/2018,2018,TV-14,151,min
s4578,Movie,Khoobsurat,10/1/2018,2014,TV-14,121,min
s4579,Movie,Kisaan,10/1/2018,2009,TV-14,101,min
s4580,Movie,Kismat Konnection,10/1/2018,2008,TV-14,145,min
s4581,Movie,Kurbaan,10/1/2018,2009,TV-14,147,min
s4582,Movie,Lock,10/1/2018,2016,TV-14,90,min
s4583,Movie,Luv Shuv Tey Chicken Khurana,10/1/2018,2012,TV-14,129,min
s4584,Movie,"Main, Meri Patni Aur Woh",10/1/2018,2005,TV-PG,129,min
s4585,Movie,Manje Bistre,10/1/2018,2017,TV-14,136,min
s4586,Movie,Motor Mitraan Di,10/1/2018,2016,TV-PG,117,min
s4587,Movie,Mugamoodi,10/1/2018,2012,TV-14,150,min
s4588,Movie,Muran,10/1/2018,2011,TV-14,134,min
s4589,Movie,My Friend Pinto,10/1/2018,2011,TV-14,100,min
s4590,Movie,My Little Pony Equestria Girls: Forgotten Friendship,10/1/2018,2018,TV-Y,44,min
s4591,Movie,My Little Pony Equestria Girls: Rollercoaster of Friendship,10/1/2018,2018,TV-Y,44,min
s4592,Movie,My Suicide,10/1/2018,2009,TV-MA,111,min
s4593,Movie,Naan Sigappu Manithan,10/1/2018,2014,TV-14,147,min
s4594,Movie,Nasha,10/1/2018,2013,TV-14,115,min
s4595,Movie,Naughty Jatts,10/1/2018,2013,TV-PG,121,min
s4596,Movie,Needhi Singh,10/1/2018,2016,TV-14,103,min
s4597,Movie,Peace Haven,10/1/2018,2016,TV-14,73,min
s4598,Movie,Phantom,10/1/2018,2015,TV-14,129,min
s4599,Movie,Pizza,10/1/2018,2014,TV-14,102,min
s4600,Movie,Pooja Kiven Aa,10/1/2018,2013,TV-PG,122,min
s4601,Movie,Race,10/1/2018,2008,TV-14,155,min
s4602,Movie,Race 2,10/1/2018,2013,TV-14,139,min
s4603,Movie,Saadey CM Saab,10/1/2018,2015,TV-PG,131,min
s4604,Movie,Sat Shri Akaal England,10/1/2018,2017,TV-14,127,min
s4605,TV Show,Strong,10/1/2018,2016,TV-14,1,Season
s4606,Movie,Thaandavam,10/1/2018,2012,TV-14,156,min
s4607,Movie,The Birth Reborn,10/1/2018,2018,TV-MA,91,min
s4608,Movie,Theeya Velai Seyyanum Kumaru,10/1/2018,2013,TV-PG,132,min
s4609,TV Show,Three Wives One Husband,10/1/2018,2018,TV-14,1,Season
s4610,Movie,Tiger,10/1/2018,2016,TV-14,130,min
s4611,Movie,Udaan,10/1/2018,2010,TV-MA,137,min
s4612,Movie,Vettai,10/1/2018,2012,TV-14,156,min
s4613,Movie,Wake Up Sid,10/1/2018,2009,TV-14,132,min
s4614,Movie,We Are Family,10/1/2018,2010,TV-14,119,min
s4615,Movie,What the Jatt!!,10/1/2018,2015,TV-PG,140,min
s4616,Movie,Zindagi Kitni Haseen Hay,10/1/2018,2016,TV-14,126,min
s4617,Movie,Big Miracle,9/30/2018,2012,PG,107,min
s4618,Movie,Paradise Lost,9/29/2018,2018,TV-MA,111,min
s4619,Movie,Animal World,9/28/2018,2018,TV-MA,130,min
s4620,Movie,Hold the Dark,9/28/2018,2018,TV-MA,126,min
s4621,Movie,Lessons from a School Shooting: Notes from Dunblane,9/28/2018,2018,TV-14,24,min
s4622,TV Show,Made in Mexico,9/28/2018,2018,TV-MA,1,Season
s4623,TV Show,Reboot: The Guardian Code,9/28/2018,2018,TV-Y7,2,Seasons
s4624,TV Show,Skylanders Academy,9/28/2018,2018,TV-Y7,3,Seasons
s4625,Movie,The 3rd Eye,9/28/2018,2018,TV-MA,108,min
s4626,Movie,Two Catalonias,9/28/2018,2018,TV-MA,117,min
s4627,Movie,In Darkness,9/22/2018,2018,TV-MA,101,min
s4628,TV Show,Battlefish,9/21/2018,2018,TV-MA,1,Season
s4629,TV Show,DRAGON PILOT: Hisone & Masotan,9/21/2018,2018,TV-14,1,Season
s4630,TV Show,Maniac,9/21/2018,2018,TV-MA,1,Season
s4631,Movie,Quincy,9/21/2018,2018,TV-MA,124,min
s4632,Movie,Rafinha Bastos: Ultimatum,9/21/2018,2018,TV-MA,63,min
s4633,TV Show,The Good Cop,9/21/2018,2018,TV-14,1,Season
s4634,TV Show,Mobile Suit Gundam UC,9/20/2018,2014,TV-PG,1,Season
s4635,TV Show,Transformers: Rescue Bots,9/19/2018,2016,TV-Y7,1,Season
s4636,TV Show,Al Hayba,9/15/2018,2017,TV-14,1,Season
s4637,TV Show,American Vandal,9/14/2018,2018,TV-MA,2,Seasons
s4638,TV Show,Boca Juniors Confidential,9/14/2018,2018,TV-PG,1,Season
s4639,TV Show,Ingobernable,9/14/2018,2018,TV-MA,2,Seasons
s4640,TV Show,Norm Macdonald Has a Show,9/14/2018,2018,TV-MA,1,Season
s4641,TV Show,Super Monsters Monster Party,9/14/2018,2018,TV-Y,1,Season
s4642,Movie,The Angel,9/14/2018,2018,TV-MA,114,min
s4643,Movie,The Land of Steady Habits,9/14/2018,2018,TV-MA,98,min
s4644,TV Show,The Rise of Phoenixes,9/14/2018,2018,TV-14,1,Season
s4645,Movie,Reversing Roe,9/13/2018,2018,TV-14,100,min
s4646,TV Show,Life,9/12/2018,2018,TV-MA,1,Season
s4647,Movie,On My Skin,9/12/2018,2018,TV-MA,100,min
s4648,TV Show,Daniel Sloss: Live Shows,9/11/2018,2018,TV-MA,1,Season
s4649,TV Show,If I were an Animal,9/11/2018,2018,TV-G,1,Season
s4650,Movie,The Resistance Banker,9/11/2018,2018,TV-MA,123,min
s4651,TV Show,Show Me the Money,9/9/2018,2004,TV-14,2,Seasons
s4652,TV Show,Transformers Prime,9/8/2018,2013,TV-Y7,1,Season
s4653,TV Show,Transformers: Robots in Disguise,9/8/2018,2016,TV-Y7,1,Season
s4654,Movie,City of Joy,9/7/2018,2018,TV-MA,77,min
s4655,TV Show,First and Last,9/7/2018,2018,TV-MA,1,Season
s4656,TV Show,Marvel's Iron Fist,9/7/2018,2018,TV-MA,2,Seasons
s4657,Movie,Next Gen,9/7/2018,2018,TV-PG,106,min
s4658,Movie,Sierra Burgess Is A Loser,9/7/2018,2018,PG-13,106,min
s4659,TV Show,Stretch Armstrong & the Flex Fighters,9/7/2018,2018,TV-Y7,2,Seasons
s4660,Movie,The Most Assassinated Woman in the World,9/7/2018,2018,TV-MA,102,min
s4661,Movie,PK,9/6/2018,2014,TV-14,146,min
s4662,Movie,The Debt Collector,9/3/2018,2018,TV-MA,96,min
s4663,TV Show,Monkey Twins,9/2/2018,2018,TV-MA,1,Season
s4664,TV Show,Quantico,9/2/2018,2018,TV-14,3,Seasons
s4665,TV Show,Age of Rebellion,9/1/2018,2018,TV-MA,1,Season
s4666,Movie,Carbon,9/1/2018,2017,TV-MA,104,min
s4667,Movie,Garbage,9/1/2018,2018,TV-MA,109,min
s4668,Movie,??Kuch Bheege Alfaaz,9/1/2018,2018,TV-14,110,min
s4669,Movie,Love and Shukla,9/1/2018,2017,TV-MA,110,min
s4670,Movie,Once Again,9/1/2018,2018,TV-PG,101,min
s4671,TV Show,Sisters,9/1/2018,2018,TV-MA,1,Season
s4672,Movie,Sparring,9/1/2018,2017,TV-MA,94,min
s4673,TV Show,Cathedral of the Sea,8/31/2018,2017,TV-MA,1,Season
s4674,TV Show,Inside the Criminal Mind,8/31/2018,2018,TV-MA,1,Season
s4675,TV Show,The Comedy Lineup,8/31/2018,2018,TV-MA,2,Seasons
s4676,Movie,The Laws of Thermodynamics,8/31/2018,2018,TV-MA,101,min
s4677,TV Show,Ultimate Beastmaster,8/31/2018,2018,TV-PG,3,Seasons
s4678,TV Show,Ultimate Beastmaster México,8/31/2018,2018,TV-PG,3,Seasons
s4679,TV Show,Undercover Law,8/31/2018,2017,TV-MA,1,Season
s4680,Movie,Naam Shabana,8/28/2018,2017,TV-14,141,min
s4681,Movie,Qarib Qarib Singlle,8/28/2018,2017,TV-14,120,min
s4682,Movie,Spyder,8/28/2018,2017,TV-14,140,min
s4683,TV Show,Chicken Soup for the Soul's Being Dad,8/27/2018,2018,TV-MA,1,Season
s4684,Movie,Maria Bamford: The Special Special Special,8/25/2018,2012,TV-MA,50,min
s4685,Movie,Bert Kreischer: Secret Time,8/24/2018,2018,TV-MA,57,min
s4686,TV Show,GHOUL,8/24/2018,2018,TV-MA,1,Season
s4687,Movie,One Last Shot,8/24/2018,1998,TV-MA,31,min
s4688,TV Show,Take My Brother Away,8/24/2018,2018,TV-14,1,Season
s4689,Movie,The After Party,8/24/2018,2018,TV-MA,90,min
s4690,TV Show,The Innocents,8/24/2018,2018,TV-MA,1,Season
s4691,Movie,Bareilly Ki Barfi,8/21/2018,2017,TV-14,110,min
s4692,Movie,Mersal,8/21/2018,2017,TV-14,162,min
s4693,Movie,Mom,8/21/2018,2017,TV-14,139,min
s4694,Movie,Pad Man,8/21/2018,2018,PG-13,130,min
s4695,Movie,Toilet: Ek Prem Katha,8/21/2018,2017,TV-14,145,min
s4696,Movie,Party Monster: Scratching the Surface,8/17/2018,2018,TV-14,33,min
s4697,TV Show,Stay Here,8/17/2018,2018,TV-PG,1,Season
s4698,Movie,The Motive,8/17/2018,2017,TV-MA,114,min
s4699,Movie,To All the Boys I’ve Loved Before,8/17/2018,2018,TV-14,100,min
s4700,Movie,Yoo Byung Jae: Discomfort Zone,8/17/2018,2018,TV-MA,54,min
s4701,Movie,Bhavesh Joshi Superhero,8/16/2018,2018,TV-14,150,min
s4702,Movie,For Here or to Go?,8/15/2018,2015,TV-MA,105,min
s4703,TV Show,72 Dangerous Animals: Asia,8/10/2018,2018,TV-14,1,Season
s4704,TV Show,Afflicted,8/10/2018,2018,TV-MA,1,Season
s4705,TV Show,All About the Washingtons,8/10/2018,2018,TV-PG,1,Season
s4706,Movie,The Guernsey Literary and Potato Peel Pie Society,8/10/2018,2018,TV-PG,124,min
s4707,Movie,The Package,8/10/2018,2018,TV-MA,95,min
s4708,Movie,Zion,8/10/2018,2018,TV-PG,12,min
s4709,Movie,Perdida,8/9/2018,2018,TV-MA,104,min
s4710,TV Show,The Originals,8/9/2018,2018,TV-14,5,Seasons
s4711,TV Show,Pretty Man,8/8/2018,2018,TV-14,1,Season
s4712,TV Show,On Children,8/5/2018,2018,TV-14,1,Season
s4713,Movie,2 States,8/4/2018,2014,TV-PG,143,min
s4714,Movie,Baaghi,8/4/2018,2016,TV-14,127,min
s4715,Movie,Brij Mohan Amar Rahe,8/4/2018,2018,TV-MA,100,min
s4716,Movie,Flavors of Youth: International Version,8/4/2018,2018,TV-PG,74,min
s4717,TV Show,Cocaine Coast,8/3/2018,2018,TV-MA,1,Season
s4718,TV Show,Dinotrux Supercharged,8/3/2018,2018,TV-Y7,3,Seasons
s4719,Movie,Like Father,8/3/2018,2018,TV-MA,104,min
s4720,Movie,7 Khoon Maaf,8/2/2018,2011,TV-MA,148,min
s4721,Movie,Chillar Party,8/2/2018,2011,TV-PG,127,min
s4722,Movie,Fashion,8/2/2018,2008,TV-MA,158,min
s4723,Movie,Fitoor,8/2/2018,2016,TV-14,124,min
s4724,Movie,Fiza,8/2/2018,2000,TV-14,163,min
s4725,Movie,Guzaarish,8/2/2018,2010,TV-14,121,min
s4726,Movie,Haider,8/2/2018,2014,TV-MA,154,min
s4727,Movie,Highway,8/2/2018,2014,TV-14,127,min
s4728,Movie,I Hate Luv Storys,8/2/2018,2010,TV-14,128,min
s4729,Movie,Joker,8/2/2018,2012,TV-PG,98,min
s4730,Movie,Main aurr Mrs. Khanna,8/2/2018,2009,TV-14,109,min
s4731,Movie,Mohenjo Daro,8/2/2018,2016,TV-14,168,min
s4732,Movie,Raajneeti,8/2/2018,2010,TV-14,162,min
s4733,Movie,Rang De Basanti,8/2/2018,2006,TV-14,159,min
s4734,Movie,Rowdy Rathore,8/2/2018,2012,TV-14,137,min
s4735,Movie,Tamasha,8/2/2018,2015,TV-14,133,min
s4736,Movie,Tere Naal Love Ho Gaya,8/2/2018,2012,TV-14,127,min
s4737,Movie,Thank You,8/2/2018,2011,TV-14,131,min
s4738,Movie,The Blue Umbrella,8/2/2018,2005,TV-PG,90,min
s4739,TV Show,Becoming Champions,8/1/2018,2018,TV-G,1,Season
s4740,Movie,Being Napoleon,8/1/2018,2018,TV-MA,88,min
s4741,Movie,Invisible,8/1/2018,2017,TV-MA,87,min
s4742,TV Show,Switched,8/1/2018,2018,TV-MA,1,Season
s4743,TV Show,The Could’ve-Gone-All-the-Way Committee,8/1/2018,2018,TV-14,1,Season
s4744,TV Show,A Very Secret Service,7/30/2018,2018,TV-MA,2,Seasons
s4745,TV Show,SWORDGAI The Animation,7/30/2018,2018,TV-MA,2,Seasons
s4746,Movie,Da Kath & Kim Code,7/28/2018,2005,TV-PG,82,min
s4747,Movie,Kath & Kimderella,7/28/2018,2012,TV-14,86,min
s4748,TV Show,Kath and Kim,7/28/2018,2007,TV-MA,6,Seasons
s4749,Movie,The Mansion,7/28/2018,2017,TV-MA,100,min
s4750,Movie,Coco y Raulito: Carrusel de ternura,7/27/2018,2018,TV-MA,57,min
s4751,TV Show,El Chapo,7/27/2018,2018,TV-MA,3,Seasons
s4752,Movie,Extinction,7/27/2018,2018,TV-MA,95,min
s4753,TV Show,Smoking,7/27/2018,2018,TV-MA,1,Season
s4754,Movie,The Bleeding Edge,7/27/2018,2018,TV-14,101,min
s4755,TV Show,Welcome to the Family,7/27/2018,2018,TV-MA,1,Season
s4756,Movie,Parmanu: The Story of Pokhran,7/25/2018,2018,TV-PG,124,min
s4757,Movie,Iliza Shlesinger: Elder Millennial,7/24/2018,2018,TV-MA,72,min
s4758,Movie,The Warning,7/24/2018,2018,TV-MA,93,min
s4759,TV Show,Amazing Interiors,7/20/2018,2018,TV-PG,1,Season
s4760,TV Show,Dark Tourist,7/20/2018,2018,TV-MA,1,Season
s4761,Movie,Duck Duck Goose,7/20/2018,2018,PG,92,min
s4762,Movie,Father of the Year,7/20/2018,2018,TV-MA,95,min
s4763,TV Show,Home: Adventures with Tip & Oh,7/20/2018,2018,TV-Y7,4,Seasons
s4764,TV Show,Jimmy: The True Story of a True Idiot,7/20/2018,2018,TV-MA,1,Season
s4765,TV Show,Luna Petunia: Return to Amazia,7/20/2018,2018,TV-Y,2,Seasons
s4766,Movie,Nothing to Lose,7/20/2018,2018,PG,133,min
s4767,Movie,El club de los buenos infieles,7/19/2018,2018,TV-MA,85,min
s4768,TV Show,Camarón Revolution,7/18/2018,2018,TV-14,1,Season
s4769,Movie,Camarón: The Film,7/18/2018,2018,TV-14,105,min
s4770,Movie,GODZILLA City on the Edge of Battle,7/18/2018,2018,TV-14,101,min
s4771,Movie,Going for Gold,7/15/2018,2018,TV-G,88,min
s4772,TV Show,The Joel McHale Show with Joel McHale,7/15/2018,2018,TV-MA,2,Seasons
s4773,TV Show,Meteor Garden,7/14/2018,2018,TV-14,1,Season
s4774,Movie,How It Ends,7/13/2018,2018,TV-MA,113,min
s4775,Movie,Jim Jefferies: This Is Me Now,7/13/2018,2018,TV-MA,71,min
s4776,Movie,Romina,7/13/2018,2018,TV-MA,75,min
s4777,TV Show,Mossad 101,7/11/2018,2017,TV-MA,2,Seasons
s4778,TV Show,Baby Ballroom,7/10/2018,2018,TV-MA,2,Seasons
s4779,TV Show,Drug Lords,7/10/2018,2018,TV-MA,2,Seasons
s4780,TV Show,Mr. Sunshine,7/8/2018,2018,TV-MA,1,Season
s4781,TV Show,First Team: Juventus,7/6/2018,2018,TV-PG,2,Seasons
s4782,Movie,Luciano Mellera: Infantiloide,7/6/2018,2018,TV-14,66,min
s4783,Movie,The Legacy of a Whitetail Deer Hunter,7/6/2018,2018,TV-14,83,min
s4784,Movie,The Skin of the Wolf,7/6/2018,2018,TV-MA,110,min
s4785,Movie,White Fang,7/6/2018,2018,TV-PG,88,min
s4786,Movie,Sommore: Chandelier Status,7/4/2018,2013,TV-MA,77,min
s4787,Movie,Felipe Esparza: They're Not Going to Laugh at You,7/3/2018,2012,TV-MA,58,min
s4788,Movie,Joan Rivers: Don't Start with Me,7/3/2018,2012,TV-MA,69,min
s4789,Movie,Katt Williams: Kattpacalypse,7/3/2018,2012,TV-MA,61,min
s4790,Movie,King of Peking,7/2/2018,2018,TV-14,88,min
s4791,Movie,Anthony Kaun Hai?,7/1/2018,2006,TV-14,122,min
s4792,Movie,Bo Burnham: what.,7/1/2018,2013,TV-MA,60,min
s4793,Movie,Chalte Chalte,7/1/2018,2003,TV-14,166,min
s4794,Movie,Deewana Main Deewana,7/1/2018,2013,TV-14,107,min
s4795,Movie,Duck Butter,7/1/2018,2018,TV-MA,94,min
s4796,Movie,I Am Kalam,7/1/2018,2010,TV-PG,87,min
s4797,Movie,My Birthday Song,7/1/2018,2018,TV-14,92,min
s4798,Movie,Namastey London,7/1/2018,2007,TV-14,130,min
s4799,TV Show,NCIS,7/1/2018,2017,TV-14,15,Seasons
s4800,Movie,Soul Robbers,7/1/2018,2015,TV-14,88,min
s4801,Movie,Tum Milo Toh Sahi,7/1/2018,2010,TV-14,128,min
s4802,Movie,What We Started,7/1/2018,2017,TV-MA,96,min
s4803,Movie,Zoo,7/1/2018,2018,TV-MA,94,min
s4804,Movie,Bill Burr: You People Are All the Same,6/30/2018,2012,TV-MA,69,min
s4805,TV Show,Somewhere Between,6/30/2018,2017,TV-14,1,Season
s4806,Movie,The Maus,6/30/2018,2017,TV-MA,90,min
s4807,Movie,Calibre,6/29/2018,2018,TV-MA,101,min
s4808,TV Show,Churchill’s Secret Agents: The New Recruits,6/29/2018,2018,TV-MA,1,Season
s4809,Movie,Jani Dueñas: Grandes fracasos de ayer y hoy,6/29/2018,2018,TV-MA,77,min
s4810,TV Show,Kiss Me First,6/29/2018,2018,TV-MA,1,Season
s4811,Movie,Penalty Kick,6/29/2018,2018,TV-14,89,min
s4812,Movie,Recovery Boys,6/29/2018,2018,TV-MA,90,min
s4813,Movie,TAU,6/29/2018,2018,R,98,min
s4814,TV Show,Hotel Transylvania,6/26/2018,2017,TV-Y7,1,Season
s4815,Movie,W. Kamau Bell: Private School Negro,6/26/2018,2018,TV-MA,66,min
s4816,TV Show,Borges,6/25/2018,2018,TV-MA,1,Season
s4817,Movie,Expelled from Paradise,6/25/2018,2014,TV-MA,103,min
s4818,Movie,"To Each, Her Own",6/24/2018,2018,TV-MA,95,min
s4819,TV Show,Life Sentence,6/23/2018,2018,TV-14,1,Season
s4820,Movie,Brain on Fire,6/22/2018,2016,PG-13,89,min
s4821,Movie,Derren Brown: Miracle,6/22/2018,2018,TV-MA,74,min
s4822,TV Show,Marvel's Luke Cage,6/22/2018,2018,TV-MA,2,Seasons
s4823,Movie,Us and Them,6/22/2018,2018,TV-MA,119,min
s4824,Movie,Hannah Gadsby: Nanette,6/19/2018,2018,TV-MA,70,min
s4825,TV Show,Club de Cuervos Presents: The Ballad of Hugo Sánchez,6/18/2018,2018,TV-MA,1,Season
s4826,Movie,Lust Stories,6/15/2018,2018,TV-MA,121,min
s4827,Movie,Maktub,6/15/2018,2018,TV-MA,106,min
s4828,Movie,Pacificum: Return to the Ocean,6/15/2018,2017,TV-G,74,min
s4829,Movie,Set It Up,6/15/2018,2018,TV-MA,106,min
s4830,Movie,Sunday's Illness,6/15/2018,2017,PG-13,113,min
s4831,Movie,The last hour,6/15/2018,2017,TV-MA,119,min
s4832,TV Show,True: Magical Friends,6/15/2018,2018,TV-Y,1,Season
s4833,TV Show,True: Wonderful Wishes,6/15/2018,2018,TV-Y,1,Season
s4834,Movie,Alex Strangelove,6/8/2018,2018,TV-MA,100,min
s4835,Movie,Ali's Wedding,6/8/2018,2018,TV-MA,110,min
s4836,Movie,Franco Escamilla: Por la anécdota,6/8/2018,2018,TV-MA,66,min
s4837,TV Show,The Staircase,6/8/2018,2018,TV-MA,1,Season
s4838,TV Show,The Night Shift,6/7/2018,2017,TV-14,4,Seasons
s4839,TV Show,Dinosaur King,6/2/2018,2008,TV-Y7,2,Seasons
s4840,Movie,B.A. Pass 2,6/1/2018,2017,TV-14,126,min
s4841,Movie,Bad Genius,6/1/2018,2017,TV-MA,130,min
s4842,TV Show,November 13: Attack on Paris,6/1/2018,2018,TV-MA,1,Season
s4843,Movie,Outside In,6/1/2018,2018,TV-MA,110,min
s4844,Movie,Pedal the World,6/1/2018,2015,TV-MA,85,min
s4845,TV Show,Unbreakable Kimmy Schmidt,5/30/2018,2019,TV-14,4,Seasons
s4846,TV Show,Arrested Development,5/29/2018,2019,TV-MA,5,Seasons
s4847,TV Show,The Break with Michelle Wolf,5/27/2018,2018,TV-MA,1,Season
s4848,Movie,Sara's Notebook,5/26/2018,2018,TV-MA,117,min
s4849,TV Show,Something in the Rain,5/26/2018,2018,TV-MA,1,Season
s4850,Movie,Fernando Sanjiao: Hombre,5/25/2018,2018,TV-MA,63,min
s4851,Movie,Ibiza,5/25/2018,2018,TV-MA,94,min
s4852,Movie,Steve Martin and Martin Short: An Evening You Will Forget for the Rest of Your Life,5/25/2018,2018,TV-14,74,min
s4853,TV Show,Trollhunters,5/25/2018,2018,TV-Y7,3,Seasons
s4854,TV Show,Mob Psycho 100,5/22/2018,2018,TV-MA,1,Season
s4855,Movie,Tig Notaro Happy To Be Here,5/22/2018,2018,TV-14,58,min
s4856,Movie,Catching Feelings,5/18/2018,2018,TV-MA,117,min
s4857,TV Show,Dance & Sing with True,5/18/2018,2018,TV-Y,1,Season
s4858,TV Show,Inspector Gadget,5/18/2018,2017,TV-Y7,4,Seasons
s4859,Movie,Katt Williams: American Hustle (The Movie),5/17/2018,2007,TV-MA,89,min
s4860,Movie,Food on the Go,5/16/2018,2017,TV-MA,66,min
s4861,Movie,Aiyaary,5/15/2018,2018,TV-MA,158,min
s4862,Movie,Lupin the 3rd: The Castle of Cagliostro: Special Edition,5/15/2018,1979,PG-13,100,min
s4863,TV Show,Saint Seiya: The Lost Canvas,5/15/2018,2009,TV-MA,1,Season
s4864,Movie,Ali Wong: Hard Knock Wife,5/13/2018,2018,TV-MA,64,min
s4865,Movie,Spivak,5/12/2018,2017,TV-MA,92,min
s4866,TV Show,Bill Nye Saves the World,5/11/2018,2018,TV-14,3,Seasons
s4867,Movie,Carlos Ballarta: Furia Ñera,5/11/2018,2018,TV-MA,63,min
s4868,TV Show,Evil Genius,5/11/2018,2018,TV-MA,1,Season
s4869,Movie,The Kissing Booth,5/11/2018,2018,TV-14,105,min
s4870,TV Show,The Who Was? Show,5/11/2018,2018,TV-PG,1,Season
s4871,Movie,Hari Kondabolu: Warn Your Relatives,5/8/2018,2018,TV-MA,67,min
s4872,Movie,My Fuhrer,5/7/2018,2007,TV-14,91,min
s4873,Movie,Family Blood,5/5/2018,2018,TV-MA,92,min
s4874,Movie,Pup Star: World Tour,5/5/2018,2018,G,87,min
s4875,TV Show,A Little Help with Carol Burnett,5/4/2018,2018,TV-G,1,Season
s4876,Movie,Anon,5/4/2018,2018,TV-MA,100,min
s4877,Movie,Dany Boon: Des Hauts De France,5/4/2018,2018,TV-MA,113,min
s4878,Movie,End Game,5/4/2018,2018,TV-PG,40,min
s4879,Movie,Forgive Us Our Debts,5/4/2018,2018,TV-MA,105,min
s4880,TV Show,Kong: King of the Apes,5/4/2018,2018,TV-Y7,2,Seasons
s4881,Movie,Lo más sencillo es complicarlo todo,5/4/2018,2018,TV-14,94,min
s4882,Movie,Manhunt,5/4/2018,2017,TV-MA,109,min
s4883,Movie,Thi Mai,5/4/2018,2017,TV-MA,99,min
s4884,Movie,Si saben cómo me pongo ¿pá qué me invitan?,5/3/2018,2018,TV-MA,89,min
s4885,Movie,Jailbreak,5/2/2018,2017,TV-MA,92,min
s4886,Movie,Ajji,5/1/2018,2017,TV-MA,105,min
s4887,Movie,CIA: Comrade in America,5/1/2018,2017,TV-14,130,min
s4888,Movie,Coffee for All,5/1/2018,2017,TV-PG,69,min
s4889,Movie,Darc,5/1/2018,2018,TV-MA,98,min
s4890,Movie,Despido Procedente,5/1/2018,2017,TV-MA,90,min
s4891,Movie,John Mulaney: Kid Gorgeous at Radio City,5/1/2018,2018,TV-MA,65,min
s4892,Movie,My Perfect Romance,5/1/2018,2018,PG,92,min
s4893,Movie,Pocoyo & Cars,5/1/2018,2015,TV-Y,19,min
s4894,Movie,Pocoyo & The Space Circus,5/1/2018,2008,TV-Y,25,min
s4895,Movie,Pocoyo Carnival,5/1/2018,2015,TV-Y,22,min
s4896,Movie,Pocoyo Halloween: Space Halloween,5/1/2018,2015,TV-Y,40,min
s4897,Movie,Pocoyo Halloween: Spooky Movies,5/1/2018,2014,TV-Y,22,min
s4898,Movie,Pocoyo Special Sports,5/1/2018,2016,TV-Y,24,min
s4899,TV Show,Simon,5/1/2018,2016,TV-Y,1,Season
s4900,Movie,Sometimes,5/1/2018,2016,TV-14,101,min
s4901,TV Show,Spiritual House,5/1/2018,2017,TV-PG,1,Season
s4902,Movie,The Clapper,5/1/2018,2017,R,90,min
s4903,Movie,Toc Toc,5/1/2018,2017,TV-MA,96,min
s4904,TV Show,Black Crows,4/30/2018,2017,TV-14,1,Season
s4905,Movie,Running Shaadi,4/30/2018,2017,TV-14,115,min
s4906,Movie,The Price of Success,4/30/2018,2017,TV-MA,92,min
s4907,TV Show,Bobby Kennedy for President,4/27/2018,2018,TV-MA,1,Season
s4908,Movie,Candy Jar,4/27/2018,2018,TV-14,93,min
s4909,TV Show,Goodnight DJ 1,4/27/2018,2016,TV-14,2,Seasons
s4910,Movie,Holy Goalie,4/27/2018,2017,TV-MA,95,min
s4911,TV Show,Moving On,4/27/2018,2016,TV-PG,1,Season
s4912,Movie,The Rachel Divide,4/27/2018,2018,TV-MA,105,min
s4913,Movie,The Week Of,4/27/2018,2018,TV-14,117,min
s4914,TV Show,Trio and a Bed,4/27/2018,2016,TV-PG,1,Season
s4915,TV Show,????,4/27/2018,2016,TV-14,1,Season
s4916,Movie,Enissa Amani: Ehrenwort,4/26/2018,2018,TV-MA,66,min
s4917,Movie,Bill Nye: Science Guy,4/25/2018,2017,TV-PG,97,min
s4918,Movie,Fishtronaut: The Movie,4/25/2018,2018,TV-Y,78,min
s4919,Movie,Psychokinesis,4/25/2018,2018,TV-MA,102,min
s4920,Movie,Kevin James: Never Don't Give Up,4/24/2018,2018,TV-PG,62,min
s4921,Movie,Dude,4/20/2018,2018,TV-MA,97,min
s4922,Movie,Kodachrome,4/20/2018,2018,TV-MA,105,min
s4923,Movie,Mercury 13,4/20/2018,2018,TV-PG,79,min
s4924,Movie,All The Reasons To Forget,4/19/2018,2017,TV-MA,90,min
s4925,TV Show,Charité,4/19/2018,2017,TV-MA,1,Season
s4926,TV Show,The Chalet,4/17/2018,2018,TV-MA,1,Season
s4927,TV Show,The Honeymoon Stand Up Special,4/17/2018,2018,TV-MA,1,Season
s4928,Movie,Beyond Skyline,4/15/2018,2017,R,107,min
s4929,Movie,Come Sunday,4/13/2018,2018,TV-14,105,min
s4930,Movie,I Am not an Easy Man,4/13/2018,2018,TV-MA,99,min
s4931,TV Show,The Magic School Bus Rides Again,4/13/2018,2018,TV-Y,2,Seasons
s4932,Movie,Pickpockets,4/12/2018,2017,TV-MA,108,min
s4933,Movie,Greg Davies: You Magnificent Beast,4/10/2018,2018,TV-MA,66,min
s4934,TV Show,AMO,4/9/2018,2017,TV-MA,1,Season
s4935,Movie,6 Balloons,4/6/2018,2018,TV-MA,75,min
s4936,Movie,Amateur,4/6/2018,2018,TV-MA,96,min
s4937,Movie,Orbiter 9,4/6/2018,2017,TV-14,95,min
s4938,Movie,"Ram Dass, Going Home",4/6/2018,2018,TV-14,32,min
s4939,Movie,Seth Rogen's Hilarity for Charity,4/6/2018,2018,TV-MA,70,min
s4940,Movie,Sun Dogs,4/6/2018,2017,TV-MA,94,min
s4941,Movie,Todo lo que sería Lucas Lauriente,4/6/2018,2018,TV-MA,78,min
s4942,TV Show,Troy,4/6/2018,2018,TV-MA,1,Season
s4943,TV Show,Wakfu,4/6/2018,2017,TV-PG,3,Seasons
s4944,Movie,Day of the Dead: Bloodline,4/5/2018,2018,R,91,min
s4945,Movie,Fary Is the New Black,4/3/2018,2018,TV-MA,75,min
s4946,Movie,Ittefaq,4/3/2018,2017,TV-MA,105,min
s4947,TV Show,Star Trek: The Next Generation,4/2/2018,1993,TV-PG,7,Seasons
s4948,Movie,A Sort of Family,4/1/2018,2017,TV-14,96,min
s4949,Movie,Billu,4/1/2018,2009,TV-PG,132,min
s4950,TV Show,Fallet,4/1/2018,2017,TV-MA,1,Season
s4951,Movie,John Mulaney: New in Town,4/1/2018,2012,TV-MA,60,min
s4952,TV Show,Loaded,4/1/2018,2017,TV-MA,1,Season
s4953,Movie,Main Hoon Na,4/1/2018,2004,TV-14,171,min
s4954,Movie,Metro,4/1/2018,2016,TV-14,116,min
s4955,Movie,Om Shanti Om,4/1/2018,2007,TV-14,169,min
s4956,Movie,Paheli,4/1/2018,2005,TV-PG,134,min
s4957,Movie,Phir Bhi Dil Hai Hindustani,4/1/2018,2000,TV-14,159,min
s4958,TV Show,Doctor Foster,3/31/2018,2017,TV-MA,2,Seasons
s4959,Movie,Revolt,3/31/2018,2017,R,87,min
s4960,Movie,First Match,3/30/2018,2018,TV-MA,103,min
s4961,Movie,Happy Anniversary,3/30/2018,2018,TV-MA,78,min
s4962,TV Show,Rapture,3/30/2018,2018,TV-MA,1,Season
s4963,Movie,Sofía Niño de Rivera: Selección Natural,3/30/2018,2018,TV-MA,62,min
s4964,Movie,The Titan,3/30/2018,2018,TV-MA,97,min
s4965,TV Show,Trailer Park Boys,3/30/2018,2018,TV-MA,12,Seasons
s4966,Movie,Trailer Park Boys: Countdown to Liquor Day,3/30/2018,2009,R,102,min
s4967,Movie,Trailer Park Boys: The Movie,3/30/2018,2006,R,95,min
s4968,TV Show,Trump: An American Dream,3/30/2018,2018,TV-14,1,Season
s4969,TV Show,James Acaster: Repertoire,3/27/2018,2018,TV-14,1,Season
s4970,Movie,Birdshot,3/26/2018,2016,TV-MA,115,min
s4971,Movie,"Game Over, Man!",3/23/2018,2018,TV-MA,102,min
s4972,Movie,Layla M.,3/23/2018,2016,TV-MA,99,min
s4973,Movie,Paradox,3/23/2018,2018,TV-MA,74,min
s4974,TV Show,Requiem,3/23/2018,2018,TV-MA,1,Season
s4975,Movie,Roxanne Roxanne,3/23/2018,2018,TV-MA,100,min
s4976,Movie,Secret Superstar,3/23/2018,2017,TV-14,150,min
s4977,TV Show,The Standups,3/20/2018,2018,TV-MA,2,Seasons
s4978,Movie,Benji,3/16/2018,2018,TV-PG,87,min
s4979,TV Show,Edha,3/16/2018,2018,TV-MA,1,Season
s4980,Movie,Take Your Pills,3/16/2018,2018,TV-14,88,min
s4981,TV Show,Wild Wild Country,3/16/2018,2018,TV-MA,1,Season
s4982,Movie,Yoo Byung Jae: Too Much Information,3/16/2018,2018,TV-MA,63,min
s4983,Movie,In This Corner of the World,3/15/2018,2016,PG-13,129,min
s4984,Movie,Jag älskar dig: En skilsmässokomedi,3/15/2018,2016,TV-MA,91,min
s4985,TV Show,Secret of the Nile,3/15/2018,2016,TV-14,1,Season
s4986,TV Show,Tabula Rasa,3/15/2018,2017,TV-MA,1,Season
s4987,Movie,The Art of Loving,3/15/2018,2017,TV-MA,115,min
s4988,Movie,Steel Rain,3/14/2018,2018,TV-MA,140,min
s4989,TV Show,Children of the Whales,3/13/2018,2017,TV-14,1,Season
s4990,Movie,Ricky Gervais: Humanity,3/13/2018,2018,TV-MA,79,min
s4991,Movie,Stretch Armstrong: The Breakout,3/13/2018,2018,TV-Y7,104,min
s4992,TV Show,A.I.C.O.,3/9/2018,2018,TV-14,1,Season
s4993,TV Show,Collateral,3/9/2018,2018,TV-MA,1,Season
s4994,Movie,The Outsider,3/9/2018,2018,TV-MA,121,min
s4995,TV Show,Bad Guys: Vile City,3/8/2018,2018,TV-MA,1,Season
s4996,Movie,Ladies First,3/8/2018,2018,TV-G,40,min
s4997,Movie,Bullet Head,3/7/2018,2017,R,94,min
s4998,TV Show,Borderliner,3/6/2018,2017,TV-MA,1,Season
s4999,Movie,Gad Elmaleh: American Dream,3/6/2018,2018,TV-14,58,min
s5000,Movie,Expedition China,3/4/2018,2017,TV-G,78,min
s5001,TV Show,Flint Town,3/2/2018,2018,TV-MA,1,Season
s5002,Movie,Malena Pichot: Estupidez compleja,3/2/2018,2018,TV-MA,51,min
s5003,Movie,Natalia Valdebenito: El especial,3/2/2018,2018,TV-MA,69,min
s5004,Movie,Ravenous,3/2/2018,2017,TV-MA,104,min
s5005,TV Show,21 Thunder,3/1/2018,2017,TV-MA,1,Season
s5006,Movie,Adel Karam: Live from Beirut,3/1/2018,2018,TV-MA,59,min
s5007,Movie,Battle Drone,3/1/2018,2018,TV-MA,94,min
s5008,Movie,Dil Se,3/1/2018,1998,TV-14,166,min
s5009,Movie,Guru,3/1/2018,2007,TV-PG,155,min
s5010,Movie,Judwaa 2,3/1/2018,2017,TV-14,145,min
s5011,Movie,Love Beats Rhymes,3/1/2018,2016,R,106,min
s5012,Movie,Schubert In Love,3/1/2018,2016,TV-14,94,min
s5013,Movie,Shubh Aarambh,3/1/2018,2017,TV-PG,127,min
s5014,Movie,Something Huge,3/1/2018,2017,TV-MA,87,min
s5015,Movie,Swades,3/1/2018,2004,TV-PG,185,min
s5016,Movie,Swearnet Live,3/1/2018,2014,TV-MA,75,min
s5017,Movie,Trailer Park Boys Live at the North Pole,3/1/2018,2014,TV-MA,89,min
s5018,Movie,Trailer Park Boys Live In F**kin' Dublin,3/1/2018,2014,TV-MA,81,min
s5019,Movie,Trailer Park Boys: Say Goodnight to the Bad Guys,3/1/2018,2008,TV-MA,47,min
s5020,Movie,Trailer Park Boys: Xmas Special,3/1/2018,2004,TV-MA,46,min
s5021,Movie,Tu Hai Mera Sunday,3/1/2018,2016,TV-14,125,min
s5022,Movie,Yuva,3/1/2018,2004,TV-14,160,min
s5023,Movie,??? ???,2/28/2018,2017,TV-MA,110,min
s5024,Movie,Derren Brown: The Push,2/27/2018,2018,TV-MA,69,min
s5025,Movie,Marlon Wayans: Woke-ish,2/27/2018,2018,TV-MA,67,min
s5026,Movie,Veronica,2/25/2018,2017,TV-MA,105,min
s5027,TV Show,Best Lover,2/23/2018,2016,TV-14,1,Season
s5028,TV Show,Marseille,2/23/2018,2018,TV-MA,2,Seasons
s5029,Movie,Mute,2/23/2018,2018,TV-MA,127,min
s5030,TV Show,Seven Seconds,2/23/2018,2018,TV-MA,1,Season
s5031,TV Show,Hitler's Circle of Evil,2/22/2018,2017,TV-14,1,Season
s5032,Movie,Forgotten,2/21/2018,2017,TV-MA,109,min
s5033,TV Show,The Frankenstein Chronicles,2/20/2018,2017,TV-MA,2,Seasons
s5034,Movie,FullMetal Alchemist,2/19/2018,2017,TV-PG,134,min
s5035,Movie,Agustín Aristarán: Soy Rada,2/16/2018,2018,TV-MA,60,min
s5036,TV Show,Dragons: Race to the Edge,2/16/2018,2018,TV-Y7,6,Seasons
s5037,TV Show,Everything Sucks!,2/16/2018,2018,TV-14,1,Season
s5038,Movie,Irreplaceable You,2/16/2018,2018,TV-MA,96,min
s5039,TV Show,Re:Mind,2/15/2018,2017,TV-MA,1,Season
s5040,Movie,Chris Rock: Tamborine,2/14/2018,2018,TV-MA,65,min
s5041,Movie,Love Per Square Foot,2/14/2018,2018,TV-14,133,min
s5042,Movie,Seeing Allred,2/9/2018,2018,TV-14,96,min
s5043,Movie,The Ritual,2/9/2018,2018,TV-MA,95,min
s5044,Movie,The Trader (Sovdagari),2/9/2018,2018,TV-PG,24,min
s5045,Movie,When We First Met,2/9/2018,2018,TV-14,97,min
s5046,Movie,Fred Armisen: Standup For Drummers,2/6/2018,2018,TV-PG,65,min
s5047,TV Show,Valor,2/6/2018,2017,TV-14,1,Season
s5048,Movie,The Cloverfield Paradox,2/5/2018,2018,PG-13,102,min
s5049,TV Show,Coach Snoop,2/2/2018,2018,TV-MA,1,Season
s5050,Movie,Kavin Jay: Everybody Calm Down!,2/2/2018,2018,TV-MA,53,min
s5051,Movie,On Body and Soul,2/2/2018,2017,TV-MA,116,min
s5052,Movie,The Bros,2/2/2018,2017,TV-14,102,min
s5053,Movie,Liberated: The New Sexual Revolution,2/1/2018,2017,TV-MA,86,min
s5054,Movie,Newness,2/1/2018,2017,TV-MA,117,min
s5055,TV Show,Under Arrest,2/1/2018,2016,TV-MA,8,Seasons
s5056,Movie,Expedition Happiness,1/31/2018,2017,TV-PG,96,min
s5057,Movie,Jerry Seinfeld: I'm Telling You for the Last Time,1/30/2018,1998,TV-14,69,min
s5058,TV Show,Retribution,1/30/2018,2016,TV-MA,1,Season
s5059,Movie,Holy Camp!,1/29/2018,2017,TV-MA,108,min
s5060,Movie,A Futile and Stupid Gesture,1/26/2018,2018,TV-MA,102,min
s5061,Movie,Fakkah Fuzz: Almost Banned,1/26/2018,2018,TV-MA,61,min
s5062,Movie,Mau Nieto: Viviendo sobrio… desde el bar,1/26/2018,2018,TV-MA,57,min
s5063,Movie,Sebastián Marcelo Wainraich,1/26/2018,2018,TV-MA,49,min
s5064,TV Show,The Adventures of Puss in Boots,1/26/2018,2018,TV-Y7,6,Seasons
s5065,Movie,Acts of Vengeance,1/25/2018,2017,R,87,min
s5066,TV Show,Prison Playbook,1/24/2018,2017,TV-MA,1,Season
s5067,Movie,Ricardo Quevedo: Hay gente así,1/24/2018,2018,TV-MA,59,min
s5068,Movie,Todd Glass: Act Happy,1/23/2018,2018,TV-MA,63,min
s5069,Movie,Countdown to Death: Pablo Escobar,1/22/2018,2017,TV-MA,69,min
s5070,TV Show,The Shannara Chronicles,1/22/2018,2018,TV-MA,2,Seasons
s5071,TV Show,Love and Hong Kong,1/20/2018,2017,TV-PG,1,Season
s5072,Movie,Harith Iskander: I Told You So,1/19/2018,2018,TV-14,62,min
s5073,Movie,Step Sisters,1/19/2018,2018,PG-13,108,min
s5074,Movie,The Open House,1/19/2018,2018,TV-MA,95,min
s5075,Movie,Bad Day for the Cut,1/18/2018,2017,TV-MA,99,min
s5076,TV Show,Tiempos de guerra,1/18/2018,2017,TV-MA,1,Season
s5077,Movie,Arango y Sanint: Ríase el show,1/17/2018,2018,TV-MA,62,min
s5078,TV Show,Godzilla,1/17/2018,2017,TV-14,1,Season
s5079,Movie,Katt Williams: Great America,1/16/2018,2018,TV-MA,60,min
s5080,Movie,Alibaba Aur 40 Chor,1/15/2018,1980,TV-14,147,min
s5081,Movie,Pyar Ke Do Pal,1/15/2018,1986,TV-14,153,min
s5082,Movie,Rip Tide,1/15/2018,2017,TV-PG,87,min
s5083,TV Show,Disjointed,1/12/2018,2018,TV-MA,2,Seasons
s5084,Movie,Milada,1/12/2018,2017,TV-14,124,min
s5085,Movie,The Polka King,1/12/2018,2018,TV-14,94,min
s5086,Movie,The Reservoir Game,1/12/2018,2017,TV-MA,100,min
s5087,Movie,Tom Segura: Disgraceful,1/12/2018,2018,TV-MA,71,min
s5088,Movie,Alejandro Riaño: Especial de stand up,1/10/2018,2018,TV-MA,60,min
s5089,Movie,The House Next Door,1/9/2018,2017,TV-MA,135,min
s5090,TV Show,Tundukkan Playboy Itu,1/8/2018,2016,TV-PG,1,Season
s5091,TV Show,Episodes,1/6/2018,2017,TV-MA,5,Seasons
s5092,Movie,Before I Wake,1/5/2018,2016,PG-13,97,min
s5093,TV Show,Devilman Crybaby,1/5/2018,2018,TV-MA,1,Season
s5094,Movie,Mustang Island,1/2/2018,2017,TV-14,86,min
s5095,Movie,Eve's Apple,1/1/2018,2017,TV-MA,91,min
s5096,TV Show,Fullmetal Alchemist,1/1/2018,2003,TV-14,1,Season
s5097,TV Show,Fullmetal Alchemist: Brotherhood,1/1/2018,2010,TV-14,5,Seasons
s5098,TV Show,Lovesick,1/1/2018,2018,TV-MA,3,Seasons
s5099,TV Show,Pokémon: Indigo League,1/1/2018,2000,TV-Y7,1,Season
s5100,TV Show,The Frozen Dead,1/1/2018,2017,TV-MA,1,Season
s5101,TV Show,Dave Chappelle: Equanimity & The Bird Revelation,12/31/2017,2017,TV-MA,1,Season
s5102,Movie,Fun Mom Dinner,12/31/2017,2017,R,82,min
s5103,Movie,Goon: Last of the Enforcers,12/30/2017,2016,R,102,min
s5104,TV Show,La Mante,12/29/2017,2017,TV-MA,1,Season
s5105,Movie,The Climb,12/29/2017,2017,TV-14,105,min
s5106,TV Show,Wadi,12/29/2017,2015,TV-14,1,Season
s5107,Movie,Bibi & Tina: Tohuwabohu Total,12/27/2017,2017,TV-14,106,min
s5108,Movie,Mr. Roosevelt,12/26/2017,2017,TV-MA,91,min
s5109,Movie,Todd Barry: Spicy Honey,12/26/2017,2017,TV-MA,61,min
s5110,TV Show,Part-Time Idol,12/25/2017,2017,TV-14,1,Season
s5111,Movie,Creep 2,12/23/2017,2017,TV-MA,80,min
s5112,TV Show,Myths & Monsters,12/23/2017,2017,TV-PG,1,Season
s5113,TV Show,72 Dangerous Animals: Latin America,12/22/2017,2017,TV-14,1,Season
s5114,Movie,Bright,12/22/2017,2017,TV-MA,118,min
s5115,Movie,Desire,12/21/2017,2017,TV-MA,94,min
s5116,Movie,48 Christmas Wishes,12/20/2017,2017,TV-G,84,min
s5117,Movie,Jeremiah Tower: The Last Magnificent,12/20/2017,2016,R,103,min
s5118,Movie,Russell Howard: Recalibrate,12/19/2017,2017,TV-MA,69,min
s5119,TV Show,The Indian Detective,12/19/2017,2017,TV-14,1,Season
s5120,TV Show,"Hello, My Twenties!",12/18/2017,2017,TV-MA,2,Seasons
s5121,TV Show,Cheuk Wan-Chi: Two Night Stand,12/15/2017,2015,TV-MA,1,Season
s5122,Movie,Christmas Inheritance,12/15/2017,2017,TV-G,105,min
s5123,Movie,Muramba,12/15/2017,2017,TV-MA,128,min
s5124,Movie,Pottersville,12/15/2017,2017,PG-13,86,min
s5125,Movie,Seoul Searching,12/15/2017,2015,TV-MA,109,min
s5126,TV Show,Wormwood,12/15/2017,2017,TV-14,1,Season
s5127,TV Show,Halt and Catch Fire,12/14/2017,2017,TV-14,4,Seasons
s5128,Movie,Judd Apatow: The Return,12/12/2017,2017,TV-MA,70,min
s5129,TV Show,Dawai Asmara,12/11/2017,2016,TV-14,1,Season
s5130,Movie,El Camino Christmas,12/8/2017,2017,TV-MA,89,min
s5131,Movie,Jaal,12/8/2017,1986,TV-14,162,min
s5132,Movie,Shikari,12/8/2017,1991,TV-14,163,min
s5133,Movie,The Secret,12/7/2017,2006,TV-14,91,min
s5134,Movie,Trolls Holiday Special,12/6/2017,2017,TV-Y7,27,min
s5135,Movie,Craig Ferguson: Tickle Fight,12/5/2017,2017,TV-MA,67,min
s5136,Movie,Jab Harry Met Sejal,12/2/2017,2017,TV-MA,142,min
s5137,Movie,Temple,12/2/2017,2017,TV-MA,78,min
s5138,Movie,A StoryBots Christmas,12/1/2017,2017,TV-Y,26,min
s5139,TV Show,All Hail King Julien,12/1/2017,2017,TV-Y7,5,Seasons
s5140,TV Show,Dhia Sofea,12/1/2017,2015,TV-14,1,Season
s5141,Movie,DreamWorks Home: For the Holidays,12/1/2017,2017,TV-Y,46,min
s5142,TV Show,Kantaro: The Sweet Tooth Salaryman,12/1/2017,2017,TV-PG,1,Season
s5143,Movie,Monster Island,12/1/2017,2017,TV-Y7,81,min
s5144,Movie,My Happy Family,12/1/2017,2017,TV-14,119,min
s5145,TV Show,Oggy and the Cockroaches,12/1/2017,2017,TV-Y7,1,Season
s5146,TV Show,Padamu Aku Bersujud,12/1/2017,2015,TV-14,1,Season
s5147,Movie,The Worthy,12/1/2017,2016,TV-MA,99,min
s5148,TV Show,TURN: Washington's Spies,12/1/2017,2017,TV-14,4,Seasons
s5149,Movie,Voyeur,12/1/2017,2017,TV-MA,96,min
s5150,TV Show,Man Down,11/30/2017,2017,TV-MA,4,Seasons
s5151,TV Show,Broadchurch,11/27/2017,2017,TV-MA,3,Seasons
s5152,Movie,Poster Boys,11/27/2017,2017,PG-13,128,min
s5153,Movie,Cuba and the Cameraman,11/24/2017,2017,TV-14,114,min
s5154,Movie,The Girl from the Song,11/24/2017,2016,TV-MA,101,min
s5155,TV Show,The Many Faces of Ito,11/24/2017,2017,TV-14,1,Season
s5156,TV Show,Trailer Park Boys: Out of the Park: USA,11/24/2017,2017,TV-MA,1,Season
s5157,TV Show,Bright: The Music Videos,11/23/2017,2017,TV-MA,1,Season
s5158,TV Show,Argon,11/22/2017,2017,TV-MA,1,Season
s5159,Movie,Barbra: The Music ... The Mem'ries ... The Magic!,11/22/2017,2017,TV-14,109,min
s5160,TV Show,Godless,11/22/2017,2017,TV-MA,1,Season
s5161,Movie,Beat Bugs: All Together Now,11/21/2017,2017,TV-Y,51,min
s5162,Movie,Brian Regan: Nunchucks and Flamethrowers,11/21/2017,2017,TV-PG,61,min
s5163,Movie,Saving Capitalism,11/21/2017,2017,TV-PG,73,min
s5164,Movie,A Christmas Prince,11/17/2017,2017,TV-PG,92,min
s5165,Movie,"Jim & Andy: The Great Beyond - Featuring a Very Special, Contractually Obligated Mention of Tony Clifton",11/17/2017,2017,TV-MA,94,min
s5166,TV Show,Longmire,11/17/2017,2017,TV-MA,6,Seasons
s5167,TV Show,Luna Petunia,11/17/2017,2017,TV-Y,3,Seasons
s5168,Movie,Mudbound,11/17/2017,2017,R,135,min
s5169,TV Show,Shot in the Dark,11/17/2017,2017,TV-MA,1,Season
s5170,TV Show,The Irregular at Magic High School,11/15/2017,2014,TV-14,1,Season
s5171,TV Show,The Method,11/15/2017,2015,TV-MA,1,Season
s5172,Movie,DeRay Davis: How to Act Black,11/14/2017,2017,TV-MA,66,min
s5173,Movie,Bon Cop Bad Cop 2,11/11/2017,2017,TV-MA,126,min
s5174,TV Show,Blazing Transfer Students,11/10/2017,2017,TV-MA,1,Season
s5175,TV Show,Glitter Force Doki Doki,11/10/2017,2017,TV-Y7,2,Seasons
s5176,TV Show,Lady Dynamite,11/10/2017,2017,TV-MA,2,Seasons
s5177,Movie,Mea Culpa,11/10/2017,2017,TV-MA,54,min
s5178,Movie,The Killer,11/10/2017,2017,TV-MA,100,min
s5179,TV Show,Fate/Apocrypha,11/7/2017,2017,TV-MA,2,Seasons
s5180,Movie,Jerry Seinfeld: Comedian,11/7/2017,2002,R,81,min
s5181,TV Show,Project Mc²,11/7/2017,2017,TV-G,6,Seasons
s5182,Movie,The Journey Is the Destination,11/7/2017,2016,R,123,min
s5183,Movie,Let It Fall: Los Angeles 1982-1992,11/6/2017,2017,TV-MA,144,min
s5184,Movie,Mubarakan,11/5/2017,2017,PG-13,153,min
s5185,TV Show,Akulah Balqis,11/3/2017,2015,TV-14,1,Season
s5186,TV Show,Alias Grace,11/3/2017,2017,TV-MA,1,Season
s5187,Movie,Bandie,11/1/2017,1978,TV-PG,141,min
s5188,Movie,Getaway Plan,11/1/2017,2016,TV-MA,104,min
s5189,Movie,Hajwala: The Missing Engine,11/1/2017,2016,TV-PG,97,min
s5190,Movie,Pettersson and Findus 2,11/1/2017,2016,TV-G,82,min
s5191,Movie,The Bittersweet,11/1/2017,2017,TV-MA,98,min
s5192,TV Show,The Family Court,11/1/2017,2010,TV-MA,1,Season
s5193,TV Show,The Golden Path,11/1/2017,2007,TV-MA,1,Season
s5194,TV Show,The Little Nyonya,11/1/2017,2009,TV-14,1,Season
s5195,TV Show,The Truth,11/1/2017,2008,TV-14,1,Season
s5196,TV Show,Together,11/1/2017,2009,TV-14,1,Season
s5197,Movie,Judah Friedlander: America Is the Greatest Country in the United States,10/31/2017,2017,TV-MA,84,min
s5198,Movie,The B-Side: Elsa Dorfman's Portrait Photography,10/31/2017,2016,R,76,min
s5199,Movie,SPF-18,10/30/2017,2017,PG-13,75,min
s5200,Movie,Pup Star: Better 2Gether,10/28/2017,2017,PG,93,min
s5201,TV Show,Beyond Stranger Things,10/27/2017,2017,TV-14,1,Season
s5202,Movie,Joan Didion: The Center Will Not Hold,10/27/2017,2017,TV-14,98,min
s5203,Movie,Strange Weather,10/26/2017,2016,R,91,min
s5204,Movie,The Hateful Eight,10/25/2017,2015,R,168,min
s5205,Movie,Jack Whitehall: At Large,10/24/2017,2017,TV-MA,68,min
s5206,TV Show,The Mist,10/24/2017,2017,TV-MA,1,Season
s5207,TV Show,W1A,10/24/2017,2017,TV-MA,3,Seasons
s5208,Movie,1922,10/20/2017,2017,TV-MA,103,min
s5209,TV Show,Haters Back Off,10/20/2017,2017,TV-PG,2,Seasons
s5210,Movie,One of Us,10/20/2017,2017,TV-14,95,min
s5211,TV Show,The Day I Met El Chapo,10/20/2017,2017,TV-MA,1,Season
s5212,Movie,Wheelman,10/20/2017,2017,TV-MA,82,min
s5213,Movie,Wedding Unplanned,10/19/2017,2017,TV-MA,94,min
s5214,Movie,Patton Oswalt: Annihilation,10/17/2017,2017,TV-MA,66,min
s5215,Movie,Baadshaho,10/16/2017,2017,TV-14,135,min
s5216,TV Show,In Laws,10/16/2017,2016,TV-PG,1,Season
s5217,TV Show,Laws of Attraction,10/16/2017,2012,TV-14,1,Season
s5218,Movie,Lucknow Central,10/16/2017,2017,TV-14,144,min
s5219,Movie,Belief: The Possession of Janet Moses,10/15/2017,2015,TV-MA,90,min
s5220,TV Show,Seven and Me,10/15/2017,2017,TV-Y,1,Season
s5221,Movie,Singapore,10/15/2017,1960,TV-PG,158,min
s5222,TV Show,West Coast Customs,10/15/2017,2015,TV-G,6,Seasons
s5223,Movie,Blessed Benefit,10/13/2017,2016,TV-14,83,min
s5224,Movie,Clair Obscur,10/13/2017,2016,TV-MA,102,min
s5225,Movie,"El Especial de Alex Fernández, el Especial",10/13/2017,2017,TV-MA,52,min
s5226,Movie,Kingdom of Us,10/13/2017,2017,TV-MA,110,min
s5227,Movie,The Babysitter,10/13/2017,2017,TV-MA,85,min
s5228,Movie,The Meyerowitz Stories (New and Selected),10/13/2017,2017,TV-MA,113,min
s5229,Movie,Barakah Meets Barakah,10/12/2017,2016,TV-MA,88,min
s5230,Movie,Bomb Scared,10/12/2017,2017,TV-MA,89,min
s5231,Movie,Christina P: Mother Inferior,10/10/2017,2017,TV-MA,59,min
s5232,TV Show,ID-0,10/6/2017,2017,TV-PG,1,Season
s5233,TV Show,Kibaoh Klashers,10/6/2017,2017,TV-Y7,2,Seasons
s5234,Movie,The Death and Life of Marsha P. Johnson,10/6/2017,2017,TV-MA,106,min
s5235,Movie,Rodney Carrington: Here Comes the Truth,10/3/2017,2017,TV-MA,66,min
s5236,Movie,26 Years,10/1/2017,2012,TV-MA,135,min
s5237,TV Show,Beyblade Burst,10/1/2017,2016,TV-Y7,1,Season
s5238,TV Show,Equestria Girls: Tales of Canterlot High,10/1/2017,2017,TV-Y7,1,Season
s5239,Movie,For Your Own Good,10/1/2017,2017,TV-MA,93,min
s5240,Movie,Franca: Chaos and Creation,10/1/2017,2016,TV-MA,79,min
s5241,Movie,Generation Iron 2,10/1/2017,2017,PG-13,107,min
s5242,Movie,Ghost Patrol,10/1/2017,2016,TV-Y7,47,min
s5243,TV Show,Justice in the City,10/1/2017,2012,TV-14,1,Season
s5244,TV Show,Noddy Toyland Detective,10/1/2017,2016,TV-Y,2,Seasons
s5245,TV Show,Star Trek: Enterprise,10/1/2017,2004,TV-14,4,Seasons
s5246,TV Show,Star Trek: Voyager,10/1/2017,2000,TV-PG,7,Seasons
s5247,TV Show,Sudden,10/1/2017,2013,TV-14,1,Season
s5248,TV Show,The Dream Catchers,10/1/2017,2009,TV-14,1,Season
s5249,Movie,The Lion Woman,10/1/2017,2016,TV-14,118,min
s5250,Movie,Verónica,10/1/2017,2017,TV-MA,81,min
s5251,TV Show,What She Put on the Table,10/1/2017,2017,TV-14,1,Season
s5252,TV Show,The Royal House of Windsor,9/30/2017,2017,TV-MA,1,Season
s5253,Movie,Gerald's Game,9/29/2017,2017,TV-MA,103,min
s5254,Movie,Long Shot,9/29/2017,2017,TV-14,40,min
s5255,TV Show,Mak Cun,9/29/2017,2015,TV-PG,1,Season
s5256,Movie,Our Souls at Night,9/29/2017,2017,TV-14,103,min
s5257,Movie,Out of Thin Air,9/29/2017,2017,TV-MA,85,min
s5258,TV Show,Paul Hollywood's Big Continental Road Trip,9/29/2017,2017,TV-14,1,Season
s5259,TV Show,Real Rob,9/29/2017,2017,TV-MA,2,Seasons
s5260,TV Show,Satu Hari,9/29/2017,2014,TV-PG,1,Season
s5261,Movie,Much Loved,9/27/2017,2015,TV-MA,104,min
s5262,Movie,Def Comedy Jam 25,9/26/2017,2017,TV-MA,82,min
s5263,TV Show,Terrace House: Aloha State,9/26/2017,2017,TV-14,4,Seasons
s5264,TV Show,Dark Matter,9/25/2017,2017,TV-14,3,Seasons
s5265,Movie,Swearnet: The Movie,9/24/2017,2014,NC-17,112,min
s5266,Movie,The Bar,9/24/2017,2017,TV-MA,102,min
s5267,Movie,Gaga: Five Foot Two,9/22/2017,2017,TV-MA,101,min
s5268,Movie,The Bad Batch,9/22/2017,2016,R,119,min
s5269,Movie,Jerry Before Seinfeld,9/19/2017,2017,TV-14,62,min
s5270,Movie,Barbie Dolphin Magic,9/18/2017,2017,TV-Y,64,min
s5271,Movie,First They Killed My Father,9/15/2017,2017,TV-MA,137,min
s5272,Movie,Strong Island,9/15/2017,2017,TV-MA,108,min
s5273,TV Show,VeggieTales in the City,9/15/2017,2017,TV-Y,2,Seasons
s5274,Movie,Ghost of the Mountains,9/13/2017,2017,G,78,min
s5275,TV Show,Offspring,9/13/2017,2017,TV-MA,7,Seasons
s5276,Movie,Heroin(e),9/12/2017,2017,TV-14,40,min
s5277,Movie,Jeff Dunham: Relative Disaster,9/12/2017,2017,TV-MA,71,min
s5278,Movie,#realityhigh,9/8/2017,2017,TV-14,99,min
s5279,TV Show,Apaches,9/8/2017,2016,TV-MA,1,Season
s5280,Movie,Fabrizio Copano: Solo pienso en mi,9/8/2017,2017,TV-MA,60,min
s5281,TV Show,Fire Chasers,9/8/2017,2017,TV-MA,1,Season
s5282,Movie,Joaquín Reyes: Una y no más,9/8/2017,2017,TV-MA,78,min
s5283,Movie,Carrie Pilby,9/5/2017,2016,TV-MA,98,min
s5284,Movie,Marc Maron: Too Real,9/5/2017,2017,TV-MA,70,min
s5285,TV Show,No Tomorrow,9/5/2017,2016,TV-PG,1,Season
s5286,TV Show,Reign,9/5/2017,2017,TV-14,4,Seasons
s5287,TV Show,Frequency,9/4/2017,2016,TV-14,1,Season
s5288,TV Show,The Vampire Diaries,9/4/2017,2016,TV-14,8,Seasons
s5289,TV Show,A Boy Name Flora A,9/1/2017,2017,TV-MA,1,Season
s5290,TV Show,A House of Blocks,9/1/2017,2017,TV-PG,1,Season
s5291,Movie,Aakhri Adaalat,9/1/2017,1988,TV-14,148,min
s5292,Movie,"Alias JJ, la celebridad del mal",9/1/2017,2017,TV-MA,54,min
s5293,Movie,Berserk: The Golden Age Arc II - The Battle for Doldrey,9/1/2017,2012,TV-MA,92,min
s5294,Movie,Berserk: The Golden Age Arc III - The Advent,9/1/2017,2013,TV-MA,107,min
s5295,Movie,Brother's Shadow,9/1/2017,2006,TV-MA,90,min
s5296,Movie,Chadi Jawani Budhe Nu,9/1/2017,1976,TV-PG,135,min
s5297,Movie,Ek Jaan Hain Hum,9/1/2017,1983,TV-14,151,min
s5298,TV Show,FINAL FANTASY XIV Dad of Light,9/1/2017,2017,TV-PG,1,Season
s5299,TV Show,Gurren Lagann,9/1/2017,2007,TV-14,1,Season
s5300,TV Show,High Risk,9/1/2017,1988,TV-PG,1,Season
s5301,Movie,Khoon Khoon,9/1/2017,1973,TV-14,132,min
s5302,TV Show,LEGO Elves: Secrets of Elvendale,9/1/2017,2017,TV-Y7,1,Season
s5303,Movie,Little Evil,9/1/2017,2017,TV-MA,95,min
s5304,Movie,Manoranjan,9/1/2017,1974,TV-14,162,min
s5305,Movie,Mujrim,9/1/2017,1989,TV-14,163,min
s5306,TV Show,Narcos,9/1/2017,2017,TV-MA,3,Seasons
s5307,Movie,Offline - Das leben ist kein bonuslevel,9/1/2017,2016,TV-MA,89,min
s5308,Movie,Resurface,9/1/2017,2017,TV-MA,28,min
s5309,Movie,Rocco,9/1/2017,2016,TV-MA,103,min
s5310,Movie,Sohni Mahiwal,9/1/2017,1984,TV-14,160,min
s5311,Movie,The Distinguished Citizen,9/1/2017,2016,TV-MA,113,min
s5312,Movie,The Guardian Brothers,9/1/2017,2016,TV-G,86,min
s5313,Movie,The Last Shaman,9/1/2017,2016,TV-14,83,min
s5314,Movie,The Lost Brother,9/1/2017,2017,TV-MA,113,min
s5315,Movie,Todo Sobre El Asado,9/1/2017,2016,TV-MA,86,min
s5316,Movie,Ryan Hamilton: Happy Face,8/29/2017,2017,TV-14,57,min
s5317,Movie,Buster's Mal Heart,8/26/2017,2016,TV-MA,98,min
s5318,Movie,Berlin Syndrome,8/25/2017,2017,R,116,min
s5319,Movie,Death Note,8/25/2017,2017,TV-MA,100,min
s5320,Movie,Lynne Koplitz: Hormonal Beast,8/22/2017,2017,TV-MA,51,min
s5321,TV Show,Dinotrux,8/18/2017,2017,TV-Y7,5,Seasons
s5322,TV Show,Marvel's The Defenders,8/18/2017,2017,TV-MA,1,Season
s5323,Movie,Undefeated,8/18/2017,2011,PG-13,113,min
s5324,Movie,What Happened to Monday,8/18/2017,2017,TV-MA,124,min
s5325,TV Show,20 Minutes,8/15/2017,2013,TV-MA,1,Season
s5326,Movie,Brad Paisley's Comedy Rodeo,8/15/2017,2017,TV-MA,63,min
s5327,Movie,Colin Quinn: Unconstitutional,8/15/2017,2015,TV-MA,56,min
s5328,TV Show,Million Yen Women,8/15/2017,2017,TV-MA,1,Season
s5329,Movie,The Outcasts,8/14/2017,2017,TV-14,94,min
s5330,Movie,Chocolate City: Vegas Strip,8/12/2017,2017,TV-MA,90,min
s5331,Movie,Los Herederos,8/12/2017,2015,TV-MA,71,min
s5332,Movie,Naked,8/11/2017,2017,TV-14,97,min
s5333,Movie,Demonic,8/10/2017,2015,R,83,min
s5334,Movie,The Saint,8/10/2017,2017,TV-14,92,min
s5335,Movie,Baahubali 2: The Conclusion (Hindi Version),8/7/2017,2017,TV-MA,165,min
s5336,Movie,Baahubali 2: The Conclusion (Malayalam Version),8/7/2017,2017,TV-14,166,min
s5337,Movie,Baahubali 2: The Conclusion (Tamil Version),8/7/2017,2017,TV-MA,166,min
s5338,Movie,Baahubali: The Beginning (Hindi Version),8/7/2017,2015,TV-14,159,min
s5339,Movie,Baahubali: The Beginning (Malayalam Version),8/7/2017,2015,TV-14,160,min
s5340,Movie,Baahubali: The Beginning (Tamil Version),8/7/2017,2015,TV-14,159,min
s5341,Movie,LEGO Marvel Super Heroes: Avengers Reassembled!,8/6/2017,2015,TV-Y7,22,min
s5342,Movie,Enter the Warriors Gate,8/5/2017,2016,PG-13,105,min
s5343,Movie,Alan Saldaña: Mi vida de pobre,8/4/2017,2017,TV-MA,54,min
s5344,Movie,Icarus,8/4/2017,2017,TV-MA,121,min
s5345,Movie,Message from the King,8/4/2017,2017,R,103,min
s5346,TV Show,Wet Hot American Summer: Ten Years Later,8/4/2017,2017,TV-MA,1,Season
s5347,Movie,The Invisible Guardian,8/3/2017,2017,TV-MA,129,min
s5348,TV Show,Bountiful Blessings,8/1/2017,2011,TV-14,1,Season
s5349,TV Show,Close Your Eyes Before It’s Dark,8/1/2017,2016,TV-14,1,Season
s5350,TV Show,Entangled,8/1/2017,2014,TV-14,1,Season
s5351,TV Show,Fartsa,8/1/2017,2015,TV-14,1,Season
s5352,Movie,Handsome Devil,8/1/2017,2016,TV-MA,95,min
s5353,TV Show,"Have You Ever Fallen in Love, Miss Jiang?",8/1/2017,2016,TV-14,1,Season
s5354,Movie,Jessica Darling's It List,8/1/2017,2016,TV-Y,80,min
s5355,TV Show,Life Plan A and B,8/1/2017,2016,TV-PG,1,Season
s5356,TV Show,Locust,8/1/2017,2014,TV-MA,1,Season
s5357,TV Show,Love Storm,8/1/2017,2016,TV-14,1,Season
s5358,Movie,Maz Jobrani: Immigrant,8/1/2017,2017,TV-14,67,min
s5359,Movie,Opening Night,8/1/2017,2016,TV-MA,84,min
s5360,Movie,Raising the Bar,8/1/2017,2016,TV-Y,97,min
s5361,TV Show,Surviving Escobar - Alias JJ,8/1/2017,2017,TV-MA,1,Season
s5362,Movie,The Blind Christ,8/1/2017,2016,TV-MA,86,min
s5363,TV Show,The In-Laws,8/1/2017,2011,TV-14,1,Season
s5364,TV Show,The IT Crowd,8/1/2017,2013,TV-MA,5,Seasons
s5365,Movie,Un plus une,8/1/2017,2015,TV-MA,114,min
s5366,TV Show,Vexed,8/1/2017,2012,TV-MA,2,Seasons
s5367,TV Show,World War II in Colour,8/1/2017,2009,TV-MA,1,Season
s5368,TV Show,Daughters of Destiny,7/28/2017,2017,TV-14,1,Season
s5369,Movie,The Incredible Jessica James,7/28/2017,2017,TV-MA,84,min
s5370,Movie,Joe Mande’s Award-Winning Comedy Special,7/25/2017,2017,TV-MA,67,min
s5371,Movie,I Called Him Morgan,7/24/2017,2016,TV-14,91,min
s5372,Movie,Aditi Mittal: Things They Wouldn't Let Me Say,7/18/2017,2017,TV-MA,63,min
s5373,TV Show,Ari Shaffir: Double Negative,7/18/2017,2017,TV-MA,1,Season
s5374,Movie,Uncertain Glory,7/17/2017,2017,TV-MA,116,min
s5375,Movie,Amar,7/15/2017,2017,TV-MA,104,min
s5376,Movie,Buddy Thunderstruck: The Maybe Pile,7/14/2017,2017,TV-Y7,14,min
s5377,Movie,Chasing Coral,7/14/2017,2017,TV-PG,89,min
s5378,Movie,To the Bone,7/14/2017,2017,TV-MA,108,min
s5379,Movie,D.L. Hughley: Clear,7/13/2017,2014,TV-MA,59,min
s5380,Movie,Tom Segura: Completely Normal,7/13/2017,2014,TV-MA,74,min
s5381,TV Show,Dawn of the Croods,7/7/2017,2017,TV-Y7,4,Seasons
s5382,TV Show,Degrassi: Next Class,7/7/2017,2017,TV-14,4,Seasons
s5383,TV Show,Diamond Lover,7/7/2017,2015,TV-PG,1,Season
s5384,TV Show,King’s War,7/7/2017,2012,TV-14,1,Season
s5385,TV Show,Qin Empire: Alliance,7/7/2017,2012,TV-14,1,Season
s5386,Movie,Take Me,7/7/2017,2017,TV-MA,84,min
s5387,TV Show,The Legend of Bruce Lee,7/7/2017,2008,TV-14,1,Season
s5388,Movie,10 jours en or,7/1/2017,2012,TV-14,97,min
s5389,TV Show,46,7/1/2017,2016,TV-MA,1,Season
s5390,Movie,A 2nd Chance,7/1/2017,2011,PG,95,min
s5391,TV Show,Against the Tide,7/1/2017,2014,TV-14,1,Season
s5392,Movie,Amrapali,7/1/2017,1966,TV-PG,116,min
s5393,TV Show,Barbie Life in the Dreamhouse,7/1/2017,2012,TV-Y,1,Season
s5394,TV Show,Breakout,7/1/2017,2010,TV-14,1,Season
s5395,Movie,Hans Teeuwen: Real Rancour,7/1/2017,2018,TV-MA,86,min
s5396,TV Show,Intersection,7/1/2017,2016,TV-MA,3,Seasons
s5397,Movie,Lal Patthar,7/1/2017,1971,TV-14,153,min
s5398,TV Show,Learning Songs by Little Baby Bum: Nursery Rhyme Friends,7/1/2017,2015,TV-Y,1,Season
s5399,Movie,Liar's Dice,7/1/2017,2013,TV-MA,104,min
s5400,TV Show,Mystic Whispers,7/1/2017,2014,TV-14,1,Season
s5401,Movie,Professor,7/1/2017,1962,TV-PG,163,min
s5402,TV Show,Spice Up,7/1/2017,2014,TV-14,1,Season
s5403,Movie,The Invisible Guest,7/1/2017,2016,TV-14,106,min
s5404,TV Show,The Oath,7/1/2017,2011,TV-14,1,Season
s5405,TV Show,The Truth Seekers,7/1/2017,2016,TV-MA,1,Season
s5406,TV Show,The Ultimatum,7/1/2017,2009,TV-14,1,Season
s5407,TV Show,Unriddle,7/1/2017,2012,TV-14,2,Seasons
s5408,TV Show,World at Your Feet,7/1/2017,2014,TV-14,1,Season
s5409,Movie,Yaar Gaddar,7/1/2017,1994,TV-14,148,min
s5410,TV Show,Yes We Can!,7/1/2017,2014,TV-14,1,Season
s5411,TV Show,Yours Fatefully,7/1/2017,2012,TV-14,1,Season
s5412,Movie,Zipi & Zape y la Isla del Capitan,7/1/2017,2016,TV-PG,105,min
s5413,TV Show,Criminal Minds,6/30/2017,2017,TV-14,12,Seasons
s5414,TV Show,Gypsy,6/30/2017,2017,TV-MA,1,Season
s5415,TV Show,Little Witch Academia,6/30/2017,2017,TV-Y7,2,Seasons
s5416,Movie,Okja,6/28/2017,2017,TV-MA,121,min
s5417,Movie,Chris D'Elia: Man on Fire,6/27/2017,2017,TV-MA,66,min
s5418,Movie,I Am Michael,6/26/2017,2015,TV-MA,102,min
s5419,Movie,Nobody Speak: Trials of the Free Press,6/23/2017,2017,TV-14,96,min
s5420,Movie,You Get Me,6/23/2017,2017,TV-MA,89,min
s5421,Movie,Dangal,6/21/2017,2016,TV-PG,161,min
s5422,TV Show,Young & Hungry,6/21/2017,2017,TV-14,5,Seasons
s5423,TV Show,Pac-Man and the Ghostly Adventures,6/20/2017,2014,TV-Y7,2,Seasons
s5424,Movie,Puss in Book: Trapped in an Epic Tale,6/20/2017,2017,TV-Y7,24,min
s5425,Movie,Rory Scovel Tries Stand-Up for the First Time,6/20/2017,2017,TV-MA,66,min
s5426,TV Show,Aquarius,6/16/2017,2016,TV-MA,2,Seasons
s5427,Movie,Counterpunch,6/16/2017,2017,TV-MA,91,min
s5428,Movie,What the Health,6/16/2017,2017,TV-PG,92,min
s5429,TV Show,World of Winx,6/16/2017,2017,TV-Y7,2,Seasons
s5430,Movie,Kanavu Variyam,6/15/2017,2017,TV-PG,104,min
s5431,Movie,Marco Luque: Tamo Junto,6/15/2017,2017,TV-MA,73,min
s5432,Movie,The Russian Revolution,6/15/2017,2017,TV-PG,47,min
s5433,Movie,"Oh, Hello On Broadway",6/13/2017,2017,TV-MA,102,min
s5434,TV Show,28 Moons,6/10/2017,2016,TV-PG,1,Season
s5435,TV Show,Magic Phone,6/10/2017,2016,TV-PG,1,Season
s5436,TV Show,Man to Man,6/10/2017,2017,TV-14,1,Season
s5437,TV Show,My Little Baby,6/10/2017,2016,TV-PG,1,Season
s5438,TV Show,Singles Villa,6/10/2017,2015,TV-14,1,Season
s5439,TV Show,Under the Black Moonlight,6/10/2017,2016,TV-14,1,Season
s5440,TV Show,My Only Love Song,6/9/2017,2017,TV-MA,1,Season
s5441,Movie,Shimmer Lake,6/9/2017,2017,TV-MA,87,min
s5442,Movie,The Wishing Tree,6/5/2017,2017,TV-14,117,min
s5443,Movie,Headshot,6/3/2017,2016,TV-MA,119,min
s5444,Movie,1898: Our Last Men in the Philippines,6/2/2017,2016,R,130,min
s5445,TV Show,Crashing,6/2/2017,2016,TV-MA,1,Season
s5446,TV Show,Flaked,6/2/2017,2017,TV-MA,2,Seasons
s5447,Movie,Lucid Dream,6/2/2017,2017,TV-MA,102,min
s5448,Movie,Aashik Awara,6/1/2017,1993,TV-14,154,min
s5449,Movie,Amelia: A Tale of Two Sisters,6/1/2017,2017,TV-PG,44,min
s5450,Movie,Catfight,6/1/2017,2016,TV-MA,96,min
s5451,Movie,How to Stage a Coup,6/1/2017,2017,TV-14,47,min
s5452,Movie,Jackie: A Tale of Two Sisters,6/1/2017,2017,TV-PG,44,min
s5453,Movie,Lens,6/1/2017,2015,TV-MA,109,min
s5454,Movie,Little Boxes,6/1/2017,2016,TV-MA,89,min
s5455,Movie,Love.com,6/1/2017,2017,TV-MA,92,min
s5456,Movie,Maya Memsaab,6/1/2017,1993,TV-14,122,min
s5457,Movie,Michael Lost and Found,6/1/2017,2017,TV-PG,19,min
s5458,TV Show,Mind Game,6/1/2017,2015,TV-14,1,Season
s5459,TV Show,Miniforce,6/1/2017,2016,TV-Y7,1,Season
s5460,TV Show,Off Camera,6/1/2017,2015,TV-MA,3,Seasons
s5461,Movie,Oh Darling Yeh Hai India,6/1/2017,1995,TV-14,154,min
s5462,Movie,Prince,6/1/2017,1969,TV-PG,152,min
s5463,Movie,Qila,6/1/2017,1998,TV-14,161,min
s5464,Movie,Smoke & Mirrors,6/1/2017,2016,TV-14,123,min
s5465,TV Show,The Day Will Come,6/1/2017,2016,TV-14,1,Season
s5466,TV Show,The Dream Job,6/1/2017,2016,TV-14,1,Season
s5467,Movie,The Mitfords: A Tale of Two Sisters,6/1/2017,2017,TV-PG,44,min
s5468,Movie,Without Gorky,5/31/2017,2011,TV-14,80,min
s5469,Movie,Sarah Silverman A Speck of Dust,5/30/2017,2017,TV-MA,71,min
s5470,Movie,Rangoon,5/29/2017,2017,TV-14,153,min
s5471,TV Show,Bloodline,5/26/2017,2017,TV-MA,3,Seasons
s5472,Movie,Joshua: Teenager vs. Superpower,5/26/2017,2017,TV-14,79,min
s5473,Movie,Raees,5/26/2017,2017,TV-14,143,min
s5474,Movie,War Machine,5/26/2017,2017,TV-MA,123,min
s5475,Movie,Arès,5/23/2017,2016,TV-MA,80,min
s5476,Movie,Hasan Minhaj: Homecoming King,5/23/2017,2017,TV-MA,73,min
s5477,Movie,BLAME!,5/19/2017,2017,TV-14,106,min
s5478,TV Show,Highland: Thailand's Marijuana Awakening,5/19/2017,2017,TV-MA,1,Season
s5479,Movie,Laerte-se,5/19/2017,2017,TV-MA,101,min
s5480,TV Show,The Keepers,5/19/2017,2017,TV-MA,1,Season
s5481,Movie,Tracy Morgan: Staying Alive,5/16/2017,2017,TV-MA,59,min
s5482,Movie,Chamatkar,5/15/2017,1992,TV-14,164,min
s5483,Movie,Kabhi Haan Kabhi Naa,5/15/2017,1994,TV-14,151,min
s5484,Movie,Lovesong,5/15/2017,2016,TV-MA,84,min
s5485,Movie,Natascha Kampusch: The Whole Story,5/15/2017,2010,TV-14,51,min
s5486,Movie,Ram Jaane,5/15/2017,1995,TV-14,142,min
s5487,Movie,The Devil's Mistress,5/15/2017,2016,TV-MA,110,min
s5488,Movie,Wild Oats,5/13/2017,2016,PG-13,86,min
s5489,TV Show,All Hail King Julien: Exiled,5/12/2017,2017,TV-Y7,1,Season
s5490,Movie,Get Me Roger Stone,5/12/2017,2017,TV-MA,101,min
s5491,Movie,Mindhorn,5/12/2017,2017,TV-MA,88,min
s5492,Movie,Sahara,5/12/2017,2017,TV-Y7,86,min
s5493,Movie,"Norm Macdonald: Hitler's Dog, Gossip & Trickery",5/9/2017,2017,TV-MA,61,min
s5494,Movie,Handsome: A Netflix Mystery Movie,5/5/2017,2017,TV-MA,81,min
s5495,TV Show,Kazoops!,5/5/2017,2017,TV-Y,3,Seasons
s5496,Movie,Simplemente Manu NNa,5/5/2017,2017,TV-MA,72,min
s5497,Movie,The Mars Generation,5/5/2017,2017,TV-PG,98,min
s5498,Movie,Maria Bamford: Old Baby,5/2/2017,2017,TV-MA,64,min
s5499,Movie,A Yellow Bird,5/1/2017,2016,TV-MA,111,min
s5500,Movie,Chaahat,5/1/2017,1996,TV-14,148,min
s5501,Movie,English Babu Desi Mem,5/1/2017,1996,TV-14,163,min
s5502,Movie,He Even Has Your Eyes,5/1/2017,2016,TV-MA,95,min
s5503,Movie,In the Shadow of Iris,5/1/2017,2016,TV-MA,99,min
s5504,Movie,JFK: The Making of a President,5/1/2017,2017,TV-PG,44,min
s5505,Movie,Kiss & Cry,5/1/2017,2017,TV-MA,93,min
s5506,Movie,Loev,5/1/2017,2015,TV-MA,89,min
s5507,Movie,Mostly Sunny,5/1/2017,2016,TV-MA,83,min
s5508,Movie,The Next Skin,5/1/2017,2016,TV-MA,104,min
s5509,Movie,Casting JonBenet,4/28/2017,2017,TV-14,81,min
s5510,TV Show,Jumping Girl,4/28/2017,2015,TV-14,1,Season
s5511,TV Show,President,4/28/2017,2010,TV-14,1,Season
s5512,Movie,Rodney King,4/28/2017,2017,TV-MA,53,min
s5513,Movie,Small Crimes,4/28/2017,2017,TV-MA,95,min
s5514,TV Show,What in the World Happened?,4/28/2017,2015,TV-14,1,Season
s5515,TV Show,Mar de Plástico,4/27/2017,2017,TV-MA,2,Seasons
s5516,Movie,Dear Zindagi,4/25/2017,2016,TV-14,149,min
s5517,Movie,Shepherds and Butchers,4/25/2017,2016,R,106,min
s5518,Movie,The 101-Year-Old Man Who Skipped Out on the Bill and Disappeared,4/25/2017,2016,TV-MA,108,min
s5519,Movie,Vir Das: Abroad Understanding,4/25/2017,2017,TV-MA,66,min
s5520,TV Show,Fangbone,4/22/2017,2016,TV-Y7,1,Season
s5521,TV Show,Girlboss,4/21/2017,2017,TV-MA,1,Season
s5522,TV Show,Hot Girls Wanted: Turned On,4/21/2017,2017,TV-MA,1,Season
s5523,Movie,Sand Castle,4/21/2017,2017,TV-MA,113,min
s5524,TV Show,The Mr. Peabody and Sherman Show,4/21/2017,2017,TV-Y7,4,Seasons
s5525,Movie,Tramps,4/21/2017,2017,TV-MA,83,min
s5526,Movie,Lucas Brothers: On Drugs,4/18/2017,2017,TV-MA,50,min
s5527,Movie,Bibi & Tina,4/15/2017,2014,TV-PG,97,min
s5528,Movie,Bibi & Tina II,4/15/2017,2014,TV-14,105,min
s5529,Movie,Bibi & Tina: Girls Versus Boys,4/15/2017,2016,TV-14,107,min
s5530,Movie,Slam,4/15/2017,2017,TV-MA,99,min
s5531,Movie,The Wedding Party,4/15/2017,2016,TV-14,101,min
s5532,Movie,Arctic Heart,4/14/2017,2016,TV-14,81,min
s5533,Movie,Our Lovers,4/14/2017,2016,TV-MA,92,min
s5534,Movie,Sandy Wexler,4/14/2017,2017,TV-14,131,min
s5535,Movie,Macho,4/12/2017,2016,TV-MA,101,min
s5536,Movie,Kevin Hart: What Now?,4/11/2017,2016,R,96,min
s5537,Movie,Frat Star,4/10/2017,2017,TV-MA,85,min
s5538,TV Show,The Miracle,4/10/2017,2016,TV-14,1,Season
s5539,TV Show,The Get Down,4/7/2017,2017,TV-MA,2,Seasons
s5540,Movie,The Lighthouse of the Orcas,4/7/2017,2016,TV-MA,110,min
s5541,Movie,Win It All,4/7/2017,2017,TV-MA,89,min
s5542,Movie,Louis C.K. 2017,4/4/2017,2017,NULL,74,min
s5543,TV Show,Burned Cocoon,4/1/2017,2005,TV-MA,NULL,Season
s5544,Movie,Couples Counseling,4/1/2017,2016,TV-MA,NULL,min
s5545,Movie,Deuces,4/1/2017,2016,TV-MA,NULL,min
s5546,Movie,Elaan,4/1/2017,1971,TV-14,NULL,min
s5547,Movie,Five Nights in Maine,4/1/2017,2015,TV-MA,NULL,min
s5548,Movie,Killa,4/1/2017,2014,TV-14,NULL,min
s5549,Movie,Life 2.0,4/1/2017,2010,TV-MA,NULL,min
s5550,Movie,Salaakhen,4/1/2017,1975,TV-14,NULL,min
s5551,Movie,Skins,4/1/2017,2017,TV-MA,NULL,min
s5552,Movie,The Tenth Man,4/1/2017,2016,TV-MA,NULL,min
s5553,Movie,Toro,4/1/2017,2016,TV-MA,NULL,min
s5554,Movie,Bridget Christie: Stand Up for Her,3/31/2017,2016,TV-MA,NULL,min
s5555,TV Show,Five Came Back,3/31/2017,2017,TV-MA,NULL,Season
s5556,TV Show,Hoff the Record,3/31/2017,2016,TV-MA,NULL,Seasons
s5557,Movie,The Discovery,3/31/2017,2017,TV-MA,NULL,min
s5558,Movie,Jo Koy: Live from Seattle,3/28/2017,2017,TV-MA,NULL,min
s5559,TV Show,Bottersnikes & Gumbles,3/24/2017,2017,TV-Y7,NULL,Seasons
s5560,Movie,Felipe Neto: My Life Makes No Sense,3/24/2017,2017,TV-MA,NULL,min
s5561,Movie,The C Word,3/24/2017,2016,TV-14,NULL,min
s5562,Movie,The Most Hated Woman in America,3/24/2017,2017,TV-MA,NULL,min
s5563,TV Show,Dave Chappelle,3/21/2017,2017,TV-MA,NULL,Season
s5564,TV Show,One-Punch Man,3/20/2017,2015,TV-14,NULL,Season
s5565,Movie,Best Worst Thing That Ever Could Have Happened,3/18/2017,2016,TV-MA,NULL,min
s5566,Movie,Deidra & Laney Rob a Train,3/17/2017,2017,TV-14,NULL,min
s5567,TV Show,Julie's Greenroom,3/17/2017,2017,TV-Y,NULL,Season
s5568,TV Show,Outback Truckers,3/17/2017,2015,TV-MA,NULL,Seasons
s5569,Movie,Pandora,3/17/2017,2016,TV-MA,NULL,min
s5570,TV Show,Samurai Gourmet,3/17/2017,2017,TV-PG,NULL,Season
s5571,Movie,Howards End,3/16/2017,1992,PG,NULL,min
s5572,Movie,Asoka,3/15/2017,2001,R,NULL,min
s5573,Movie,"Bon Cop, Bad Cop",3/15/2017,2006,TV-MA,NULL,min
s5574,Movie,Notes on Blindness,3/15/2017,2016,TV-PG,NULL,min
s5575,Movie,One 2 Ka 4,3/15/2017,2001,TV-14,NULL,min
s5576,TV Show,Cheer Squad,3/14/2017,2016,TV-PG,NULL,Season
s5577,Movie,Jim Norton: Mouthful of Shame,3/14/2017,2017,TV-MA,NULL,min
s5578,Movie,100 Meters,3/10/2017,2016,TV-MA,NULL,min
s5579,TV Show,Buddy Thunderstruck,3/10/2017,2017,TV-Y7,NULL,Season
s5580,Movie,Burning Sands,3/10/2017,2017,TV-MA,NULL,min
s5581,TV Show,One More Time,3/10/2017,2016,TV-14,NULL,Season
s5582,Movie,The Butterfly's Dream,3/10/2017,2013,TV-PG,NULL,min
s5583,Movie,Amy Schumer: The Leather Special,3/7/2017,2017,TV-MA,NULL,min
s5584,TV Show,Love Is in the Air,3/1/2017,2010,TV-14,NULL,Season
s5585,Movie,Nila,3/1/2017,2016,TV-MA,NULL,min
s5586,TV Show,Tong: Memories,3/1/2017,2016,TV-MA,NULL,Season
s5587,Movie,Mike Birbiglia: Thank God for Jokes,2/28/2017,2017,TV-MA,NULL,min
s5588,Movie,Force 2,2/27/2017,2016,TV-14,NULL,min
s5589,Movie,Jonas,2/26/2017,2015,TV-MA,NULL,min
s5590,Movie,Operações Especiais,2/25/2017,2015,TV-MA,NULL,min
s5591,Movie,I Don't Feel at Home in This World Anymore,2/24/2017,2017,TV-MA,NULL,min
s5592,TV Show,Legend Quest,2/24/2017,2017,TV-Y7,NULL,Season
s5593,TV Show,The Sound of Your Heart,2/24/2017,2016,TV-14,NULL,Season
s5594,TV Show,Love Me As I Am,2/22/2017,2015,TV-PG,NULL,Seasons
s5595,Movie,Trevor Noah: Afraid of the Dark,2/21/2017,2017,TV-14,NULL,min
s5596,Movie,Boy Missing,2/19/2017,2016,TV-MA,NULL,min
s5597,Movie,Growing Up Wild,2/19/2017,2016,G,NULL,min
s5598,Movie,Tini: The New Life of Violetta,2/19/2017,2016,G,NULL,min
s5599,TV Show,Love for Ten: Generation of Youth,2/17/2017,2013,TV-14,NULL,Season
s5600,Movie,Rocky Handsome,2/17/2017,2016,TV-MA,NULL,min
s5601,Movie,A Heavy Heart,2/15/2017,2015,TV-MA,NULL,min
s5602,TV Show,Nightmare High,2/15/2017,2016,TV-14,NULL,Season
s5603,Movie,Rush: Beyond the Lighted Stage,2/15/2017,2010,TV-MA,NULL,min
s5604,TV Show,Spark,2/15/2017,2016,TV-PG,NULL,Season
s5605,Movie,The Fury of a Patient Man,2/15/2017,2016,TV-MA,NULL,min
s5606,Movie,The Memory of Water,2/15/2017,2015,TV-MA,NULL,min
s5607,Movie,Girlfriend's Day,2/14/2017,2017,TV-MA,NULL,min
s5608,Movie,Katherine Ryan: In Trouble,2/14/2017,2017,TV-MA,NULL,min
s5609,TV Show,White Nights,2/14/2017,2016,TV-14,NULL,Season
s5610,TV Show,Cyborg 009: Call of Justice,2/10/2017,2017,TV-14,NULL,Season
s5611,Movie,David Brent: Life on the Road,2/10/2017,2016,TV-MA,NULL,min
s5612,Movie,Grillo vs Grillo,2/10/2017,2017,TV-MA,NULL,min
s5613,Movie,Hitler - A Career,2/10/2017,1977,TV-MA,NULL,min
s5614,Movie,"Michael Bolton's Big, Sexy Valentine's Day Special",2/7/2017,2017,TV-MA,NULL,min
s5615,Movie,Daniel Sosa: Sosafado,2/3/2017,2017,TV-MA,NULL,min
s5616,Movie,Imperial Dreams,2/3/2017,2014,TV-MA,NULL,min
s5617,Movie,Dilwale,2/1/2017,2015,TV-PG,NULL,min
s5618,Movie,Happy New Year,2/1/2017,2014,TV-14,NULL,min
s5619,Movie,Haraamkhor,2/1/2017,2015,TV-14,NULL,min
s5620,Movie,Heroes Wanted,2/1/2017,2016,TV-MA,NULL,min
s5621,Movie,The Reconquest,2/1/2017,2016,TV-MA,NULL,min
s5622,Movie,Zapped,2/1/2017,2014,TV-Y,NULL,min
s5623,Movie,Bill Burr: Walk Your Way Out,1/31/2017,2017,TV-MA,NULL,min
s5624,Movie,Semana Santa,1/31/2017,2015,TV-MA,NULL,min
s5625,Movie,Journey to Greenland,1/29/2017,2016,TV-14,NULL,min
s5626,Movie,IBOY,1/27/2017,2017,TV-MA,NULL,min
s5627,Movie,O Silêncio do Céu,1/25/2017,2016,TV-MA,NULL,min
s5628,Movie,Cristela Alonzo: Lower Classy,1/24/2017,2017,TV-MA,NULL,min
s5629,Movie,Gad Gone Wild,1/23/2017,2017,TV-MA,NULL,min
s5630,Movie,Pink,1/20/2017,2016,TV-14,NULL,min
s5631,Movie,Take the 10,1/20/2017,2017,TV-MA,NULL,min
s5632,Movie,Neal Brennan: 3 Mics,1/17/2017,2017,TV-MA,NULL,min
s5633,Movie,Berlin Calling,1/15/2017,2008,TV-MA,NULL,min
s5634,Movie,Sarajevo,1/15/2017,2014,TV-PG,NULL,min
s5635,Movie,Stereo,1/15/2017,2014,TV-MA,NULL,min
s5636,Movie,We Are Young. We Are Strong.,1/15/2017,2014,TV-MA,NULL,min
s5637,Movie,Casablancas: The Man Who Loved Women,1/13/2017,2016,TV-14,NULL,min
s5638,Movie,Clinical,1/13/2017,2017,TV-MA,NULL,min
s5639,Movie,Very Big Shot,1/12/2017,2015,TV-MA,NULL,min
s5640,Movie,Jim Gaffigan: Cinco,1/10/2017,2017,TV-14,NULL,min
s5641,TV Show,We're Lalaloopsy,1/10/2017,2017,TV-Y,NULL,Season
s5642,Movie,Under the Shadow,1/7/2017,2016,PG-13,NULL,min
s5643,Movie,Coin Heist,1/6/2017,2017,TV-14,NULL,min
s5644,Movie,LEGO: Marvel Super Heroes: Maximum Overload,1/6/2017,2013,TV-Y7,NULL,min
s5645,Movie,Rampage: President Down,1/5/2017,2016,TV-MA,NULL,min
s5646,Movie,Marvel's Hulk: Where Monsters Dwell,1/4/2017,2016,PG,NULL,min
s5647,Movie,Jen Kirkman: Just Keep Livin’?,1/3/2017,2017,TV-MA,NULL,min
s5648,Movie,Autohead,1/1/2017,2016,TV-MA,NULL,min
s5649,Movie,Bee Movie,1/1/2017,2007,PG,NULL,min
s5650,Movie,Headwinds,1/1/2017,2011,TV-MA,NULL,min
s5651,TV Show,Star Trek: Deep Space Nine,1/1/2017,1999,TV-14,NULL,Seasons
s5652,Movie,Udta Punjab,1/1/2017,2016,TV-MA,NULL,min
s5653,Movie,Mr. Pig,12/31/2016,2016,TV-MA,NULL,min
s5654,TV Show,My Runway,12/30/2016,2016,TV-14,NULL,Season
s5655,TV Show,AJIN: Demi-Human,12/27/2016,2016,TV-MA,NULL,Seasons
s5656,TV Show,Chasing Cameron,12/27/2016,2016,TV-14,NULL,Season
s5657,Movie,7:19,12/23/2016,2016,TV-MA,NULL,min
s5658,Movie,Garfunkel and Oates: Trying to be Special,12/23/2016,2016,TV-MA,NULL,min
s5659,TV Show,Sense8,12/23/2016,2018,TV-MA,NULL,Seasons
s5660,Movie,A Christmas Special: Miraculous: Tales of Ladybug & Cat Noir,12/20/2016,2016,TV-Y7,NULL,min
s5661,Movie,Gabriel lglesias: I’m Sorry For What I Said When I Was Hungry,12/20/2016,2016,TV-14,NULL,min
s5662,Movie,Barry,12/16/2016,2016,TV-MA,NULL,min
s5663,TV Show,Crazyhead,12/16/2016,2016,TV-MA,NULL,Season
s5664,Movie,Sister Cities,12/16/2016,2016,TV-MA,NULL,min
s5665,Movie,3 Türken & ein Baby,12/15/2016,2015,TV-MA,NULL,min
s5666,TV Show,Color of Woman,12/15/2016,2012,TV-PG,NULL,Season
s5667,Movie,Eddie - Strongman,12/15/2016,2015,TV-MA,NULL,min
s5668,TV Show,Goodbye My Wife,12/15/2016,2012,TV-14,NULL,Season
s5669,TV Show,Happy And,12/15/2016,2012,TV-14,NULL,Season
s5670,TV Show,Heaven's Garden,12/15/2016,2011,TV-MA,NULL,Season
s5671,TV Show,Ice Fantasy,12/15/2016,2016,TV-14,NULL,Season
s5672,TV Show,Immortal Classic,12/15/2016,2012,TV-14,NULL,Season
s5673,TV Show,InuYasha,12/15/2016,2001,TV-14,NULL,Seasons
s5674,TV Show,K-POP Extreme Survival,12/15/2016,2012,TV-14,NULL,Season
s5675,TV Show,Merlin,12/15/2016,2012,TV-PG,NULL,Seasons
s5676,TV Show,Miss Panda & Mr. Hedgehog,12/15/2016,2012,TV-PG,NULL,Season
s5677,Movie,Sand Storm,12/15/2016,2016,TV-PG,NULL,min
s5678,TV Show,Tokyo Trial,12/13/2016,2017,TV-MA,NULL,Season
s5679,Movie,Ricardo O'Farrill: Abrazo navideño,12/12/2016,2016,TV-MA,NULL,min
s5680,Movie,Asperger's Are Us,12/11/2016,2016,TV-MA,NULL,min
s5681,TV Show,Captive,12/9/2016,2016,TV-MA,NULL,Season
s5682,Movie,Mariah Carey's Merriest Christmas,12/9/2016,2015,TV-G,NULL,min
s5683,Movie,Spectral,12/9/2016,2016,TV-14,NULL,min
s5684,TV Show,White Rabbit Project,12/9/2016,2016,TV-14,NULL,Season
s5685,TV Show,Miss in Kiss,12/8/2016,2016,TV-14,NULL,Season
s5686,Movie,Other People,12/8/2016,2016,TV-MA,NULL,min
s5687,TV Show,The Cuba Libre Story,12/8/2016,2015,TV-14,NULL,Season
s5688,Movie,Blue Jay,12/6/2016,2016,TV-MA,NULL,min
s5689,Movie,One in a Billion,12/6/2016,2016,TV-14,NULL,min
s5690,Movie,Reggie Watts: Spatial,12/6/2016,2016,TV-MA,NULL,min
s5691,TV Show,From Dusk Till Dawn,12/5/2016,2016,TV-MA,NULL,Seasons
s5692,Movie,Mercenary,12/4/2016,2016,TV-MA,NULL,min
s5693,TV Show,Lost & Found Music Studios,12/3/2016,2016,TV-G,NULL,Seasons
s5694,Movie,For the Love of Spock,12/2/2016,2016,TV-14,NULL,min
s5695,Movie,White Girl,12/2/2016,2016,TV-MA,NULL,min
s5696,Movie,#Rucker50,12/1/2016,2016,TV-PG,NULL,min
s5697,Movie,1000 Rupee Note,12/1/2016,2014,TV-14,NULL,min
s5698,Movie,Across Grace Alley,12/1/2016,2013,TV-PG,NULL,min
s5699,Movie,Asu Mare 2,12/1/2016,2015,TV-14,NULL,min
s5700,TV Show,Back to 1989,12/1/2016,2016,TV-PG,NULL,Season
s5701,TV Show,Bromance,12/1/2016,2015,TV-PG,NULL,Season
s5702,Movie,Interrogation,12/1/2016,2015,TV-MA,NULL,min
s5703,Movie,Rainbow Time,12/1/2016,2016,TV-MA,NULL,min
s5704,TV Show,Refresh Man,12/1/2016,2016,TV-14,NULL,Season
s5705,Movie,Richard Pryor: Live in Concert,12/1/2016,1979,TV-MA,NULL,min
s5706,Movie,The Violin Player,12/1/2016,2016,TV-14,NULL,min
s5707,Movie,Beauties of the Night,11/25/2016,2016,TV-MA,NULL,min
s5708,TV Show,Gilmore Girls: A Year in the Life,11/25/2016,2016,TV-14,NULL,Season
s5709,Movie,Michael Che Matters,11/25/2016,2016,TV-MA,NULL,min
s5710,Movie,Mercy,11/22/2016,2016,TV-MA,NULL,min
s5711,Movie,The Land of Cards,11/22/2016,2012,TV-14,NULL,min
s5712,Movie,Carlos Ballarta: El amor es de putos,11/21/2016,2016,TV-MA,NULL,min
s5713,Movie,Donald Glover: Weirdo,11/19/2016,2012,TV-MA,NULL,min
s5714,Movie,Colin Quinn: The New York Story,11/18/2016,2016,TV-MA,NULL,min
s5715,Movie,Divines,11/18/2016,2016,TV-MA,NULL,min
s5716,TV Show,La Niña,11/18/2016,2016,TV-MA,NULL,Season
s5717,TV Show,Paranoid,11/17/2016,2016,TV-MA,NULL,Season
s5718,Movie,Dieter Nuhr: Nuhr in Berlin,11/15/2016,2016,TV-MA,NULL,min
s5719,Movie,Mumbai Cha Raja,11/15/2016,2012,TV-MA,NULL,min
s5720,Movie,True Memoirs of an International Assassin,11/11/2016,2016,TV-14,NULL,min
s5721,TV Show,Einsatzgruppen: The Nazi Death Squads,11/10/2016,2009,TV-MA,NULL,Season
s5722,Movie,Kathleen Madigan: Bothering Jesus,11/10/2016,2016,TV-MA,NULL,min
s5723,TV Show,Case,11/9/2016,2015,TV-MA,NULL,Season
s5724,TV Show,Danger Mouse,11/9/2016,2016,TV-Y7,NULL,Seasons
s5725,Movie,"Dana Carvey: Straight White Male, 60",11/4/2016,2016,TV-MA,NULL,min
s5726,Movie,The Ivory Game,11/4/2016,2016,TV-14,NULL,min
s5727,Movie,A Grand Night In: The Story of Aardman,11/1/2016,2015,TV-PG,NULL,min
s5728,TV Show,Inborn Pair,11/1/2016,2011,TV-14,NULL,Season
s5729,TV Show,Just You,11/1/2016,2013,TV-14,NULL,Season
s5730,TV Show,Love Around,11/1/2016,2013,TV-14,NULL,Season
s5731,TV Show,Love Family,11/1/2016,2013,TV-MA,NULL,Season
s5732,TV Show,Love Me or Leave Me,11/1/2016,2012,TV-14,NULL,Season
s5733,TV Show,Love Now,11/1/2016,2012,TV-14,NULL,Season
s5734,Movie,Norman Lear: Just Another Version of You,11/1/2016,2016,TV-MA,NULL,min
s5735,Movie,Santa Pac's Merry Berry Day,11/1/2016,2016,TV-Y,NULL,min
s5736,Movie,Spanish Affair 2,11/1/2016,2015,TV-MA,NULL,min
s5737,Movie,Pup Star,10/29/2016,2016,G,NULL,min
s5738,Movie,I Am the Pretty Thing That Lives in the House,10/28/2016,2016,TV-14,NULL,min
s5739,Movie,Into the Inferno,10/28/2016,2016,TV-PG,NULL,min
s5740,Movie,The African Doctor,10/28/2016,2016,TV-14,NULL,min
s5741,Movie,They Are Everywhere,10/28/2016,2016,TV-MA,NULL,min
s5742,TV Show,Trailer Park Boys: Out of the Park: Europe,10/28/2016,2016,TV-MA,NULL,Season
s5743,Movie,West Coast,10/28/2016,2016,TV-MA,NULL,min
s5744,Movie,7 años,10/27/2016,2016,TV-MA,NULL,min
s5745,TV Show,Containment,10/21/2016,2016,TV-MA,NULL,Season
s5746,Movie,Joe Rogan: Triggered,10/21/2016,2016,TV-MA,NULL,min
s5747,Movie,A Mighty Team,10/15/2016,2016,TV-MA,NULL,min
s5748,Movie,Berserk: The Golden Age Arc I - The Egg of the King,10/15/2016,2012,TV-MA,NULL,min
s5749,Movie,Bleach The Movie: Fade to Black,10/15/2016,2008,TV-PG,NULL,min
s5750,Movie,Bleach the Movie: Hell Verse,10/15/2016,2010,TV-14,NULL,min
s5751,Movie,Blind Date,10/15/2016,2015,TV-14,NULL,min
s5752,TV Show,DEATH NOTE,10/15/2016,2006,TV-14,NULL,Season
s5753,TV Show,Spotless,10/15/2016,2015,TV-MA,NULL,Season
s5754,TV Show,Vampire Knight,10/15/2016,2008,TV-14,NULL,Seasons
s5755,Movie,Sky Ladder: The Art of Cai Guo-Qiang,10/14/2016,2016,TV-MA,NULL,min
s5756,Movie,Mascots,10/13/2016,2016,TV-MA,NULL,min
s5757,Movie,Justin Timberlake + the Tennessee Kids,10/12/2016,2016,TV-MA,NULL,min
s5758,Movie,13TH,10/7/2016,2016,TV-MA,NULL,min
s5759,Movie,Russell Peters: Almost Famous,10/7/2016,2016,TV-MA,NULL,min
s5760,TV Show,StoryBots Super Songs,10/7/2016,2016,TV-Y,NULL,Season
s5761,Movie,The Siege of Jadotville,10/7/2016,2016,TV-MA,NULL,min
s5762,Movie,LEGO Jurassic World: The Indominus Escape,10/4/2016,2016,TV-Y7,NULL,min
s5763,TV Show,Be with Me,10/1/2016,2015,TV-PG,NULL,Season
s5764,TV Show,Be with You,10/1/2016,2015,TV-14,NULL,Season
s5765,Movie,Bombshell,10/1/2016,2016,TV-MA,NULL,min
s5766,Movie,Chatô: The King of Brazil,10/1/2016,2015,TV-MA,NULL,min
s5767,TV Show,Fall in Love with Me,10/1/2016,2014,TV-14,NULL,Season
s5768,Movie,Harud,10/1/2016,2010,TV-MA,NULL,min
s5769,TV Show,Love Cheque Charge,10/1/2016,2014,TV-14,NULL,Season
s5770,TV Show,Masha's Spooky Stories,10/1/2016,2012,TV-Y,NULL,Season
s5771,Movie,Much Ado About Nothing,10/1/2016,2016,TV-MA,NULL,min
s5772,TV Show,Murphy's Law of Love,10/1/2016,2015,TV-PG,NULL,Season
s5773,Movie,My Big Night,10/1/2016,2015,TV-MA,NULL,min
s5774,Movie,My Little Pony Equestria Girls: Legend of Everfree,10/1/2016,2016,TV-Y7,NULL,min
s5775,TV Show,Old Money,10/1/2016,2015,TV-MA,NULL,Season
s5776,Movie,Pac's Scary Halloween,10/1/2016,2016,TV-Y7,NULL,min
s5777,Movie,Riphagen - The Untouchable,10/1/2016,2016,TV-14,NULL,min
s5778,TV Show,Someone Like You,10/1/2016,2015,TV-14,NULL,Season
s5779,Movie,Umrika,10/1/2016,2015,TV-MA,NULL,min
s5780,Movie,Unchained: The Untold Story of Freestyle Motocross,10/1/2016,2016,TV-MA,NULL,min
s5781,Movie,Welcome Mr. President,10/1/2016,2013,TV-MA,NULL,min
s5782,TV Show,When I See You Again,10/1/2016,2015,TV-14,NULL,Season
s5783,Movie,Amanda Knox,9/30/2016,2016,TV-MA,NULL,min
s5784,Movie,Audrie & Daisy,9/23/2016,2016,TV-MA,NULL,min
s5785,Movie,Iliza Shlesinger: Confirmed Kills,9/23/2016,2016,TV-MA,NULL,min
s5786,TV Show,VeggieTales in the House,9/23/2016,2016,TV-Y,NULL,Seasons
s5787,Movie,"Karol Modzelewski, Lukasz „Lotek” Lodkowski No Offense",9/19/2016,2016,TV-MA,NULL,min
s5788,Movie,"Katarzyna Piasecka, Rafal Paczes Seriously Funny",9/19/2016,2016,TV-MA,NULL,min
s5789,Movie,"Mariusz Kalamaga, Karol Kopiec, Wiolka Walaszczyk Hilarious Trio",9/19/2016,2016,TV-MA,NULL,min
s5790,Movie,"Rafal Banas, Michal Leja Laugh out Loud",9/19/2016,2016,TV-MA,NULL,min
s5791,Movie,The Best of Rafal Rutkowski Olka Szczesniak,9/19/2016,2016,TV-MA,NULL,min
s5792,Movie,"Tomasz Jachimek, Jacek Stramik Laugh at Live",9/19/2016,2016,TV-MA,NULL,min
s5793,Movie,ARQ,9/16/2016,2016,TV-MA,NULL,min
s5794,Movie,Cedric the Entertainer: Live from the Ville,9/16/2016,2016,TV-MA,NULL,min
s5795,Movie,Louis C.K.: Hilarious,9/16/2016,2010,84,NULL,min
s5796,Movie,The White Helmets,9/16/2016,2016,TV-PG,NULL,min
s5797,Movie,Sample This,9/15/2016,2012,TV-14,NULL,min
s5798,Movie,Extremis,9/13/2016,2016,TV-PG,NULL,min
s5799,Movie,Jandino: Whatever it Takes,9/9/2016,2016,TV-MA,NULL,min
s5800,TV Show,Chef's Table: France,9/2/2016,2016,TV-14,NULL,Season
s5801,TV Show,Kulipari: An Army of Frogs,9/2/2016,2016,TV-Y7,NULL,Season
s5802,TV Show,Conspiracy,9/1/2016,2015,TV-14,NULL,Season
s5803,TV Show,Dead Set,9/1/2016,2008,TV-MA,NULL,Season
s5804,TV Show,Forensic Files,9/1/2016,2011,TV-MA,NULL,Seasons
s5805,Movie,Saudi Arabia Uncovered,9/1/2016,2016,TV-14,NULL,min
s5806,TV Show,The Fierce Wife,9/1/2016,2010,TV-MA,NULL,Season
s5807,TV Show,Witches: A Century of Murder,9/1/2016,2015,TV-14,NULL,Season
s5808,TV Show,Glitter Force,8/26/2016,2016,TV-Y7,NULL,Seasons
s5809,Movie,Jeff Foxworthy and Larry the Cable Guy: We’ve Been Thinking...,8/26/2016,2016,TV-14,NULL,min
s5810,Movie,XOXO,8/26/2016,2016,TV-MA,NULL,min
s5811,Movie,I'll Sleep When I'm Dead,8/19/2016,2016,TV-MA,NULL,min
s5812,TV Show,Behind Enemy Lines,8/15/2016,2001,TV-14,NULL,Season
s5813,TV Show,Caught on Camera,8/15/2016,2015,TV-MA,NULL,Seasons
s5814,Movie,Louis C.K.: Live at the Comedy Store,8/15/2016,2015,NULL,66,min
s5815,Movie,Real Crime: Supermarket Heist (Tesco Bomber),8/15/2016,2010,TV-14,46,min
s5816,Movie,Jim Gaffigan: Beyond the Pale,8/11/2016,2005,TV-14,72,min
s5817,Movie,Jim Gaffigan: King Baby,8/11/2016,2009,TV-PG,71,min
s5818,Movie,Jim Gaffigan: Mr. Universe,8/11/2016,2012,TV-14,77,min
s5819,Movie,Jim Gaffigan: Obsessed,8/11/2016,2014,TV-14,70,min
s5820,Movie,David Cross: Making America Great Again!,8/5/2016,2016,TV-MA,73,min
s5821,Movie,Lavell Crawford: Can a Brother Get Some Love?,8/2/2016,2011,TV-MA,81,min
s5822,Movie,Children of God,8/1/2016,1994,TV-MA,63,min
s5823,TV Show,Cocaine,8/1/2016,2005,TV-14,1,Season
s5824,TV Show,Edge of the Universe,8/1/2016,2008,TV-G,1,Season
s5825,Movie,Interview with a Serial Killer,8/1/2016,2008,TV-MA,45,min
s5826,TV Show,La Esclava Blanca,8/1/2016,2016,TV-MA,1,Season
s5827,Movie,Real Crime: Diamond Geezers,8/1/2016,2008,TV-14,46,min
s5828,TV Show,LEGO Bionicle: The Journey to One,7/29/2016,2016,TV-Y7,2,Seasons
s5829,Movie,Tallulah,7/29/2016,2016,TV-MA,112,min
s5830,TV Show,Popples,7/24/2016,2016,TV-Y,3,Seasons
s5831,Movie,Rebirth,7/15/2016,2016,TV-MA,101,min
s5832,Movie,Tony Robbins: I Am Not Your Guru,7/15/2016,2016,TV-MA,117,min
s5833,Movie,Gridlocked,7/14/2016,2015,R,114,min
s5834,Movie,Brahman Naman,7/6/2016,2016,TV-MA,96,min
s5835,TV Show,Kuromukuro,7/4/2016,2016,TV-14,2,Seasons
s5836,Movie,Jim Jefferies: Freedumb,7/1/2016,2016,TV-MA,87,min
s5837,TV Show,Marco Polo,7/1/2016,2016,TV-MA,2,Seasons
s5838,Movie,X: Past Is Present,7/1/2016,2015,TV-MA,105,min
s5839,TV Show,Justin Time GO!,6/24/2016,2016,TV-Y,1,Season
s5840,Movie,Sofía Niño de Rivera: Exposed,6/24/2016,2016,TV-MA,80,min
s5841,Movie,The Fundamentals of Caring,6/24/2016,2016,TV-MA,97,min
s5842,Movie,Ip Man 3,6/18/2016,2015,PG-13,105,min
s5843,Movie,Bo Burnham: Make Happy,6/3/2016,2016,TV-MA,60,min
s5844,TV Show,Hibana: Spark,6/2/2016,2016,TV-MA,1,Season
s5845,TV Show,72 Cutest Animals,6/1/2016,2016,TV-PG,1,Season
s5846,TV Show,72 Dangerous Places to Live,6/1/2016,2016,TV-PG,1,Season
s5847,Movie,The Do-Over,5/27/2016,2016,TV-MA,109,min
s5848,Movie,Ali Wong: Baby Cobra,5/6/2016,2016,TV-MA,60,min
s5849,Movie,Special Correspondents,4/29/2016,2016,TV-MA,101,min
s5850,Movie,Team Foxcatcher,4/29/2016,2016,TV-MA,91,min
s5851,Movie,Patton Oswalt: Talking for Clapping,4/22/2016,2016,TV-MA,66,min
s5852,Movie,Belgica,4/15/2016,2016,TV-MA,127,min
s5853,Movie,Hush,4/8/2016,2016,R,82,min
s5854,TV Show,Cyborg 009 VS Devilman,4/1/2016,2015,TV-MA,1,Season
s5855,Movie,Frank and Cindy,4/1/2016,2007,TV-MA,70,min
s5856,TV Show,Justin Time,4/1/2016,2012,TV-Y,2,Seasons
s5857,TV Show,Terrace House: Boys & Girls in the City,4/1/2016,2016,TV-14,2,Seasons
s5858,Movie,Kung Fu Panda: Secrets of the Scroll,3/25/2016,2016,TV-PG,23,min
s5859,Movie,He Never Died,3/18/2016,2015,R,97,min
s5860,Movie,Jimmy Carr: Funny Business,3/18/2016,2016,TV-MA,62,min
s5861,Movie,My Beautiful Broken Brain,3/18/2016,2016,TV-14,84,min
s5862,Movie,Pee-wee's Big Holiday,3/18/2016,2016,TV-PG,90,min
s5863,TV Show,Netflix Presents: The Characters,3/11/2016,2016,TV-MA,1,Season
s5864,TV Show,Your lie in April,3/1/2016,2014,TV-14,1,Season
s5865,Movie,"Crouching Tiger, Hidden Dragon: Sword of Destiny",2/26/2016,2016,PG-13,101,min
s5866,Movie,Marvel Super Hero Adventures: Frost Fight!,2/24/2016,2015,PG,74,min
s5867,TV Show,Cooked,2/19/2016,2016,TV-14,1,Season
s5868,TV Show,Care Bears & Cousins,2/5/2016,2016,TV-Y,2,Seasons
s5869,Movie,Hannibal Buress: Comedy Camisado,2/5/2016,2016,TV-MA,68,min
s5870,TV Show,Turbo FAST,2/5/2016,2016,TV-Y7,3,Seasons
s5871,TV Show,Masha's Tales,2/1/2016,2012,TV-Y,1,Season
s5872,TV Show,Chelsea Does,1/23/2016,2016,TV-MA,1,Season
s5873,Movie,Ricardo O'Farrill Abrazo Genial,1/22/2016,2016,TV-MA,92,min
s5874,Movie,Ip Man,1/15/2016,2008,R,107,min
s5875,Movie,Ip Man 2,1/15/2016,2010,R,108,min
s5876,Movie,Tom Segura: Mostly Stories,1/8/2016,2016,TV-MA,74,min
s5877,Movie,Marco Polo: One Hundred Eyes,12/26/2015,2015,TV-MA,29,min
s5878,TV Show,Sammy & Co,12/25/2015,2014,TV-Y,1,Season
s5879,Movie,Mike Epps: Don't Take It Personal,12/18/2015,2015,TV-MA,60,min
s5880,Movie,The Ridiculous 6,12/11/2015,2015,TV-14,120,min
s5881,Movie,"Trailer Park Boys: Drunk, High and Unemployed: Live in Austin",12/9/2015,2015,TV-MA,74,min
s5882,Movie,A Very Murray Christmas,12/4/2015,2015,TV-14,57,min
s5883,TV Show,Atelier,12/1/2015,2015,TV-PG,1,Season
s5884,Movie,Naomi and Ely's No Kiss List,11/18/2015,2015,TV-MA,91,min
s5885,Movie,John Mulaney: The Comeback Kid,11/13/2015,2015,TV-MA,62,min
s5886,TV Show,W/ Bob & David,11/13/2015,2015,TV-MA,1,Season
s5887,Movie,Manson Family Vacation,10/27/2015,2015,TV-MA,85,min
s5888,Movie,Walt Disney Animation Studios Short Films Collection,10/25/2015,2015,TV-Y,90,min
s5889,TV Show,Hemlock Grove,10/23/2015,2015,TV-MA,3,Seasons
s5890,Movie,Results,10/22/2015,2015,R,105,min
s5891,Movie,Anthony Jeselnik: Thoughts and Prayers,10/16/2015,2015,TV-MA,59,min
s5892,Movie,Beasts of No Nation,10/16/2015,2015,TV-MA,137,min
s5893,Movie,Circle,10/16/2015,2015,TV-MA,86,min
s5894,Movie,Winter on Fire: Ukraine's Fight for Freedom,10/9/2015,2015,TV-MA,99,min
s5895,Movie,Anjelah Johnson: Not Fancy,10/2/2015,2015,TV-14,64,min
s5896,TV Show,Wakfu: The Quest for the Six Eliatrope Dofus,10/1/2015,2014,TV-PG,1,Season
s5897,Movie,Keith Richards: Under the Influence,9/18/2015,2015,TV-14,82,min
s5898,Movie,Cowspiracy: The Sustainability Secret,9/15/2015,2014,TV-PG,90,min
s5899,Movie,6 Years,9/8/2015,2015,TV-MA,80,min
s5900,Movie,Demetri Martin: Live (At the Time),8/14/2015,2015,TV-MA,62,min
s5901,TV Show,Wet Hot American Summer,7/31/2015,2015,TV-MA,1,Season
s5902,Movie,Tig,7/17/2015,2015,TV-14,92,min
s5903,TV Show,H2O: Mermaid Adventures,7/15/2015,2015,TV-Y7,2,Seasons
s5904,Movie,Creep,7/14/2015,2014,R,78,min
s5905,Movie,Chris Tucker Live,7/10/2015,2015,TV-MA,92,min
s5906,Movie,Ralphie May: Imperfectly Yours,6/29/2015,2015,TV-MA,69,min
s5907,Movie,"What Happened, Miss Simone?",6/26/2015,2015,TV-14,103,min
s5908,Movie,Advantageous,6/23/2015,2015,TV-MA,92,min
s5909,TV Show,Danger Mouse: Classic Collection,6/15/2015,1992,TV-Y,10,Seasons
s5910,Movie,The Perfect Dictatorship,6/1/2015,2014,TV-MA,143,min
s5911,Movie,Hot Girls Wanted,5/29/2015,2015,TV-MA,83,min
s5912,Movie,Jen Kirkman: I'm Gonna Die Alone (And I Feel Fine),5/22/2015,2015,TV-MA,78,min
s5913,Movie,The Other One: The Long Strange Trip of Bob Weir,5/22/2015,2015,TV-14,84,min
s5914,Movie,Chris D'Elia: Incorrigible,4/17/2015,2015,TV-MA,84,min
s5915,TV Show,Oscar's Oasis,3/15/2015,2011,TV-Y,1,Season
s5916,Movie,Aziz Ansari Live at Madison Square Garden,3/6/2015,2015,TV-MA,58,min
s5917,Movie,My Own Man,3/6/2015,2015,TV-MA,82,min
s5918,Movie,Ralphie May: Unruly,2/27/2015,2015,TV-MA,83,min
s5919,Movie,Virunga: Gorillas in Peril,2/13/2015,2015,TV-14,29,min
s5920,Movie,Iliza Shlesinger: Freezing Hot,1/23/2015,2015,TV-MA,72,min
s5921,Movie,BoJack Horseman Christmas Special: Sabrina's Christmas Wish,12/19/2014,2014,TV-MA,26,min
s5922,Movie,Bill Burr: I'm Sorry You Feel That Way,12/5/2014,2014,TV-MA,81,min
s5923,TV Show,Lilyhammer,11/21/2014,2014,TV-MA,3,Seasons
s5924,TV Show,Goosebumps,11/19/2014,1998,TV-G,5,Seasons
s5925,Movie,Chelsea Peretti: One of the Greats,11/14/2014,2014,TV-MA,75,min
s5926,Movie,Virunga,11/7/2014,2014,TV-MA,100,min
s5927,Movie,E-Team,10/24/2014,2014,TV-MA,90,min
s5928,Movie,Wyatt Cenac: Brooklyn,10/21/2014,2014,TV-MA,68,min
s5929,Movie,Chelsea Handler: Uganda Be Kidding Me Live,10/10/2014,2014,TV-MA,71,min
s5930,Movie,Print the Legend,9/26/2014,2014,TV-14,100,min
s5931,Movie,Mission Blue,8/15/2014,2014,TV-PG,94,min
s5932,Movie,The Battered Bastards of Baseball,7/11/2014,2014,TV-MA,80,min
s5933,Movie,From One Second to the Next,4/15/2014,2013,TV-14,35,min
s5934,TV Show,The Borgias,2/1/2014,2013,TV-MA,3,Seasons
s5935,Movie,Mitt,1/24/2014,2014,TV-PG,93,min
s5936,Movie,The Square,1/17/2014,2013,TV-MA,105,min
s5937,Movie,Shrek the Musical,12/29/2013,2013,TV-G,130,min
s5938,Movie,The Short Game,12/12/2013,2013,PG,100,min
s5939,Movie,Aziz Ansari: Buried Alive,11/1/2013,2013,TV-MA,80,min
s5940,TV Show,The 4400,9/1/2013,2007,TV-14,4,Seasons
s5941,TV Show,Breaking Bad,8/2/2013,2013,TV-MA,5,Seasons
s5942,Movie,Being Elmo: A Puppeteer's Journey,2/21/2012,2011,PG,76,min
s5943,Movie,A Stoning in Fulham County,10/1/2011,1988,TV-14,95,min
s5944,Movie,Adam: His Song Continues,10/1/2011,1986,TV-MA,96,min
s5945,Movie,Hard Lessons,10/1/2011,1986,TV-14,94,min
s5946,Movie,In Defense of a Married Man,10/1/2011,1990,TV-14,94,min
s5947,Movie,Quiet Victory: The Charlie Wedemeyer Story,10/1/2011,1988,TV-PG,93,min
s5948,Movie,Strange Voices,10/1/2011,1987,TV-PG,96,min
s5949,Movie,The Ryan White Story,10/1/2011,1989,TV-PG,94,min
s5950,Movie,Too Young the Hero,10/1/2011,1988,TV-MA,94,min
s5951,Movie,Triumph of the Heart,10/1/2011,1991,TV-PG,93,min
s5952,Movie,Unspeakable Acts,10/1/2011,1990,TV-14,95,min
s5953,Movie,Victim of Beauty,10/1/2011,1991,TV-14,93,min
s5954,Movie,Joseph: King of Dreams,9/27/2011,2000,TV-PG,75,min
s5955,Movie,Even the Rain,5/17/2011,2010,TV-MA,103,min
s5956,Movie,Splatter,11/18/2009,2009,TV-MA,29,min
s5957,Movie,Just Another Love Story,5/5/2009,2007,TV-MA,104,min
s5958,Movie,To and From New York,1/1/2008,2006,TV-MA,81,min
s5959,Movie,9,11/16/2017,2009,PG-13,80,min
s5960,Movie,21,1/1/2020,2008,PG-13,123,min
s5961,Movie,187,11/1/2019,1997,R,119,min
s5962,Movie,706,4/1/2019,2019,TV-14,118,min
s5963,Movie,1920,12/15/2017,2008,TV-MA,143,min
s5964,Movie,1-Oct,9/1/2019,2014,TV-14,149,min
s5965,TV Show,9-Feb,3/20/2019,2018,TV-14,1,Season
s5966,Movie,22-Jul,10/10/2018,2018,R,144,min
s5967,Movie,15-Aug,3/29/2019,2019,TV-14,124,min
s5968,Movie,'89,5/16/2018,2017,TV-PG,87,min
s5969,Movie,?Goli Soda 2,9/15/2018,2018,TV-14,128,min
s5970,Movie,?Maj Rati ??Keteki,9/15/2018,2017,TV-14,117,min
s5971,Movie,?Mayurakshi,9/15/2018,2017,TV-14,100,min
s5972,Movie,(T)ERROR,6/30/2016,2015,NR,84,min
s5973,Movie,#cats_the_mewvie,2/5/2020,2020,TV-14,90,min
s5974,Movie,#Roxy,4/10/2019,2018,TV-14,105,min
s5975,TV Show,???????????????????,3/30/2019,2016,TV-14,1,Season
s5976,Movie,Ég man þig,3/27/2018,2017,TV-MA,106,min
s5977,Movie,Çok Filim Hareketler Bunlar,3/10/2017,2010,TV-MA,99,min
s5978,Movie,Æon Flux,2/1/2018,2005,PG-13,93,min
s5979,TV Show,Subat,1/17/2017,2013,TV-MA,1,Season
s5980,Movie,1 Chance 2 Dance,7/1/2017,2014,TV-PG,89,min
s5981,Movie,1 Mile to You,7/7/2017,2017,TV-14,105,min
s5982,Movie,"10,000 B.C.",6/1/2019,2008,PG-13,109,min
s5983,Movie,100 Days Of Solitude,7/6/2018,2018,TV-MA,93,min
s5984,Movie,100 Years: One Woman's Fight for Justice,3/20/2018,2016,TV-14,75,min
s5985,TV Show,100% Hotter,11/1/2019,2017,TV-14,1,Season
s5986,Movie,12 ROUND GUN,3/14/2019,2017,TV-MA,90,min
s5987,TV Show,12 Years Promise,5/22/2017,2014,TV-14,1,Season
s5988,Movie,13 Cameras,8/13/2016,2015,NR,90,min
s5989,Movie,13 Sins,1/13/2019,2014,R,93,min
s5990,Movie,13TH: A Conversation with Oprah Winfrey & Ava DuVernay,1/26/2017,2017,NULL,37,min
s5991,Movie,14 Blades,4/3/2019,2010,R,113,min
s5992,Movie,14 Cameras,10/27/2018,2018,TV-MA,89,min
s5993,Movie,16 Blocks,11/1/2019,2006,PG-13,102,min
s5994,Movie,17 Again,1/1/2021,2009,PG-13,102,min
s5995,Movie,1BR,8/23/2020,2019,TV-MA,90,min
s5996,Movie,1st Summoning,7/26/2019,2018,TV-MA,94,min
s5997,Movie,20 Feet From Stardom,9/22/2018,2013,PG-13,91,min
s5998,Movie,2015 Dream Concert,4/28/2017,2015,TV-PG,107,min
s5999,Movie,2036 Origin Unknown,12/20/2018,2018,TV-14,95,min
s6000,Movie,20th Century Women,6/28/2019,2016,R,119,min
s6001,Movie,21 & Over,4/16/2019,2013,R,93,min
s6002,TV Show,21 Sarfarosh: Saragarhi 1897,12/1/2018,2018,TV-14,1,Season
s6003,Movie,2307: Winter's Dream,3/1/2018,2016,TV-MA,101,min
s6004,Movie,24 Hours to Live,4/7/2018,2017,R,93,min
s6005,Movie,"27, el club de los malditos",5/1/2018,2018,TV-MA,82,min
s6006,Movie,27: Gone Too Soon,5/1/2018,2017,TV-MA,70,min
s6007,Movie,28 Days,9/30/2020,2000,PG-13,104,min
s6008,Movie,3 Deewarein,12/31/2019,2003,TV-MA,121,min
s6009,Movie,3 Generations,8/28/2017,2015,PG-13,92,min
s6010,Movie,3 Heroines,1/5/2019,2016,TV-PG,124,min
s6011,Movie,3 Seconds Divorce,6/15/2019,2018,TV-PG,53,min
s6012,Movie,30 Days of Luxury,4/18/2019,2016,TV-14,91,min
s6013,Movie,30 Minutes or Less,1/1/2021,2011,R,83,min
s6014,Movie,300 Miles to Heaven,10/1/2019,1989,TV-14,93,min
s6015,Movie,42 Grams,2/1/2018,2017,TV-MA,81,min
s6016,Movie,4th Man Out,5/5/2016,2015,NR,86,min
s6017,Movie,5 Cowok Jagoan,1/5/2019,2017,TV-MA,106,min
s6018,Movie,5 to 7,3/16/2017,2014,R,97,min
s6019,Movie,50 First Dates,12/1/2020,2004,PG-13,99,min
s6020,Movie,50/50,6/1/2019,2011,R,100,min
s6021,Movie,5CM,9/28/2018,2012,TV-14,126,min
s6022,Movie,6 Days,2/8/2018,2017,R,94,min
s6023,Movie,6-5=2,11/1/2017,2014,TV-MA,103,min
s6024,Movie,68 Kill,9/1/2019,2017,R,96,min
s6025,TV Show,7 (Seven),7/30/2019,2019,TV-14,1,Season
s6026,Movie,7 Din Mohabbat In,5/15/2019,2018,TV-PG,137,min
s6027,TV Show,9 Months That Made You,3/1/2017,2016,TV-PG,1,Season
s6028,Movie,A Bad Moms Christmas,2/14/2020,2017,R,104,min
s6029,Movie,A Billion Colour Story,4/1/2018,2016,TV-14,104,min
s6030,Movie,A Boy Called Po,1/15/2018,2016,PG,94,min
s6031,Movie,A Bridge Too Far,7/1/2020,1977,PG,176,min
s6032,Movie,A Clockwork Orange,11/1/2020,1971,R,137,min
s6033,Movie,A Dangerous Woman,4/1/2018,1993,R,101,min
s6034,Movie,A Family Affair,10/16/2016,2015,TV-PG,111,min
s6035,Movie,A Family Man,12/15/2019,2016,R,110,min
s6036,Movie,A Flying Jatt,11/15/2017,2016,TV-14,142,min
s6037,Movie,A Glimpse Inside the Mind of Charles Swan III,7/15/2018,2012,R,86,min
s6038,TV Show,A Good Wife,1/1/2017,2013,TV-14,1,Season
s6039,Movie,A Gray State,12/25/2017,2017,TV-MA,93,min
s6040,Movie,A Haunted House,2/21/2020,2013,R,86,min
s6041,Movie,A Haunting at Silver Falls: The Return,9/17/2019,2019,TV-14,80,min
s6042,Movie,A Holiday Engagement,11/4/2019,2011,TV-G,92,min
s6043,Movie,A Kind of Murder,5/1/2017,2016,R,96,min
s6044,Movie,A Leaf of Faith,8/27/2018,2018,TV-MA,87,min
s6045,TV Show,A Man Called God,3/12/2019,2010,TV-14,1,Season
s6046,Movie,A Mission in an Old Movie,4/25/2019,2012,TV-MA,98,min
s6047,Movie,A Most Violent Year,7/22/2018,2014,R,125,min
s6048,Movie,A Murder in the Park,4/28/2017,2014,PG-13,91,min
s6049,Movie,A new Capitalism,6/12/2018,2017,TV-14,76,min
s6050,Movie,A Night at the Roxbury,12/1/2019,1998,PG-13,82,min
s6051,Movie,A Noble Intention,9/1/2016,2015,TV-MA,111,min
s6052,Movie,A Patch of Fog,4/15/2017,2015,TV-MA,92,min
s6053,Movie,A Perfect Man,6/6/2019,2013,R,94,min
s6054,Movie,A Princess for Christmas,8/28/2020,2011,TV-PG,91,min
s6055,Movie,A Russell Peters Christmas,11/1/2013,2011,NR,44,min
s6056,Movie,A Scandall,10/15/2017,2016,TV-MA,108,min
s6057,Movie,A Separation,3/16/2019,2011,PG-13,123,min
s6058,Movie,A Serious Man,1/16/2018,2009,R,106,min
s6059,Movie,A Sort of Homecoming,8/1/2017,2015,TV-PG,89,min
s6060,Movie,A Tale of Love and Darkness,10/25/2019,2015,PG-13,98,min
s6061,Movie,A Thin Line Between Love & Hate,12/1/2020,1996,R,108,min
s6062,Movie,A Thousand Words,7/1/2020,2012,PG-13,92,min
s6063,Movie,A Walk to Remember,7/1/2020,2002,PG,102,min
s6064,Movie,A Wednesday,11/1/2018,2008,TV-MA,103,min
s6065,Movie,A Week in Watts,2/19/2018,2017,TV-14,91,min
s6066,Movie,A Wrinkle in Time,9/25/2018,2018,PG,110,min
s6067,TV Show,A Young Doctor's Notebook and Other Stories,NULL,2013,TV-MA,2,Seasons
s6068,TV Show,A.D. Kingdom and Empire,12/15/2017,2015,TV-14,1,Season
s6069,Movie,A.M.I.,10/1/2020,2019,TV-MA,77,min
s6070,Movie,A.X.L.,3/20/2019,2018,PG,99,min
s6071,Movie,Ask Tesadüfleri Sever,4/4/2018,2011,TV-MA,122,min
s6072,Movie,Aadu 2,5/15/2018,2017,TV-MA,150,min
s6073,Movie,Aajcha Divas Majha,1/1/2018,2013,TV-PG,126,min
s6074,Movie,Aarakshan,12/31/2019,2011,TV-14,164,min
s6075,Movie,Aashayein,10/22/2017,2010,TV-14,115,min
s6076,Movie,Aata Pita,1/1/2018,2010,TV-14,133,min
s6077,Movie,Abby Sen,5/1/2017,2015,TV-PG,127,min
s6078,Movie,Abdo Mota,4/19/2019,2012,TV-MA,100,min
s6079,Movie,Abhinetri,5/1/2018,2016,TV-14,131,min
s6080,TV Show,Abnormal Summit,8/4/2017,2017,TV-PG,2,Seasons
s6081,Movie,Abominable Christmas,2/18/2016,2012,TV-Y7,44,min
s6082,Movie,About a Boy,2/1/2019,2002,PG-13,101,min
s6083,Movie,Abzurdah,8/25/2016,2015,TV-MA,90,min
s6084,Movie,Acapulco La vida va,6/3/2017,2016,TV-MA,89,min
s6085,Movie,Across The Line,4/1/2019,2015,TV-MA,88,min
s6086,Movie,Across the Universe,1/1/2019,2007,PG-13,133,min
s6087,Movie,Act of Valor,6/1/2020,2012,R,110,min
s6088,Movie,Act of Vengeance,9/29/2018,2010,NR,112,min
s6089,Movie,Acts of Violence,8/1/2020,2018,R,87,min
s6090,TV Show,Adam Ruins Everything,9/30/2018,2018,TV-14,1,Season
s6091,Movie,Addicted to Life,6/12/2020,2014,TV-14,91,min
s6092,Movie,Adore,11/20/2019,2013,R,111,min
s6093,Movie,Adrishya,12/31/2019,2017,TV-14,99,min
s6094,Movie,Adventures in Public School,8/15/2018,2018,NR,86,min
s6095,TV Show,Africa,4/28/2016,2013,TV-PG,1,Season
s6096,Movie,After Porn Ends,5/27/2019,2012,NR,93,min
s6097,Movie,After Porn Ends 3,12/30/2018,2018,TV-MA,87,min
s6098,Movie,Afterschool,8/13/2020,2008,TV-MA,107,min
s6099,Movie,Aftershock,3/7/2018,2012,R,89,min
s6100,Movie,Agatha and the Truth of Murder,1/31/2019,2018,TV-MA,92,min
s6101,TV Show,Age Gap Love,7/12/2019,2017,TV-MA,1,Season
s6102,TV Show,Age of Glory,8/14/2017,2010,TV-MA,2,Seasons
s6103,TV Show,Agent Raghav,4/15/2017,2015,TV-14,1,Season
s6104,Movie,Ahista Ahista,12/31/2019,2006,TV-14,122,min
s6105,Movie,Ai Weiwei: Never Sorry,3/1/2018,2012,R,91,min
s6106,TV Show,Ainsley Eats the Streets,7/12/2019,2014,TV-PG,1,Season
s6107,Movie,Aisa Yeh Jahaan,10/15/2017,2015,TV-14,127,min
s6108,Movie,Aitraaz,3/1/2018,2004,TV-14,153,min
s6109,Movie,Alarmoty in the Land of Fire,8/5/2019,2017,TV-MA,94,min
s6110,Movie,Albion: The Enchanted Stallion,7/1/2017,2016,TV-PG,106,min
s6111,Movie,Alejandro Sanz: What I Was Is What I Am,8/18/2018,2018,TV-MA,102,min
s6112,Movie,Alice Doesn't Live Here Anymore,7/1/2019,1974,PG,112,min
s6113,Movie,Alien Contact: Outer Space,1/9/2018,2017,TV-PG,63,min
s6114,Movie,Aliens Ate My Homework,3/6/2018,2018,PG,90,min
s6115,Movie,Alive and Kicking,8/10/2017,2016,TV-14,89,min
s6116,Movie,All About Nina,3/18/2019,2018,R,101,min
s6117,Movie,All Dogs Go to Heaven,6/1/2020,1989,G,85,min
s6118,Movie,All Good Ones Get Away,7/30/2019,2019,TV-MA,83,min
s6119,Movie,All Hallows' Eve,8/1/2017,2016,TV-G,92,min
s6120,Movie,All Light Will End,2/2/2019,2018,TV-MA,84,min
s6121,Movie,All the Boys Love Mandy Lane,7/3/2018,2006,R,91,min
s6122,Movie,All the Devil's Men,5/15/2019,2018,R,100,min
s6123,Movie,Alone in Berlin,2/15/2019,2016,R,103,min
s6124,Movie,Along Came a Spider,10/1/2019,2001,R,103,min
s6125,Movie,Alpha and Omega 2: A Howl-iday Adventure,10/1/2019,2013,TV-G,45,min
s6126,Movie,Alpha and Omega: The Legend of the Saw Tooth Cave,1/1/2020,2014,TV-Y7,45,min
s6127,TV Show,Alphablocks,5/25/2020,2014,TV-Y,5,Seasons
s6128,Movie,AlphaGo,1/1/2018,2017,TV-G,90,min
s6129,Movie,Always a Bridesmaid,3/3/2020,2019,TV-14,98,min
s6130,Movie,Amar Akbar & Tony,6/20/2017,2015,TV-MA,92,min
s6131,Movie,Amar Akbar Anthony,12/31/2019,1977,TV-14,172,min
s6132,Movie,Amar's Hands,4/26/2019,2011,TV-14,125,min
s6133,TV Show,America's Book of Secrets,9/15/2019,2014,TV-14,1,Season
s6134,Movie,American Anarchist,6/23/2017,2016,TV-MA,81,min
s6135,Movie,American Assassin,1/31/2020,2017,R,112,min
s6136,Movie,American Beauty,1/1/2020,1999,R,122,min
s6137,Movie,American Circumcision,12/16/2018,2017,TV-14,101,min
s6138,TV Show,American Crime,5/30/2017,2017,TV-MA,3,Seasons
s6139,Movie,American Experience: Ruby Ridge,4/19/2017,2017,TV-MA,53,min
s6140,TV Show,American Experience: The Circus,5/2/2019,2018,TV-PG,1,Season
s6141,Movie,American Experience: The Island Murder,5/1/2019,2018,TV-14,53,min
s6142,Movie,American Hangman,7/30/2019,2019,TV-MA,99,min
s6143,Movie,American Heist,10/23/2019,2014,R,95,min
s6144,Movie,American History X,11/1/2019,1998,R,119,min
s6145,Movie,American Honey,4/27/2019,2016,R,163,min
s6146,Movie,American Masters: Ted Williams,4/1/2019,2018,TV-MA,55,min
s6147,TV Show,American Odyssey,4/5/2016,2015,TV-14,1,Season
s6148,Movie,American Psycho,9/1/2019,2000,R,102,min
s6149,Movie,American Warfighter,9/13/2019,2019,TV-MA,106,min
s6150,Movie,Amy,7/26/2018,2015,R,128,min
s6151,Movie,An American in Madras,1/1/2017,2013,TV-PG,80,min
s6152,Movie,An American Tail,4/1/2018,1986,G,80,min
s6153,Movie,An American Tail: Fievel Goes West,4/1/2018,1991,G,75,min
s6154,Movie,An American Tail: The Mystery of the Night Monster,4/1/2018,1999,G,75,min
s6155,Movie,An American Tail: The Treasures of Manhattan Island,4/1/2018,2000,G,79,min
s6156,Movie,An Hour and a Half,4/26/2019,2012,TV-14,87,min
s6157,TV Show,An Innocent Mistake,1/1/2017,2012,TV-14,1,Season
s6158,Movie,An Interview with God,3/1/2019,2018,TV-PG,97,min
s6159,Movie,An Upper Egyptian,6/20/2019,2014,TV-MA,85,min
s6160,Movie,Anarkali of Aarah,8/1/2017,2017,TV-MA,111,min
s6161,Movie,Anchor and Hope,2/15/2019,2017,TV-MA,113,min
s6162,TV Show,Ancient Aliens,9/17/2019,2018,TV-14,1,Season
s6163,Movie,Anesthesia,12/30/2018,2015,R,90,min
s6164,Movie,Angel Eyes,9/5/2020,2001,R,103,min
s6165,Movie,Anger Management,11/1/2019,2003,PG-13,105,min
s6166,Movie,Angry Indian Goddesses,3/14/2017,2015,TV-MA,104,min
s6167,TV Show,Anjaan: Rural Myths,12/15/2018,2018,TV-14,1,Season
s6168,TV Show,Anjaan: Special Crimes Unit,5/1/2018,2018,TV-14,1,Season
s6169,Movie,Ankur Arora Murder Case,10/15/2017,2013,TV-14,127,min
s6170,Movie,Annabelle Hooper and the Ghosts of Nantucket,8/1/2017,2016,TV-PG,92,min
s6171,Movie,Another Forever,3/21/2017,2016,TV-PG,72,min
s6172,Movie,Ant-Man and the Wasp,1/29/2019,2018,PG-13,118,min
s6173,Movie,Antar: Son of Shadad,5/9/2019,2017,TV-MA,110,min
s6174,Movie,Antariksha Ke Rakhwale,6/18/2019,2018,TV-Y7,65,min
s6175,TV Show,Anthony Bourdain: Parts Unknown,NULL,2018,TV-PG,5,Seasons
s6176,Movie,Antidote,4/14/2019,2018,TV-MA,90,min
s6177,Movie,Anwar,12/31/2019,2007,TV-14,134,min
s6178,TV Show,????????,12/23/2018,2012,TV-Y7,2,Seasons
s6179,Movie,Apache Warrior,11/1/2019,2017,TV-MA,89,min
s6180,Movie,APEX: The Story of the Hypercar,8/1/2016,2016,NR,86,min
s6181,Movie,Apollo 18,3/9/2019,2011,PG-13,87,min
s6182,Movie,April and the Extraordinary World,10/1/2017,2015,PG,107,min
s6183,Movie,"Aram, Aram",2/15/2017,2015,TV-14,79,min
s6184,Movie,Are We Done Yet?,8/1/2019,2018,TV-14,87,min
s6185,Movie,Arisan 2,9/15/2018,2011,TV-14,113,min
s6186,Movie,Arthur,4/1/2019,2011,PG-13,110,min
s6187,Movie,Arthur Christmas,1/1/2020,2011,PG,98,min
s6188,Movie,"As Above, So Below",9/16/2018,2014,R,93,min
s6189,Movie,As Good as It Gets,1/1/2020,1997,PG-13,139,min
s6190,Movie,Assimilate,10/25/2019,2019,TV-MA,94,min
s6191,Movie,Asura: The City of Madness,2/15/2018,2016,NR,133,min
s6192,Movie,At All Costs,12/14/2016,2016,TV-MA,81,min
s6193,Movie,At First Light,12/27/2018,2018,TV-14,91,min
s6194,Movie,ATM,9/5/2018,2012,TV-14,122,min
s6195,TV Show,Atomic Puppet,12/1/2017,2016,TV-Y7,1,Season
s6196,Movie,Attacking the Devil: Harold Evans and the Last Nazi War Crime,5/15/2016,2014,TV-14,102,min
s6197,Movie,Attitude Test,8/19/2018,2016,TV-14,88,min
s6198,Movie,Auschwitz: Blueprints of Genocide,1/19/2019,1994,TV-PG,49,min
s6199,TV Show,Aussie Gold Hunters,8/1/2017,2016,TV-MA,1,Season
s6200,Movie,Automata,9/8/2017,2014,R,110,min
s6201,Movie,Avengers: Infinity War,12/25/2018,2018,PG-13,150,min
s6202,Movie,Avicii: True Stories,12/28/2018,2017,TV-MA,97,min
s6203,Movie,Azhar,4/12/2019,2016,TV-14,129,min
s6204,Movie,B.A. Pass,6/7/2018,2013,TV-14,99,min
s6205,Movie,Babam ve Oglum,4/30/2018,2005,TV-14,112,min
s6206,Movie,Babel,1/1/2019,2006,R,143,min
s6207,Movie,Bachelor Girls,3/1/2018,2016,TV-MA,61,min
s6208,Movie,Back and Forth,1/5/2017,2016,NR,95,min
s6209,Movie,Backcountry,3/30/2017,2014,NR,92,min
s6210,Movie,Backfire,4/5/2019,2019,TV-MA,97,min
s6211,Movie,Backtrack,12/25/2018,2015,R,90,min
s6212,Movie,Bad Boys,10/1/2019,1995,R,119,min
s6213,Movie,Bad Boys II,10/1/2019,2003,R,147,min
s6214,TV Show,Bad Education,12/15/2018,2014,TV-MA,3,Seasons
s6215,Movie,Bad Match,3/11/2018,2017,TV-MA,83,min
s6216,Movie,Bad Rap,8/21/2017,2016,TV-MA,83,min
s6217,TV Show,Badalte Rishton Ki Dastaan,4/1/2017,2013,TV-14,1,Season
s6218,Movie,Badha,1/1/2018,2006,TV-14,91,min
s6219,Movie,Badland,3/26/2020,2019,TV-14,117,min
s6220,TV Show,Bala Loca,4/1/2017,2016,TV-MA,1,Season
s6221,Movie,Balto,4/1/2018,1995,G,78,min
s6222,Movie,Balto 2: Wolf Quest,4/1/2018,2001,G,75,min
s6223,Movie,Balto 3: Wings of Change,4/1/2018,2004,G,78,min
s6224,Movie,Balu Mahi,3/1/2018,2017,TV-MA,149,min
s6225,Movie,Bana Masal Anlatma,3/10/2017,2015,TV-14,103,min
s6226,Movie,Band Aid,4/12/2019,2017,R,94,min
s6227,Movie,Band of Robbers,4/15/2016,2015,NR,95,min
s6228,Movie,Bang Rajan 2,7/25/2018,2010,TV-MA,122,min
s6229,TV Show,Bangkok Bachelors,6/4/2018,2016,TV-MA,1,Season
s6230,Movie,Bangkok Hell,9/14/2018,2002,TV-MA,107,min
s6231,Movie,Bangkok Traffic (Love) Story,9/5/2018,2009,TV-14,126,min
s6232,Movie,Barça Dreams,9/1/2018,2015,TV-MA,122,min
s6233,Movie,Barah Aana,12/31/2019,2009,TV-14,95,min
s6234,Movie,Barbecue,8/15/2017,2017,TV-MA,101,min
s6235,Movie,Barbie & Her Sisters in a Pony Tale,10/1/2017,2013,TV-Y,74,min
s6236,Movie,Barbie in A Mermaid Tale,10/1/2017,2010,TV-Y,74,min
s6237,Movie,Barbie in Princess Power,10/1/2017,2015,TV-Y,74,min
s6238,Movie,Barbie in Rock 'N Royals,10/1/2017,2015,TV-Y,83,min
s6239,Movie,Barbie Star Light Adventure,10/1/2017,2016,TV-Y,79,min
s6240,Movie,Barbie: A Fairy Secret,10/1/2017,2010,TV-Y7,72,min
s6241,Movie,Barbie: Princess Charm School,10/1/2017,2011,TV-Y,80,min
s6242,Movie,Barbie: Spy Squad,10/1/2017,2016,TV-Y,75,min
s6243,Movie,Barbie: The Princess & the Popstar,10/1/2017,2012,TV-Y,75,min
s6244,Movie,Barbie: Video Game Hero,10/1/2017,2017,TV-Y,72,min
s6245,Movie,Barely Lethal,7/26/2018,2015,PG-13,99,min
s6246,Movie,Barrio Universitario,8/19/2018,2013,TV-14,91,min
s6247,Movie,Barsaat,4/1/2018,1995,TV-PG,166,min
s6248,Movie,BASEketball,11/1/2018,1998,R,103,min
s6249,Movie,Basic Instinct,10/1/2020,1992,R,128,min
s6250,TV Show,Bat Pat,12/31/2017,2016,TV-Y,1,Season
s6251,TV Show,Bates Motel,2/20/2018,2017,TV-MA,5,Seasons
s6252,Movie,Bathtubs Over Broadway,5/9/2019,2018,PG-13,87,min
s6253,TV Show,Battle Creek,12/31/2015,2015,TV-14,1,Season
s6254,TV Show,Battlefield Recovery,8/1/2016,2016,TV-PG,1,Season
s6255,Movie,Bawarchi,12/31/2019,1972,TV-PG,125,min
s6256,Movie,Bazaar,12/31/2019,1982,TV-14,121,min
s6257,Movie,Be Here Now,2/28/2017,2015,TV-MA,110,min
s6258,Movie,Be Somebody,11/20/2019,2016,PG,88,min
s6259,TV Show,Be-Be-Bears,8/29/2018,2018,TV-Y,1,Season
s6260,Movie,Beak & Brain: Genius Birds From Down Under,3/1/2017,2013,TV-G,52,min
s6261,Movie,Bean: The Ultimate Disaster Movie,8/1/2018,1997,PG-13,89,min
s6262,Movie,Beary Tales,3/1/2017,2013,TV-G,52,min
s6263,TV Show,Beast Legends,2/1/2019,2010,TV-PG,1,Season
s6264,TV Show,Beating Again,5/22/2017,2015,TV-14,1,Season
s6265,TV Show,Beauty & the Beast,9/19/2016,2016,TV-14,4,Seasons
s6266,TV Show,Beauty and the Bitches,4/23/2019,2016,TV-MA,2,Seasons
s6267,Movie,Beavis and Butt-head Do America,11/20/2019,1996,PG-13,81,min
s6268,Movie,Bebe's Kids,11/20/2019,1992,PG-13,73,min
s6269,Movie,Because of Soccer,12/8/2018,2008,TV-14,75,min
s6270,Movie,Because We're Heading Out,4/18/2019,2016,TV-14,99,min
s6271,Movie,Becoming Jane,1/12/2019,2007,PG-13,121,min
s6272,Movie,Bedtime Stories,3/5/2019,2008,PG,100,min
s6273,Movie,Before the Flood,2/1/2018,2016,PG,97,min
s6274,Movie,"Behind ""The Cove"": The Quiet Japanese Speak Out",8/25/2017,2015,TV-14,105,min
s6275,Movie,Behind the Curtain: Todrick Hall,4/5/2018,2017,TV-MA,100,min
s6276,TV Show,Behind the Newsroom,9/14/2018,2015,TV-MA,1,Season
s6277,TV Show,Behzat Ç.,5/19/2017,2010,TV-MA,1,Season
s6278,Movie,Beiimaan Love,11/1/2017,2016,TV-MA,115,min
s6279,Movie,Being AP,8/15/2016,2015,TV-14,99,min
s6280,TV Show,Being Mary Jane: The Series,7/1/2017,2016,TV-14,4,Seasons
s6281,Movie,Below Her Mouth,8/1/2017,2016,TV-MA,91,min
s6282,TV Show,Ben 10,9/30/2018,2016,TV-Y7,1,Season
s6283,Movie,Beneath the Leaves,6/8/2019,2019,TV-MA,90,min
s6284,Movie,Benji: Off the Leash,3/6/2018,2004,PG,100,min
s6285,Movie,Benji's Very Own Christmas Story,10/3/2018,1978,TV-G,25,min
s6286,Movie,Berlin Kaplani,3/10/2017,2012,TV-14,99,min
s6287,Movie,"Berlin, I Love You",6/8/2019,2019,R,120,min
s6288,Movie,Best Neighbors,6/6/2019,2014,TV-14,98,min
s6289,Movie,Betting on Zero,6/1/2017,2017,TV-PG,104,min
s6290,Movie,Bewafaa,7/21/2019,2005,TV-PG,149,min
s6291,Movie,Bewildered Bolbol,6/20/2019,2010,TV-14,112,min
s6292,TV Show,Beyblade: Metal Fusion,12/15/2017,2009,TV-Y7,1,Season
s6293,Movie,Beyond All Boundaries,4/1/2017,2013,TV-14,98,min
s6294,Movie,Beyond the Clouds,8/10/2018,2018,TV-14,120,min
s6295,TV Show,Bh Se Bhade,4/1/2018,2013,TV-PG,1,Season
s6296,TV Show,Bhaage Re Mann,4/15/2017,2015,TV-14,1,Season
s6297,Movie,Bhagam Bhag,12/31/2019,2006,TV-14,151,min
s6298,Movie,Bheemayan,5/10/2019,2018,TV-Y,63,min
s6299,Movie,Bhool Bhulaiyaa,10/22/2017,2007,TV-14,148,min
s6300,Movie,Bhoot,12/31/2019,2003,TV-MA,114,min
s6301,Movie,Bhouri,12/1/2017,2017,TV-14,123,min
s6302,TV Show,Big Bad Beetleborgs,1/1/2016,1997,TV-G,2,Seasons
s6303,Movie,Big Bear,2/28/2018,2017,TV-MA,87,min
s6304,Movie,Big Daddy,10/1/2020,1999,PG-13,93,min
s6305,TV Show,"Big Dreams, Small Spaces",26-Jul-19,2017,TV-G,3,Seasons
s6306,Movie,Big Fat Liar,1/15/2020,2002,PG,88,min
s6307,Movie,Big Kill,6/18/2019,2018,R,126,min
s6308,Movie,Big Time,4/1/2018,2017,TV-MA,90,min
s6309,Movie,Bigger Fatter Liar,4/18/2017,2017,PG,95,min
s6310,Movie,Biggie & Tupac,1/26/2019,2002,R,108,min
s6311,Movie,Bill Burr: Let It Go,11/10/2017,2010,NR,65,min
s6312,Movie,Billy Elliot,2/1/2019,2000,R,110,min
s6313,Movie,Billy Graham: An Extraordinary Journey,2/28/2019,2018,TV-PG,66,min
s6314,Movie,Bilu Rakkhosh,3/15/2018,2017,TV-MA,127,min
s6315,Movie,Bioscope,8/15/2018,2015,TV-14,131,min
s6316,Movie,Birthmarked,6/28/2018,2018,TV-MA,88,min
s6317,Movie,Bitch,3/11/2018,2017,R,97,min
s6318,Movie,Bitcoin Heist,9/2/2017,2016,TV-14,116,min
s6319,TV Show,Bitten,26-May-16,2016,TV-MA,3,Seasons
s6320,TV Show,Bitter Daisies,3/29/2019,2018,TV-MA,1,Season
s6321,Movie,Bittoo Boss,7/5/2020,2012,TV-14,117,min
s6322,Movie,Black & Privileged: Volume 1,7/12/2019,2019,TV-MA,79,min
s6323,Movie,Black Hawk Down,1/1/2019,2001,R,144,min
s6324,TV Show,Black Heart,10/12/2018,2014,TV-14,1,Season
s6325,Movie,Black Man White Skin,6/1/2016,2015,TV-PG,79,min
s6326,Movie,Black Panther,9/4/2018,2018,PG-13,135,min
s6327,Movie,Black Site Delta,8/9/2017,2017,TV-MA,88,min
s6328,Movie,Black Snake Moan,11/20/2019,2007,R,116,min
s6329,Movie,Black Snow,7/1/2017,2017,TV-MA,91,min
s6330,Movie,Blackfish,5/1/2020,2013,PG-13,83,min
s6331,Movie,Blackway,12/15/2017,2015,PG-13,90,min
s6332,Movie,Blaze,8/30/2020,2018,R,129,min
s6333,Movie,Bleed for This,4/11/2020,2016,R,120,min
s6334,Movie,Blinky Bill: The Movie,2/8/2017,2015,PG,91,min
s6335,Movie,Blockbuster,1/24/2018,2017,TV-MA,85,min
s6336,TV Show,Blood & Treasures,7/14/2018,2016,TV-14,1,Season
s6337,Movie,Blood Father,3/26/2020,2016,R,88,min
s6338,Movie,Blow,10/1/2019,2001,R,123,min
s6339,Movie,Blue Is the Warmest Color,8/26/2016,2013,NC-17,180,min
s6340,Movie,Blue Jasmine,3/8/2019,2013,PG-13,98,min
s6341,Movie,Blue Mountain State: The Rise of Thadland,3/1/2016,2016,R,90,min
s6342,TV Show,Blue Planet II,12/3/2018,2017,TV-G,1,Season
s6343,Movie,Blue Ruin,2/25/2019,2013,R,90,min
s6344,Movie,Blue Streak,1/1/2021,1999,PG-13,94,min
s6345,Movie,Blue Valentine,7/5/2018,2010,R,112,min
s6346,Movie,Blurred Lines: Inside the Art World,12/31/2017,2017,TV-MA,85,min
s6347,Movie,Bob Lazar: Area 51 & Flying Saucers,6/18/2019,2018,TV-MA,97,min
s6348,TV Show,Bob Ross: Beauty Is Everywhere,6/1/2016,1991,TV-G,1,Season
s6349,Movie,Bob's Broken Sleigh,12/17/2015,2015,TV-G,47,min
s6350,Movie,Bobbi Jene,6/1/2018,2017,TV-MA,99,min
s6351,Movie,Bobby,12/31/2019,1973,TV-14,168,min
s6352,Movie,Bobby Robson: More Than a Manager,12/1/2018,2018,TV-14,99,min
s6353,Movie,Bobby Sands: 66 Days,9/28/2017,2016,TV-14,106,min
s6354,Movie,Bokeh,6/22/2017,2017,TV-14,92,min
s6355,Movie,Bolt,7/22/2018,2008,PG,99,min
s6356,Movie,Bombshell: The Hedy Lamarr Story,5/31/2018,2017,TV-14,89,min
s6357,Movie,Bon Bini Holland,9/1/2016,2015,TV-MA,88,min
s6358,TV Show,Bondi Rescue,1-Nov-19,2016,TV-PG,1,Season
s6359,Movie,Bonnie and Clyde,1/1/2021,1967,R,111,min
s6360,Movie,Boom,3/1/2018,2003,TV-MA,79,min
s6361,TV Show,Border Patrol,10/2/2019,2016,TV-PG,1,Season
s6362,TV Show,Borderline,2-Dec-17,2017,TV-14,2,Seasons
s6363,Movie,Born Strong,12/31/2017,2017,TV-MA,86,min
s6364,Movie,Born to Be Free,4/1/2017,2016,TV-14,74,min
s6365,TV Show,Botched Up Bodies,10/2/2019,2013,TV-MA,1,Season
s6366,Movie,Bottom of the World,5/28/2020,2017,TV-MA,84,min
s6367,Movie,Boy and the World,10/1/2017,2013,PG,80,min
s6368,Movie,Boy Bye,4/2/2019,2016,TV-MA,86,min
s6369,TV Show,Brain Games,15-Mar-19,2016,TV-G,3,Seasons
s6370,Movie,Brampton's Own,4/19/2019,2018,TV-MA,90,min
s6371,Movie,Bratz: The Movie,6/29/2020,2007,PG,102,min
s6372,TV Show,Brave Miss World,2/17/2018,2013,TV-14,1,Season
s6373,Movie,Brave New Jersey,12/15/2017,2016,TV-MA,92,min
s6374,TV Show,Braxton Family Values,2/15/2020,2014,TV-PG,2,Seasons
s6375,Movie,Breaking Free,12/15/2017,2015,TV-MA,81,min
s6376,Movie,Breath,12/5/2018,2018,TV-MA,116,min
s6377,Movie,Brick,9/1/2018,2005,R,110,min
s6378,Movie,Bring It On: Worldwide Showdown,8/29/2017,2017,PG-13,95,min
s6379,TV Show,Bringing Sexy Back,10/2/2019,2015,TV-14,1,Season
s6380,Movie,Brooklyn's Finest,10/1/2018,2009,R,133,min
s6381,Movie,Brotherhood of Blades II: The Infernal Battlefield,11/28/2018,2017,TV-MA,120,min
s6382,TV Show,Brown Nation,11/15/2016,2016,TV-14,1,Season
s6383,Movie,Bruno and Boots: Go Jump in the Pool,6/24/2017,2016,TV-PG,91,min
s6384,Movie,Bruno and Boots: The Wizzle War,7/1/2017,2017,TV-PG,90,min
s6385,Movie,Bruno and Boots: This Can't Be Happening at Macdonald Hall,6/24/2017,2017,TV-PG,90,min
s6386,TV Show,Buddha,4/1/2018,2013,TV-PG,1,Season
s6387,Movie,Buffalo Boys,4/12/2019,2018,TV-MA,103,min
s6388,Movie,Bugs,2/20/2018,2016,TV-G,73,min
s6389,Movie,Bullitt County,6/1/2019,2018,TV-MA,98,min
s6390,TV Show,"Bure Kaam Bura Natija, Kyun Bhai Chacha Haan Bhatija",3/31/2018,2017,TV-PG,1,Season
s6391,Movie,Burlesque,12/16/2019,2010,PG-13,119,min
s6392,Movie,Burlesque: Heart of the Glitter Tribe,6/1/2017,2017,TV-MA,76,min
s6393,Movie,Burning,4/29/2019,2018,TV-MA,148,min
s6394,TV Show,Burnistoun,1-Oct-19,2012,TV-MA,2,Seasons
s6395,Movie,Bushwick,11/24/2017,2017,TV-MA,94,min
s6396,Movie,Butterfield 8,11/1/2019,1960,TV-14,108,min
s6397,Movie,Cézanne et moi,9/7/2017,2016,R,114,min
s6398,Movie,Cabin Fever,6/6/2019,2016,R,98,min
s6399,TV Show,Cabins in the Wild with Dick Strawbridge,9/15/2018,2017,TV-PG,1,Season
s6400,Movie,Cahaya Dari Timur Beta Maluku,10/5/2018,2014,TV-14,151,min
s6401,Movie,Caida del Cielo,1/20/2017,2016,TV-MA,78,min
s6402,TV Show,Cain and Abel,3/12/2019,2009,TV-MA,1,Season
s6403,Movie,Cake,5/15/2019,2018,TV-MA,125,min
s6404,Movie,Calendar Girls,10/15/2017,2015,TV-14,126,min
s6405,TV Show,Calico Critters,11/1/2018,2018,TV-Y,1,Season
s6406,Movie,Calico Critters: A Town of Dreams,11/1/2018,2017,TV-Y,11,min
s6407,Movie,Calico Critters: The Treasure of Calico Village,11/1/2018,2017,TV-Y,22,min
s6408,TV Show,Call Me Francis,12/16/2016,2016,TV-14,1,Season
s6409,TV Show,Camelia la Texana,2/1/2017,2014,TV-14,1,Season
s6410,Movie,Camera Store,8/20/2017,2016,TV-MA,104,min
s6411,Movie,Camp Cool Kids,1/1/2018,2017,TV-G,104,min
s6412,TV Show,Camp X,2/1/2019,2014,TV-MA,1,Season
s6413,Movie,Camp X-Ray,1/14/2017,2014,R,117,min
s6414,TV Show,Can We Get Married?,5/22/2017,2012,TV-14,1,Season
s6415,Movie,Can't Hardly Wait,1/1/2021,1998,PG-13,101,min
s6416,Movie,Candyman,10/1/2019,1992,R,99,min
s6417,TV Show,Cannabis,12/15/2016,2016,TV-MA,1,Season
s6418,Movie,Capital in the Twenty-First Century,9/8/2020,2019,TV-14,103,min
s6419,Movie,Cappuccino,7/1/2018,2017,TV-PG,126,min
s6420,Movie,Cardboard Gangsters,9/15/2018,2016,TV-MA,92,min
s6421,TV Show,Care Bears: Welcome to Care-a-Lot,8/2/2019,2012,TV-Y,1,Season
s6422,Movie,Caregiver,3/5/2019,2008,TV-14,131,min
s6423,Movie,Carol,10/20/2020,2015,R,119,min
s6424,Movie,Carrie,6/1/2019,1976,R,98,min
s6425,Movie,Carriers,11/20/2019,2009,PG-13,85,min
s6426,Movie,Casa de mi Padre,11/14/2012,2012,R,84,min
s6427,TV Show,Case Closed,1/4/2019,2015,TV-14,1,Season
s6428,Movie,Casino Royale,8/31/2020,2006,PG-13,145,min
s6429,Movie,Casino Tycoon,8/1/2018,1992,TV-MA,125,min
s6430,Movie,Casino Tycoon 2,8/16/2018,1992,TV-MA,108,min
s6431,TV Show,Castle of Stars,9/7/2018,2015,TV-MA,1,Season
s6432,Movie,Cat on a Hot Tin Roof,11/1/2019,1958,NR,108,min
s6433,Movie,Catching the Sun,4/22/2016,2015,TV-14,74,min
s6434,Movie,Cats & Dogs: The Revenge of Kitty Galore,2/1/2019,2010,PG,82,min
s6435,Movie,Catwalk: Tales from the Cat Show Circuit,1/7/2019,2018,TV-PG,75,min
s6436,Movie,Cave,6/15/2017,2016,TV-MA,77,min
s6437,Movie,Celluloid Man,4/1/2017,2012,TV-PG,156,min
s6438,Movie,Center Stage,1/1/2020,2000,PG-13,116,min
s6439,Movie,Chaar Sahibzaade,11/1/2018,2014,TV-PG,126,min
s6440,Movie,Chal Dhar Pakad,3/15/2018,2010,TV-14,129,min
s6441,Movie,Chal Mere Bhai,12/31/2019,2000,TV-14,132,min
s6442,Movie,Chalay Thay Saath,5/15/2018,2017,TV-14,118,min
s6443,Movie,Chandani: The Daughter of the Elephant Whisperer,3/1/2017,2010,TV-G,87,min
s6444,Movie,Change in the Air,3/1/2020,2018,PG,95,min
s6445,Movie,Chaotic Love Poems,1/5/2019,2016,TV-14,86,min
s6446,Movie,Chappaquiddick,10/1/2018,2017,PG-13,106,min
s6447,Movie,Charlie and the Chocolate Factory,1/1/2020,2005,PG,115,min
s6448,Movie,Charlie's Angels: Full Throttle,10/1/2019,2003,PG-13,106,min
s6449,Movie,Charlotte's Web,11/23/2019,1973,G,94,min
s6450,Movie,Chashme Buddoor,5/1/2017,2013,TV-PG,121,min
s6451,Movie,Chasing Amy,1/1/2020,1997,R,113,min
s6452,TV Show,Chasing Monsters,15-Dec-17,2016,TV-PG,2,Seasons
s6453,Movie,Chasing the Dragon,4/19/2018,2017,TV-MA,129,min
s6454,Movie,Chasing Trane,11/13/2017,2016,TV-PG,99,min
s6455,Movie,Chauthi Koot,2/1/2017,2015,TV-14,116,min
s6456,TV Show,Cheapest Weddings,12/1/2017,2016,TV-14,1,Season
s6457,TV Show,Cheers,1-Jul-17,1992,TV-PG,11,Seasons
s6458,TV Show,Chef & My Fridge,4-Aug-17,2017,TV-PG,2,Seasons
s6459,Movie,Chernobyl Diaries,8/1/2018,2012,R,88,min
s6460,TV Show,Chewin' the Fat,10/1/2016,1999,TV-14,1,Season
s6461,TV Show,Chewing Gum,4-Apr-17,2017,TV-MA,2,Seasons
s6462,Movie,Chhota Bheem Aur Kaala Yodha,5/10/2019,2018,TV-Y7,63,min
s6463,Movie,Chhota Bheem Ka Romani Adventure,5/10/2019,2018,TV-Y7,62,min
s6464,Movie,Chhota Bheem Ka Troll Se Takkar,5/10/2019,2018,TV-Y7,62,min
s6465,Movie,Chhota Bheem Kungfu Dhamaka,8/15/2019,2019,TV-Y7,112,min
s6466,Movie,Chicken Kokkachi,7/1/2018,2017,TV-14,113,min
s6467,Movie,Chicken Little,3/16/2016,2005,G,82,min
s6468,Movie,Chief Daddy,3/15/2019,2018,TV-MA,98,min
s6469,Movie,Child's Play,12/31/2019,1988,R,87,min
s6470,TV Show,Chill with Bob Ross,12/1/2016,1994,TV-G,1,Season
s6471,Movie,China Salesman,9/24/2018,2017,TV-MA,111,min
s6472,Movie,Chingo Bling: They Can't Deport Us All,6/1/2017,2017,TV-MA,63,min
s6473,Movie,Chittagong,1/1/2018,2012,NR,105,min
s6474,Movie,Chitty Chitty Bang Bang,1/1/2020,1968,G,146,min
s6475,Movie,Chloe,1/1/2020,2009,R,96,min
s6476,Movie,Chris Brown: Welcome to My Life,10/7/2017,2017,TV-MA,80,min
s6477,Movie,Christian Mingle,6/6/2019,2014,PG,99,min
s6478,TV Show,Christiane Amanpour: Sex & Love Around the World,9/30/2018,2018,TV-MA,1,Season
s6479,Movie,Christmas Crush,11/4/2019,2012,TV-PG,87,min
s6480,Movie,Christmas in the Smokies,3/1/2019,2015,TV-G,88,min
s6481,Movie,Christmas with the Kranks,1/1/2019,2004,PG,99,min
s6482,Movie,Christopher Robin,3/5/2019,2018,PG,104,min
s6483,Movie,Chronicle of an Escape,6/15/2018,2006,R,104,min
s6484,TV Show,Chuck Chicken,11/15/2017,2017,TV-Y7,1,Season
s6485,Movie,Chupan Chupai,1/15/2019,2017,TV-14,118,min
s6486,Movie,Chupke Chupke,12/31/2019,1975,TV-PG,127,min
s6487,Movie,Cirque du Freak: The Vampire's Assistant,4/16/2018,2009,PG-13,109,min
s6488,TV Show,City in the Sky,10/1/2017,2016,TV-PG,1,Season
s6489,Movie,City of God,1/1/2020,2002,R,130,min
s6490,Movie,City of Tiny Lights,7/21/2017,2016,TV-MA,110,min
s6491,TV Show,Civilizations,10/1/2018,2018,TV-14,1,Season
s6492,Movie,Clarence Clemons: Who Do I Think I Am?,11/14/2019,2019,TV-MA,88,min
s6493,Movie,Clash of the Titans,8/1/2019,2010,PG-13,106,min
s6494,Movie,Class of '61,4/1/2018,1993,TV-PG,91,min
s6495,Movie,Class Rank,9/18/2018,2018,TV-MA,103,min
s6496,TV Show,Classic Legends,5/15/2017,2012,TV-PG,1,Season
s6497,Movie,Cleopatra Jones,11/1/2019,1973,PG,89,min
s6498,Movie,Click,1/1/2020,2006,PG-13,108,min
s6499,TV Show,Click for Murder,9/17/2017,2017,TV-14,1,Season
s6500,Movie,Clive Davis: The Soundtrack of Our Lives,9/17/2019,2017,TV-MA,124,min
s6501,Movie,Closed Circuit,10/16/2017,2013,R,96,min
s6502,Movie,Cloud Atlas,8/1/2017,2012,R,172,min
s6503,Movie,Clouds of Sils Maria,2/12/2017,2014,R,124,min
s6504,Movie,Cloverfield,1/1/2020,2008,PG-13,85,min
s6505,TV Show,Club Friday The Series 6,3/9/2019,2015,TV-MA,9,Seasons
s6506,TV Show,Club Friday The Series 7,6/18/2018,2016,TV-MA,7,Seasons
s6507,TV Show,Club Friday The Series 8,2/2/2019,2017,TV-MA,8,Seasons
s6508,TV Show,Club Friday To Be Continued - Friend & Enemy,4/20/2018,2016,TV-MA,1,Season
s6509,TV Show,Club Friday To Be Continued - My Beautiful Tomboy,4/13/2018,2016,TV-MA,1,Season
s6510,TV Show,Club Friday To Be Continued - The Promise,4/20/2018,2016,TV-MA,1,Season
s6511,Movie,Coach Carter,1/1/2020,2005,PG-13,137,min
s6512,Movie,Code Name: The Cleaner,11/1/2019,2007,PG-13,91,min
s6513,Movie,Coffee with D,11/1/2017,2017,TV-PG,120,min
s6514,TV Show,Cold Case Files,9/15/2019,2017,TV-14,1,Season
s6515,TV Show,Cold Case Files Classic,9/15/2020,1999,TV-MA,1,Season
s6516,Movie,Colkatay Columbus,3/30/2017,2016,TV-14,118,min
s6517,Movie,Colonia,7/14/2018,2015,R,110,min
s6518,Movie,Colours of Passion,5/25/2018,2008,TV-14,114,min
s6519,Movie,Come and Find Me,9/18/2019,2016,R,112,min
s6520,TV Show,Comedy Bang! Bang!,28-Dec-16,2016,TV-14,5,Seasons
s6521,TV Show,Comedy High School,7/1/2018,2018,TV-14,1,Season
s6522,Movie,Command and Control,5/15/2017,2017,TV-PG,92,min
s6523,Movie,Company,3/1/2018,2002,TV-MA,137,min
s6524,Movie,Compulsion,10/4/2018,2016,TV-MA,84,min
s6525,TV Show,Conan Without Borders,12/31/2018,2018,TV-14,1,Season
s6526,Movie,Concrete Football,9/1/2017,2016,TV-MA,52,min
s6527,Movie,Concussion,8/2/2018,2013,R,96,min
s6528,Movie,Conjuring Spirit,8/28/2018,2014,TV-MA,112,min
s6529,Movie,Conor McGregor: Notorious,3/21/2018,2017,R,90,min
s6530,Movie,Consequences ,10/25/2019,2014,TV-MA,106,min
s6531,Movie,Contract,3/2/2019,2008,TV-14,116,min
s6532,Movie,Convict,6/13/2019,2014,TV-14,97,min
s6533,TV Show,Cooking on High,6/22/2018,2018,TV-MA,1,Season
s6534,Movie,Cool Hand Luke,1/1/2021,1967,TV-14,127,min
s6535,Movie,Cop and a Half: New Recruit,8/17/2017,2017,PG,96,min
s6536,Movie,Cop Watchers,8/1/2017,2016,TV-MA,45,min
s6537,Movie,Coraline,3/16/2017,2009,PG,101,min
s6538,Movie,Counterfeiting in Suburbia,7/1/2018,2018,TV-14,88,min
s6539,TV Show,Court Justice,10/2/2019,2017,TV-MA,1,Season
s6540,Movie,Covered: Alive in Asia,3/31/2016,2016,TV-G,75,min
s6541,Movie,Crash,10/1/2019,2004,R,112,min
s6542,Movie,CRD,4/29/2019,2016,TV-MA,110,min
s6543,TV Show,Crime Time,1/31/2019,2017,TV-MA,1,Season
s6544,Movie,"Crouching Tiger, Hidden Dragon",3/1/2019,2000,PG-13,120,min
s6545,Movie,Cult of Chucky,10/3/2017,2017,R,90,min
s6546,Movie,Cutie and the Boxer,6/14/2018,2013,R,82,min
s6547,Movie,Daagdi Chaawl,2/15/2018,2015,TV-14,118,min
s6548,Movie,Dabbe 6: The Return,4/17/2019,2015,TV-MA,153,min
s6549,Movie,Dad,4/1/2018,1989,PG,117,min
s6550,TV Show,Dad's Army,31-Mar-18,1977,TV-PG,10,Seasons
s6551,Movie,Daddy Day Care,1/1/2019,2003,PG,93,min
s6552,Movie,Daddy Issues,9/20/2019,2019,TV-MA,82,min
s6553,Movie,Daemonium,12/20/2016,2015,NR,115,min
s6554,Movie,Daffedar,7/1/2018,2017,TV-14,151,min
s6555,Movie,Dagh Ujala,4/1/2018,2015,TV-MA,103,min
s6556,Movie,Dallas Buyers Club,1/16/2018,2013,R,117,min
s6557,TV Show,Dance Academy,12/20/2017,2013,TV-PG,1,Season
s6558,Movie,Dance Academy: The Comeback,7/2/2018,2017,TV-PG,100,min
s6559,Movie,Dancing Quietly,4/1/2017,2016,TV-MA,70,min
s6560,TV Show,Dandy,3/31/2018,2016,TV-MA,1,Season
s6561,TV Show,Dangerous Roads,1-Feb-19,2012,TV-MA,2,Seasons
s6562,Movie,Danny Says,3/2/2017,2015,TV-MA,103,min
s6563,Movie,Dante's Peak,9/1/2019,1997,PG-13,108,min
s6564,Movie,Dare to Be Wild,4/1/2018,2015,TV-PG,100,min
s6565,Movie,Dark Chocolate (Bengali Version),12/15/2017,2016,TV-MA,91,min
s6566,Movie,Dark Crimes,10/15/2019,2016,R,93,min
s6567,Movie,Dark Places,7/26/2018,2015,R,113,min
s6568,Movie,Darna Mana Hai,8/1/2019,2003,TV-MA,116,min
s6569,TV Show,Darr Sabko Lagta Hai,3/1/2018,2015,TV-MA,1,Season
s6570,Movie,Darra,10/15/2017,2016,TV-14,121,min
s6571,Movie,Daughters of the Dust,6/10/2017,1991,NR,112,min
s6572,TV Show,Day and Night,3/23/2018,2017,TV-MA,1,Season
s6573,TV Show,Days We Stared at the Sun,3/31/2018,2017,TV-MA,2,Seasons
s6574,Movie,Dayveon,1/11/2018,2017,TV-MA,76,min
s6575,Movie,De Film van Dylan Haegens,4/17/2019,2018,TV-PG,81,min
s6576,Movie,De Palma,11/21/2018,2015,R,110,min
s6577,Movie,Dead in a Week (Or Your Money Back),3/1/2019,2018,TV-MA,90,min
s6578,Movie,Deadline: Sirf 24 Ghante,12/31/2019,2006,TV-14,97,min
s6579,Movie,Deadly Scholars,2/15/2019,2018,TV-14,86,min
s6580,Movie,Dean,3/15/2020,2016,PG-13,94,min
s6581,Movie,Dear Dad,3/2/2019,2016,TV-14,83,min
s6582,Movie,Dear Dracula,2/18/2016,2012,TV-Y7-FV,43,min
s6583,Movie,Dear Santa,11/4/2019,2011,TV-PG,92,min
s6584,Movie,Death at a Funeral,8/1/2020,2010,R,93,min
s6585,Movie,Death House,5/5/2019,2017,R,88,min
s6586,Movie,Deathgrip,3/1/2018,2017,TV-MA,53,min
s6587,TV Show,Deep Undercover Collection,7/20/2018,2017,TV-MA,3,Seasons
s6588,TV Show,Deep Water,7/1/2017,2016,TV-MA,1,Season
s6589,Movie,Deewangee,1/3/2020,2002,TV-MA,156,min
s6590,Movie,Defying the Nazis: The Sharps' War,5/1/2017,2016,TV-14,79,min
s6591,Movie,Delirium,9/1/2018,2018,R,96,min
s6592,Movie,Democrats,4/25/2016,2014,NR,99,min
s6593,Movie,Den of Thieves,5/1/2020,2018,R,140,min
s6594,Movie,Denis Leary: No Cure For Cancer,8/8/2017,1992,R,62,min
s6595,Movie,Desolate,2/6/2020,2018,TV-MA,88,min
s6596,Movie,Desolation,5/8/2018,2017,TV-MA,76,min
s6597,Movie,Detention Letter,8/5/2019,2017,TV-14,99,min
s6598,Movie,Detour,5/25/2017,2016,R,97,min
s6599,Movie,Deviant Love,9/13/2019,2019,TV-14,87,min
s6600,Movie,Devil's Bride,6/1/2017,2016,TV-MA,108,min
s6601,Movie,Devil's Gate,7/16/2020,2017,TV-MA,94,min
s6602,TV Show,Devlok with Devdutt Pattanaik,10/15/2018,2017,TV-PG,1,Season
s6603,Movie,Devrai,1/1/2018,2004,TV-PG,123,min
s6604,TV Show,Dexter,1-Jan-18,2013,TV-MA,8,Seasons
s6605,Movie,Dhamaal,12/31/2019,2007,TV-14,128,min
s6606,Movie,Di Renjie zhi Sidatianwang,2/6/2019,2018,TV-14,132,min
s6607,Movie,Diana: 7 Days That Shook the World,7/28/2017,2017,TV-PG,93,min
s6608,Movie,Diana: In Her Own Words,12/1/2017,2017,TV-PG,113,min
s6609,Movie,Diary of a Chambermaid,12/3/2016,2015,NR,96,min
s6610,Movie,Die Another Day,12/31/2019,2002,PG-13,133,min
s6611,Movie,Dil Hai Tumhaara,4/1/2018,2002,TV-14,176,min
s6612,TV Show,Dinner for Five,2/4/2008,2007,TV-MA,1,Season
s6613,Movie,Dinner for Schmucks,1/1/2020,2010,PG-13,115,min
s6614,TV Show,Dino Hunt,8/4/2017,2016,TV-G,1,Season
s6615,Movie,Disciples Of The 36th Chamber,8/16/2018,1985,TV-14,90,min
s6616,Movie,Discovering Bigfoot,12/15/2017,2017,TV-MA,111,min
s6617,Movie,Dismissed,2/19/2018,2017,TV-14,87,min
s6618,Movie,District 9,11/4/2019,2009,R,112,min
s6619,TV Show,Diva Brides,10/2/2019,2017,TV-MA,1,Season
s6620,Movie,Doctor Zhivago,11/1/2019,1965,PG-13,200,min
s6621,Movie,Dog Eat Dog,12/31/2016,2016,TV-MA,93,min
s6622,Movie,Dolphin Kick,6/5/2019,2019,TV-PG,90,min
s6623,Movie,Dolphin Tale 2,2/25/2019,2014,PG,107,min
s6624,Movie,Domino,9/28/2019,2019,R,89,min
s6625,Movie,Don Quixote: The Ingenious Gentleman of La Mancha,1/5/2018,2015,TV-14,83,min
s6626,Movie,Don Verdean,3/1/2020,2015,PG-13,96,min
s6627,Movie,Don't Be Afraid of the Dark,11/2/2019,2010,R,99,min
s6628,Movie,Don't Crack Under Pressure,6/12/2020,2015,TV-MA,95,min
s6629,Movie,Don't Crack Under Pressure II,6/12/2020,2016,TV-MA,88,min
s6630,Movie,Don't Crack Under Pressure III,6/12/2020,2017,TV-14,94,min
s6631,Movie,Don't Knock Twice,2/8/2019,2016,R,93,min
s6632,Movie,Don't Look Down,4/1/2017,2016,TV-MA,93,min
s6633,Movie,Don't Think Twice,5/1/2017,2016,R,92,min
s6634,Movie,Donnie Brasco,1/1/2020,1997,R,127,min
s6635,Movie,Doom,11/1/2020,2005,R,105,min
s6636,TV Show,Doomsday Preppers,3/1/2019,2013,TV-14,1,Season
s6637,Movie,Doubles Cause Troubles,8/1/2018,1989,TV-14,94,min
s6638,Movie,Doubt,3/7/2019,2008,PG-13,104,min
s6639,Movie,Down The Fence,1/15/2018,2017,TV-PG,94,min
s6640,Movie,Dr. Seuss' The Cat in the Hat,5/1/2019,2003,PG,82,min
s6641,Movie,Dr. Seuss' The Grinch,6/5/2019,2018,PG,86,min
s6642,Movie,Dragonheart,1/1/2020,1996,PG-13,103,min
s6643,Movie,Dragonheart 3: The Sorcerer,1/1/2020,2015,PG-13,97,min
s6644,Movie,Dragonheart: A New Beginning,1/1/2020,2000,PG,84,min
s6645,Movie,Dragonheart: Battle for the Heartfire,6/13/2017,2017,PG-13,98,min
s6646,Movie,Dragonkala Ka Rahasya,6/18/2019,2018,TV-Y,68,min
s6647,TV Show,Dramaworld,5/23/2016,2016,TV-14,1,Season
s6648,Movie,Dream Big: Engineering Our World,7/1/2018,2017,TV-G,42,min
s6649,Movie,Dream Boat,12/1/2017,2017,TV-MA,92,min
s6650,Movie,Dries,1/1/2018,2017,TV-PG,89,min
s6651,Movie,Driven to Dance,1/16/2019,2018,TV-PG,99,min
s6652,TV Show,"Drugs, Inc.",3/23/2019,2015,TV-MA,1,Season
s6653,TV Show,Dueños del paraíso,2/25/2017,2015,TV-14,1,Season
s6654,Movie,Dukhtar,9/1/2016,2014,TV-14,93,min
s6655,Movie,Dum,3/1/2018,2003,TV-14,162,min
s6656,Movie,Dumb and Dumberer: When Harry Met Lloyd,10/1/2019,2003,PG-13,85,min
s6657,Movie,E-Cigarettes: Miracle or Menace?,2/1/2019,2016,TV-14,52,min
s6658,Movie,Earth to Echo,10/1/2019,2014,PG,91,min
s6659,TV Show,Earth to Luna!,4/10/2020,2014,TV-Y,1,Season
s6660,TV Show,Earth's Natural Wonders,3/1/2017,2015,TV-PG,1,Season
s6661,TV Show,Earth's Natural Wonders: Life at the Extremes,10/1/2018,2018,TV-14,1,Season
s6662,Movie,East Side Sushi,9/15/2020,2015,PG,106,min
s6663,Movie,Easy A,11/1/2020,2010,PG-13,92,min
s6664,TV Show,Easy Fortune Happy Life,9/1/2016,2009,TV-MA,1,Season
s6665,Movie,Eat Pray Love,9/10/2019,2010,PG-13,140,min
s6666,Movie,Eddie Murphy: Delirious,4/15/2018,1983,TV-MA,69,min
s6667,Movie,Eeda,9/15/2018,2018,TV-14,153,min
s6668,Movie,Eh Janam Tumhare Lekhe,12/1/2017,2015,TV-14,124,min
s6669,Movie,Ek Cup Chya,3/15/2018,2009,TV-PG,120,min
s6670,Movie,Ek Hasina Thi,8/1/2019,2004,TV-MA,134,min
s6671,Movie,El último testigo,2/4/2018,2012,R,105,min
s6672,TV Show,El Barco,1-Jul-17,2013,NR,3,Seasons
s6673,TV Show,El Cartel,8/24/2018,2008,TV-MA,1,Season
s6674,TV Show,El Cartel 2,8/24/2018,2010,TV-MA,1,Season
s6675,TV Show,El Chavo,12/31/2017,1979,TV-PG,1,Season
s6676,Movie,El Che,10/15/2017,2017,TV-14,119,min
s6677,TV Show,El Clon,5/18/2017,2010,TV-14,1,Season
s6678,Movie,El fin de ETA,4/8/2017,2017,TV-14,106,min
s6679,TV Show,El Vato,24-Feb-18,2017,TV-MA,2,Seasons
s6680,Movie,El Viaje: Márama y Rombai,10/18/2017,2016,TV-PG,79,min
s6681,Movie,Elephants Dream 4 Hour,8/23/2018,2006,TV-MA,196,min
s6682,Movie,Elizabeth at 90: A Family Tribute,5/22/2017,2016,TV-G,90,min
s6683,Movie,Elizabeth Harvest,8/1/2020,2019,R,109,min
s6684,Movie,Elles étaient en guerre (1914-1918),12/31/2017,2014,TV-14,93,min
s6685,Movie,Elles étaient en guerre 1939-1945,3/1/2018,2015,TV-MA,92,min
s6686,Movie,Elles ont toutes une histoire,12/31/2017,2016,TV-PG,49,min
s6687,Movie,Elstree 1976,9/6/2016,2015,TV-PG,102,min
s6688,Movie,Emelie,8/2/2018,2016,TV-MA,82,min
s6689,Movie,Emma' (Mother),10/5/2018,2016,TV-PG,74,min
s6690,Movie,Emo the Musical,2/1/2018,2016,TV-MA,94,min
s6691,TV Show,Emogenius,12/15/2018,2017,TV-PG,1,Season
s6692,Movie,Empire of Scents,1/1/2018,2014,TV-14,87,min
s6693,Movie,Employee of the Month,10/1/2020,2006,PG-13,108,min
s6694,TV Show,Encerrados,6/18/2018,2018,TV-MA,1,Season
s6695,Movie,Encounter: The Killing,12/31/2019,2002,TV-14,151,min
s6696,TV Show,Encounters with Evil,7/12/2019,2016,TV-14,1,Season
s6697,Movie,End of Watch,11/23/2019,2012,R,109,min
s6698,TV Show,Enemigo íntimo,8/8/2018,2018,TV-MA,1,Season
s6699,Movie,Enemy,7/15/2018,2013,R,91,min
s6700,Movie,Enlighten Us,1/18/2017,2016,TV-14,93,min
s6701,Movie,Entanglement,12/9/2018,2018,TV-MA,85,min
s6702,Movie,Enter the Dragon,1/1/2021,1973,R,103,min
s6703,Movie,Equals,10/28/2018,2015,PG-13,102,min
s6704,Movie,Equilibrium,6/8/2019,2002,R,107,min
s6705,Movie,"Escape from the ""Liberty"" Cinema",10/1/2019,1990,TV-MA,88,min
s6706,Movie,Esperando La Carroza,7/15/2018,1985,NR,95,min
s6707,Movie,Estar o no estar,1/14/2017,2016,TV-14,100,min
s6708,Movie,Ethirmarai,4/1/2018,2018,TV-14,91,min
s6709,Movie,Euphoria,11/1/2019,2018,R,110,min
s6710,TV Show,Eurovision Song Contest,7/23/2019,2019,TV-PG,1,Season
s6711,Movie,Evan Almighty,4/16/2019,2007,PG,96,min
s6712,Movie,Event Horizon,1/1/2020,1997,R,96,min
s6713,Movie,Every Time I Die,2/25/2020,2019,TV-MA,98,min
s6714,Movie,Everybody Knows,6/6/2019,2019,R,133,min
s6715,TV Show,Everyday Miracles,8/1/2017,2014,TV-PG,1,Season
s6716,Movie,Evolution,11/20/2019,2001,PG-13,102,min
s6717,Movie,Ex Machina,7/26/2018,2015,R,108,min
s6718,TV Show,Ex-Boyfriend,1/1/2017,2011,TV-14,1,Season
s6719,TV Show,Exclusive Edition,8/14/2017,2008,TV-14,1,Season
s6720,Movie,Executive Decision,11/1/2019,1996,R,133,min
s6721,Movie,Exit Afghanistan,7/1/2016,2013,TV-MA,58,min
s6722,Movie,Exit Strategy,3/3/2019,2012,NR,79,min
s6723,Movie,Exit Wounds,10/1/2019,2001,R,101,min
s6724,Movie,Expo,8/29/2019,2019,TV-14,81,min
s6725,TV Show,Extras,3/31/2017,2006,TV-MA,2,Seasons
s6726,Movie,Eyyvah Eyyvah,3/10/2017,2010,TV-MA,99,min
s6727,Movie,Eyyvah Eyyvah 2,3/10/2017,2011,TV-PG,106,min
s6728,Movie,Eyyvah Eyyvah 3,3/10/2017,2014,TV-PG,103,min
s6729,TV Show,Ezel,12/26/2016,2009,TV-14,1,Season
s6730,Movie,F the Prom,3/5/2018,2017,TV-MA,92,min
s6731,Movie,Face 2 Face,1/15/2018,2017,TV-MA,89,min
s6732,TV Show,Fairy Tail,4/1/2017,2009,TV-MA,1,Season
s6733,TV Show,Fake or Fortune?,7/26/2019,2015,TV-G,1,Season
s6734,Movie,Fakta Ladh Mhana,2/15/2018,2011,TV-14,150,min
s6735,Movie,Fall Girls,1/1/2020,2019,TV-14,80,min
s6736,Movie,Fallen,11/1/2019,1998,R,124,min
s6737,Movie,Familiye,5/1/2019,2017,TV-MA,99,min
s6738,Movie,Famous in Ahmedabad,12/15/2016,2015,TV-14,29,min
s6739,Movie,Fanatic,8/24/2019,2019,TV-14,91,min
s6740,Movie,Fandry,1/1/2018,2014,NR,102,min
s6741,Movie,Farce,6/6/2019,2017,TV-MA,94,min
s6742,TV Show,Fatal Destiny,7/13/2018,2016,TV-MA,1,Season
s6743,TV Show,Father Brown,31-Mar-18,2017,TV-14,6,Seasons
s6744,Movie,Fear and Loathing in Las Vegas,11/1/2019,1998,R,118,min
s6745,TV Show,Fear Files... Har Mod Pe Darr,6/1/2017,2015,TV-MA,1,Season
s6746,Movie,Feel Rich,8/23/2017,2017,TV-MA,70,min
s6747,Movie,Fiddler on the Roof,7/1/2020,1971,G,181,min
s6748,Movie,Fifty,12/28/2015,2015,NR,101,min
s6749,Movie,Figaro Pho,9/1/2016,2008,TV-Y7,29,min
s6750,Movie,Figures of Speech,12/21/2016,2016,TV-PG,92,min
s6751,TV Show,Filinta,4/15/2017,2015,TV-14,2,Seasons
s6752,Movie,Filmworker,11/1/2018,2017,TV-MA,94,min
s6753,Movie,Filosofi Kopi The Movie,10/11/2018,2015,TV-PG,118,min
s6754,Movie,Final Destination,1/1/2020,2000,R,98,min
s6755,Movie,Final Destination 2,1/1/2020,2003,R,90,min
s6756,Movie,Final Destination 3,1/1/2020,2006,R,93,min
s6757,Movie,Fire at Sea,3/21/2017,2016,TV-14,114,min
s6758,Movie,Fireflies,4/24/2019,2013,TV-MA,99,min
s6759,Movie,First Impression,5/17/2019,2018,TV-14,96,min
s6760,Movie,First Kill,9/1/2019,2017,R,102,min
s6761,Movie,FirstBorn,3/31/2017,2016,TV-MA,90,min
s6762,Movie,Fishpeople,4/1/2018,2017,TV-14,49,min
s6763,Movie,Fishtail,10/1/2018,2015,NR,61,min
s6764,TV Show,Fit for Fashion,14-Dec-18,2015,TV-14,2,Seasons
s6765,Movie,Fittest in Dubai,4/15/2020,2019,TV-14,60,min
s6766,Movie,Five Elements Ninjas,9/17/2019,1982,R,104,min
s6767,TV Show,Fix It and Finish It,20-Jul-18,2014,TV-G,3,Seasons
s6768,Movie,Flash of Genius,1/16/2017,2008,PG-13,119,min
s6769,Movie,Flimflam,6/13/2019,2016,TV-14,102,min
s6770,Movie,Flock of Four,8/1/2018,2018,TV-MA,83,min
s6771,TV Show,Flowering Heart,7/1/2019,2016,TV-Y7,1,Season
s6772,Movie,Flying Guillotine 2,7/31/2018,1978,TV-MA,88,min
s6773,Movie,Follow Me,11/16/2018,2017,TV-MA,86,min
s6774,TV Show,Food: Delicious Science,10/1/2017,2017,TV-PG,1,Season
s6775,TV Show,Footprints in the Sand,10/16/2017,2011,TV-14,1,Season
s6776,Movie,Footprints: The Path of Your Life,6/30/2017,2015,PG,90,min
s6777,Movie,For Colored Girls,5/1/2020,2010,R,134,min
s6778,Movie,For Grace,3/2/2016,2015,TV-PG,92,min
s6779,Movie,For Greater Glory,8/2/2019,2012,R,145,min
s6780,Movie,For Love or Money,8/16/2019,2019,TV-MA,95,min
s6781,Movie,For the Birds,9/1/2019,2018,TV-MA,93,min
s6782,Movie,For the Love of Benji,3/6/2018,1977,G,84,min
s6783,TV Show,For the Win,12/31/2018,2017,TV-14,1,Season
s6784,Movie,Forbidden Games: The Justin Fashanu Story,12/1/2017,2017,TV-14,81,min
s6785,Movie,Forbidden Planet,11/1/2019,1956,G,98,min
s6786,TV Show,Forces of Nature,3/1/2017,2016,TV-PG,1,Season
s6787,Movie,Forever Chape,8/2/2018,2018,TV-MA,74,min
s6788,Movie,Forever Pure,5/29/2017,2016,TV-MA,87,min
s6789,TV Show,Forget Me Not,9/18/2017,2011,TV-MA,1,Season
s6790,Movie,Forks Over Knives,10/3/2019,2011,PG,96,min
s6791,Movie,Four Christmases,1/1/2021,2008,PG-13,88,min
s6792,TV Show,Four Seasons in Havana,12/9/2016,2016,TV-MA,1,Season
s6793,Movie,Four Weddings and a Funeral,8/1/2019,1994,R,118,min
s6794,Movie,Fracture,4/1/2019,2007,R,113,min
s6795,Movie,Frances Ha,10/1/2017,2012,R,86,min
s6796,TV Show,Frasier,NULL,2003,TV-PG,11,Seasons
s6797,Movie,Freak Show,8/13/2020,2018,TV-MA,91,min
s6798,Movie,Fred Claus,1/1/2021,2007,PG,115,min
s6799,Movie,Free Willy,1/1/2020,1993,PG,112,min
s6800,Movie,Freeway: Crack in the System,12/15/2017,2015,R,103,min
s6801,Movie,Freezer's Campaign,6/6/2019,2016,TV-MA,116,min
s6802,Movie,French Dirty,2/4/2016,2015,TV-MA,72,min
s6803,Movie,Freshman Year,3/3/2020,2019,TV-PG,104,min
s6804,TV Show,Friday Night Tykes,17-Jan-18,2017,TV-PG,4,Seasons
s6805,Movie,Friday the 13th,1/1/2020,2009,R,97,min
s6806,Movie,Friend Request,4/18/2018,2016,R,92,min
s6807,TV Show,Friends,NULL,2003,TV-14,10,Seasons
s6808,Movie,From Japan to Egypt,6/6/2019,2017,TV-14,93,min
s6809,Movie,From Paris with Love,9/8/2020,2010,R,93,min
s6810,Movie,Froning: The Fittest Man in History,7/15/2018,2016,PG,99,min
s6811,TV Show,Frozen Planet,1/28/2016,2011,TV-PG,1,Season
s6812,Movie,Frozen Planet: On Thin Ice,1/28/2016,2011,TV-PG,47,min
s6813,Movie,Frozen Planet: The Epic Journey,1/28/2016,2011,TV-PG,52,min
s6814,Movie,Frozen River,7/1/2019,2008,R,97,min
s6815,Movie,Full Out,9/1/2016,2015,TV-PG,88,min
s6816,Movie,Functional Fitness,1/1/2018,2016,TV-MA,106,min
s6817,Movie,Furie,9/25/2019,2019,TV-MA,97,min
s6818,Movie,Furthest Witness,4/24/2019,2017,TV-MA,88,min
s6819,Movie,G-Force,3/15/2019,2009,PG,88,min
s6820,Movie,Gabriel and the Mountain,11/9/2018,2017,TV-MA,132,min
s6821,TV Show,Gabru: Hip Hop Revolution,6/1/2018,2018,TV-14,1,Season
s6822,Movie,Gagarin: First in Space,9/15/2017,2013,TV-14,108,min
s6823,TV Show,Galavant,7-Sep-16,2016,TV-PG,2,Seasons
s6824,Movie,Galih dan Ratna,9/15/2018,2017,TV-PG,111,min
s6825,TV Show,Game Winning Hit,9/1/2016,2009,TV-MA,1,Season
s6826,TV Show,Gangs of Hassepur,4/15/2017,2014,TV-PG,1,Season
s6827,Movie,Gangs of New York,8/20/2019,2002,R,167,min
s6828,TV Show,Gargantia on the Verdurous Planet,12/1/2016,2013,NULL,1,Season
s6829,Movie,Garuda Di Dadaku,10/9/2018,2009,TV-PG,96,min
s6830,Movie,Garuda in My Heart 2,11/30/2018,2011,TV-PG,95,min
s6831,Movie,Gehenna: Where Death Lives,12/10/2018,2016,TV-MA,107,min
s6832,Movie,Gelo,12/15/2017,2016,TV-MA,118,min
s6833,Movie,Gemini,7/1/2018,2018,TV-PG,130,min
s6834,Movie,Gender Revolution: A Journey with Katie Couric,2/1/2018,2017,TV-PG,90,min
s6835,TV Show,Genius of the Ancient World,8/1/2017,2015,TV-PG,1,Season
s6836,TV Show,Genius of the Modern World,8/1/2017,2016,TV-PG,1,Season
s6837,TV Show,Gentlemen and Gangsters,6/1/2016,2016,TV-MA,1,Season
s6838,Movie,George of the Jungle 2,12/20/2016,2003,PG,87,min
s6839,TV Show,Geronimo Stilton,12/31/2017,2011,TV-Y,1,Season
s6840,Movie,Get Him to the Greek,1/16/2020,2010,R,109,min
s6841,Movie,Get Santa,12/12/2014,2014,PG,103,min
s6842,TV Show,Get Shorty,11/1/2018,2017,TV-MA,1,Season
s6843,Movie,Get Smart,4/1/2019,2008,PG-13,110,min
s6844,Movie,Getting Played,11/1/2019,2005,PG-13,85,min
s6845,Movie,Ghayal,12/31/2019,1990,TV-14,163,min
s6846,Movie,Ghost House,12/31/2017,2017,TV-MA,100,min
s6847,Movie,Ghost Pain,2/24/2019,2013,TV-MA,58,min
s6848,Movie,Ghost Rider,10/1/2020,2007,PG-13,110,min
s6849,Movie,Ghost Tears,2/24/2019,2014,TV-MA,58,min
s6850,TV Show,Ghost Town Gold,10/2/2019,2012,TV-14,1,Season
s6851,Movie,Ghost Whispers,2/24/2019,2013,TV-14,56,min
s6852,Movie,Ghulam-E-Musthafa,12/31/2019,1997,TV-MA,161,min
s6853,Movie,Gie,9/15/2018,2005,TV-14,141,min
s6854,Movie,Gigi,11/1/2019,1958,G,115,min
s6855,Movie,Ginger & Rosa,7/15/2018,2012,PG-13,90,min
s6856,Movie,"Girl, Boy, Bakla, Tomboy",2/27/2019,2013,TV-14,103,min
s6857,Movie,GLOW: The Story of the Gorgeous Ladies of Wrestling,3/31/2017,2012,NR,77,min
s6858,TV Show,Glowing Embers,8/14/2017,2010,TV-14,1,Season
s6859,Movie,God Bless the Broken Road,2/9/2019,2018,PG,111,min
s6860,Movie,God Knows Where I Am,10/22/2018,2016,TV-PG,103,min
s6861,Movie,God of War,12/16/2017,2017,NR,129,min
s6862,Movie,God's Not Dead,4/1/2020,2014,PG,113,min
s6863,Movie,God's Not Dead: A Light in Darkness,12/4/2018,2018,PG,106,min
s6864,Movie,God's Own Country,5/1/2018,2017,TV-MA,105,min
s6865,Movie,Gol Maal,12/31/2019,1979,TV-PG,137,min
s6866,Movie,Golden Time,11/1/2017,2013,TV-Y,22,min
s6867,Movie,GoldenEye,12/31/2019,1995,PG-13,130,min
s6868,Movie,Goldie,6/22/2020,2019,TV-MA,89,min
s6869,TV Show,Goldie & Bear,31-Oct-18,2017,TV-Y,2,Seasons
s6870,Movie,Goldstone,12/10/2018,2016,R,110,min
s6871,Movie,Golmaal: Fun Unlimited,12/31/2019,2006,TV-14,148,min
s6872,TV Show,Gomorrah,21-Aug-17,2016,TV-MA,2,Seasons
s6873,Movie,Gone are the Days,1/1/2019,2018,R,100,min
s6874,TV Show,Gonul,7/12/2017,2015,TV-14,1,Season
s6875,Movie,Good Kids,1/19/2017,2016,R,90,min
s6876,Movie,Good Kill,4/2/2017,2014,R,103,min
s6877,Movie,Good Kisser,8/20/2020,2019,TV-MA,75,min
s6878,Movie,Good Luck,6/21/2019,2012,TV-MA,99,min
s6879,Movie,"Good Night, and Good Luck",6/2/2019,2005,PG,93,min
s6880,Movie,Good People,9/8/2017,2014,R,90,min
s6881,Movie,GoodFellas,1/1/2021,1990,R,145,min
s6882,Movie,Gook,3/6/2018,2017,TV-MA,95,min
s6883,Movie,Goon,8/15/2017,2011,R,92,min
s6884,Movie,Goosebumps 2: Haunted Halloween,4/25/2019,2018,PG,90,min
s6885,Movie,Gosford Park,11/1/2019,2001,R,137,min
s6886,TV Show,Gossip Girl,8-Oct-13,2012,TV-14,6,Seasons
s6887,Movie,Gothika,1/1/2021,2003,R,98,min
s6888,Movie,Gour Hari Dastaan: The Freedom File,10/15/2017,2015,TV-14,109,min
s6889,Movie,Gran Torino,10/1/2020,2008,R,117,min
s6890,TV Show,Grand Designs,8/1/2019,2017,TV-14,2,Seasons
s6891,TV Show,Grand Hotel,1-Nov-17,2013,TV-PG,3,Seasons
s6892,Movie,Grand Masti,3/1/2018,2013,TV-MA,93,min
s6893,Movie,Grass,2/14/2019,2017,TV-MA,57,min
s6894,Movie,Grease,11/1/2019,1978,PG,110,min
s6895,TV Show,Great Interior Design Challenge,1-Dec-18,2016,TV-PG,2,Seasons
s6896,TV Show,Great Yellowstone Thaw,10/1/2017,2017,TV-PG,1,Season
s6897,Movie,Green Room,11/12/2018,2015,R,95,min
s6898,Movie,Green White Green (And All the Beautiful Colours in My Mosaic of Madness),1/1/2018,2016,TV-MA,102,min
s6899,Movie,Gringo: The Dangerous Life of John McAfee,4/1/2018,2016,TV-MA,97,min
s6900,Movie,Growing Up Coy,1/6/2017,2016,TV-PG,82,min
s6901,Movie,Gun Runners,2/1/2017,2015,TV-PG,90,min
s6902,TV Show,Gunslinger Girl,NULL,2008,TV-14,2,Seasons
s6903,Movie,Guy Martin: Last Flight of the Vulcan Bomber,7/26/2019,2015,TV-G,57,min
s6904,Movie,Héroes,8/19/2018,2015,TV-MA,91,min
s6905,Movie,Hükümet Kadin,3/10/2017,2013,TV-MA,100,min
s6906,Movie,Hükümet Kadin 2,3/10/2017,2013,TV-14,101,min
s6907,TV Show,Ha Unlimited,5/11/2018,2016,TV-MA,2,Seasons
s6908,Movie,Haapus,3/15/2018,2010,TV-14,138,min
s6909,Movie,Hadi Insallah,4/4/2018,2014,TV-14,95,min
s6910,Movie,Hairspray,1/1/2020,2007,PG,116,min
s6911,Movie,HALO Legends,5/1/2017,2009,PG-13,117,min
s6912,Movie,Halo: The Fall of Reach,3/7/2016,2015,TV-14,65,min
s6913,Movie,Hamara Dil Aapke Paas Hai,3/1/2018,2000,TV-14,158,min
s6914,Movie,Hamburger Hill,11/23/2019,1987,R,110,min
s6915,Movie,Hamza's Suitcase,5/2/2019,2017,TV-14,79,min
s6916,Movie,Hangman,5/6/2020,2017,R,99,min
s6917,Movie,Hank: Five Years from the Brink,8/25/2018,2013,TV-14,86,min
s6918,TV Show,Hannibal,6/6/2020,2015,TV-MA,3,Seasons
s6919,Movie,Hans Zimmer: Live in Prague,3/1/2018,2017,TV-G,138,min
s6920,TV Show,Happy 300 Days,1/1/2017,2013,TV-14,1,Season
s6921,Movie,Happy Hunting,1/1/2018,2017,TV-MA,91,min
s6922,Movie,Happy Times,2/8/2017,2014,NR,79,min
s6923,TV Show,Happy Valley,16-Mar-16,2016,TV-MA,2,Seasons
s6924,TV Show,Happyish,7/1/2016,2015,TV-MA,1,Season
s6925,Movie,Hard Tide,9/6/2017,2015,TV-MA,79,min
s6926,Movie,Hardcore Henry,8/1/2020,2015,R,96,min
s6927,Movie,Harlem Globetrotters: The Team That Changed the World,11/1/2019,2005,TV-14,55,min
s6928,Movie,Harold & Kumar Escape from Guantanamo Bay,10/1/2019,2008,R,101,min
s6929,Movie,Harold & Kumar Go to White Castle,1/1/2020,2004,R,88,min
s6930,Movie,Harold and Lillian: A Hollywood Love Story,11/25/2018,2015,TV-14,95,min
s6931,TV Show,Harold Shipman - Driven to Kill,2/1/2019,2014,TV-14,1,Season
s6932,Movie,Harriet the Spy: Blog Wars,4/15/2018,2010,TV-G,87,min
s6933,TV Show,Harry & Bunnie,10/15/2017,2017,TV-Y7,1,Season
s6934,Movie,Harry and Snowman,1/15/2017,2015,TV-PG,83,min
s6935,Movie,Harry Benson: Shoot First,5/1/2017,2016,NR,90,min
s6936,TV Show,Hart of Dixie,15-Dec-15,2014,TV-PG,4,Seasons
s6937,Movie,Haseena Maan Jaayegi,3/1/2018,1999,TV-PG,151,min
s6938,TV Show,Hati Perempuan,8/21/2017,2015,TV-14,1,Season
s6939,Movie,Haunters: The Art of the Scare,1/2/2018,2017,TV-MA,89,min
s6940,Movie,Haunting on Fraternity Row,3/1/2019,2018,TV-MA,99,min
s6941,Movie,Have You Seen the Listers?,2/1/2019,2017,TV-MA,86,min
s6942,TV Show,Haven,8-Sep-15,2015,TV-14,5,Seasons
s6943,Movie,Havenhurst,6/10/2017,2016,TV-MA,85,min
s6944,Movie,Haywire,3/1/2020,2011,R,93,min
s6945,Movie,He Named Me Malala,6/1/2018,2015,PG-13,89,min
s6946,Movie,He's Out There,1/12/2019,2018,R,89,min
s6947,Movie,Head Count,9/13/2019,2018,TV-MA,90,min
s6948,Movie,Head On,8/25/2018,1998,TV-MA,104,min
s6949,Movie,Heal,2/1/2019,2017,TV-14,107,min
s6950,Movie,Heartbreakers,12/31/2019,2001,PG-13,124,min
s6951,Movie,Heartthrob,1/1/2018,2017,TV-MA,87,min
s6952,TV Show,Heavy Rescue: 401,6/22/2018,2018,TV-MA,2,Seasons
s6953,Movie,Hedgehogs,4/1/2019,2016,PG,94,min
s6954,TV Show,Helix,11/10/2018,2015,TV-MA,1,Season
s6955,Movie,Hell and Back,9/6/2018,2015,R,86,min
s6956,TV Show,Hell on Wheels,28-May-16,2016,TV-14,5,Seasons
s6957,Movie,Hell or High Water,1/1/2019,2016,R,102,min
s6958,Movie,Hellboy,12/1/2018,2004,PG-13,122,min
s6959,Movie,Her,7/29/2018,2013,R,126,min
s6960,Movie,Her Only Choice,5/2/2019,2018,TV-14,87,min
s6961,Movie,Hera Pheri,12/31/2019,1976,TV-14,156,min
s6962,Movie,Here Alone,7/1/2017,2016,TV-MA,97,min
s6963,Movie,Hero,8/1/2018,1997,TV-MA,89,min
s6964,TV Show,Herrens veje,6/1/2019,2018,TV-MA,2,Seasons
s6965,Movie,Hickok,7/24/2020,2017,TV-MA,88,min
s6966,TV Show,Hidden Singer,5/19/2017,2015,TV-Y7,1,Season
s6967,Movie,Hide & Seek,3/1/2018,2010,TV-14,96,min
s6968,Movie,Hide and Seek,8/19/2017,2016,TV-14,104,min
s6969,Movie,Highly Strung,2/1/2017,2015,TV-14,80,min
s6970,TV Show,Highway Thru Hell,3-Dec-19,2016,TV-PG,3,Seasons
s6971,TV Show,Highway to Heaven,1-Nov-16,1988,TV-PG,5,Seasons
s6972,TV Show,Hinterland,8/1/2017,2016,TV-14,3,Seasons
s6973,Movie,Hiroshima: The Real History,3/31/2017,2015,TV-PG,95,min
s6974,Movie,Hisss,12/1/2017,2010,TV-MA,97,min
s6975,TV Show,Historia de un clan,1/13/2017,2015,TV-MA,1,Season
s6976,Movie,History of Joy,8/1/2018,2017,TV-14,118,min
s6977,TV Show,History's Greatest Hoaxes,7/12/2019,2016,TV-PG,1,Season
s6978,Movie,Hitch,1/1/2020,2005,PG-13,118,min
s6979,Movie,Hitler's Olympics,8/1/2016,2016,TV-PG,44,min
s6980,Movie,Hitler's Steel Beast,11/1/2017,2017,TV-14,54,min
s6981,Movie,Ho Mann Jahaan,7/1/2017,2015,TV-PG,170,min
s6982,TV Show,Hogie the Globehopper,8/1/2017,2016,TV-Y,1,Season
s6983,Movie,Hokkabaz,3/10/2017,2006,TV-MA,118,min
s6984,Movie,Holding the Man,8/1/2016,2015,TV-MA,128,min
s6985,Movie,Holidays,7/15/2016,2016,TV-MA,106,min
s6986,Movie,Holy Hell,9/1/2016,2016,NR,103,min
s6987,Movie,Holy Man 2,7/30/2018,2008,TV-14,92,min
s6988,Movie,Holy Man 3,7/30/2018,2010,TV-MA,102,min
s6989,Movie,Hombanna,5/1/2018,2017,TV-14,126,min
s6990,Movie,Homeland,10/15/2019,2019,TV-PG,73,min
s6991,Movie,Honey 2,10/1/2019,2011,PG-13,111,min
s6992,Movie,Honey: Rise Up and Dance,4/3/2018,2018,PG-13,100,min
s6993,Movie,Hoodwinked Too! Hood vs. Evil,11/3/2018,2011,PG,86,min
s6994,Movie,Hope Aur Hum,9/1/2018,2018,TV-14,95,min
s6995,Movie,Hope Springs Eternal,11/8/2018,2018,PG,79,min
s6996,Movie,Hope: One in a Billion,12/15/2019,2017,TV-14,81,min
s6997,TV Show,Hormones,6/30/2018,2015,TV-MA,3,Seasons
s6998,Movie,Horns,8/1/2019,2013,R,120,min
s6999,TV Show,Horror Homes,10/2/2019,2016,TV-14,1,Season
s7000,Movie,Horror Story,4/12/2019,2013,TV-14,85,min
s7001,Movie,Hostage to the Devil,1/15/2017,2016,TV-14,96,min
s7002,Movie,Hostages,1/29/2018,2017,TV-PG,91,min
s7003,Movie,Hostiles,8/15/2018,2017,R,134,min
s7004,Movie,Hot Bot,3/1/2016,2016,NR,93,min
s7005,Movie,Hot Property,8/13/2017,2016,TV-MA,82,min
s7006,Movie,Hot Rod,11/20/2019,2007,PG-13,88,min
s7007,TV Show,Hotel Beau Séjour,3/16/2017,2017,TV-14,1,Season
s7008,Movie,Hotel Pacific,10/1/2019,1975,TV-MA,96,min
s7009,Movie,Hotel Transylvania 3: Summer Vacation,1/24/2019,2018,PG,97,min
s7010,Movie,House at the End of the Street,5/8/2020,2012,PG-13,101,min
s7011,Movie,House of Z,1/6/2018,2016,TV-14,88,min
s7012,Movie,"Houston, We Have a Problem!",7/20/2017,2016,TV-14,84,min
s7013,Movie,How the Beatles Changed the World,2/1/2018,2017,TV-PG,110,min
s7014,Movie,How the Grinch Stole Christmas,6/1/2017,2000,PG,105,min
s7015,Movie,How to Be a Latin Lover,11/1/2019,2017,PG-13,116,min
s7016,Movie,How to Be a Player,11/1/2019,1997,R,94,min
s7017,Movie,How to Change the World,1/1/2016,2015,NR,110,min
s7018,TV Show,How to Live Mortgage Free with Sarah Beeny,9/15/2018,2018,TV-MA,1,Season
s7019,Movie,How to Make an American Quilt,4/1/2018,1995,PG-13,116,min
s7020,Movie,How to Win the US Presidency,8/1/2016,2016,TV-PG,51,min
s7021,Movie,Hridaynath,1/1/2018,2012,TV-14,103,min
s7022,Movie,Hulk Vs.,6/1/2020,2009,PG-13,83,min
s7023,Movie,Hum Saath-Saath Hain,1/1/2018,1999,TV-G,176,min
s7024,Movie,Humko Deewana Kar Gaye,10/22/2017,2006,TV-PG,149,min
s7025,TV Show,Humsafar,12/15/2016,2011,TV-PG,1,Season
s7026,Movie,Hungerford,6/23/2018,2014,TV-MA,79,min
s7027,Movie,Hunt to Kill,1/1/2020,2010,R,97,min
s7028,Movie,Hunter's Prayer,10/22/2019,2015,R,91,min
s7029,TV Show,Hunters of the South Seas,2/1/2019,2015,TV-14,1,Season
s7030,TV Show,Huntik: Secrets and Seekers,1-Jan-18,2011,TV-Y7,2,Seasons
s7031,Movie,Hurricane Bianca,1/1/2017,2016,TV-MA,85,min
s7032,Movie,Hurricane Bianca: From Russia With Hate,8/15/2018,2018,TV-MA,85,min
s7033,Movie,Hustle & Flow,12/1/2019,2005,R,117,min
s7034,TV Show,Hyori's Bed & Breakfast,3/29/2018,2018,TV-14,2,Seasons
s7035,Movie,Hypersomnia,6/8/2017,2016,TV-MA,84,min
s7036,Movie,I Am,3/4/2019,2010,TV-MA,106,min
s7037,Movie,I Am Bolt,10/1/2017,2016,PG,107,min
s7038,Movie,I Am Jane Doe,5/26/2017,2017,TV-14,98,min
s7039,Movie,I Am Maris,4/1/2019,2018,TV-14,54,min
s7040,TV Show,I Am Me!,3/3/2017,2016,TV-14,1,Season
s7041,Movie,I Am Not Madame Bovary,9/2/2017,2016,TV-14,139,min
s7042,Movie,I Am Sun Mu,2/1/2017,2015,NR,88,min
s7043,Movie,I Am Vengeance,12/22/2018,2018,R,93,min
s7044,Movie,I Am Wrath,9/16/2019,2016,R,91,min
s7045,Movie,I Don't Know How She Does It,3/23/2019,2011,PG-13,89,min
s7046,Movie,I Dream Of Dance,1/31/2019,2017,TV-14,106,min
s7047,Movie,I Fine... Thank You... Love You,9/5/2018,2014,TV-14,116,min
s7048,Movie,"I, Daniel Blake",4/19/2019,2016,R,100,min
s7049,Movie,I'll See You in My Dreams,10/22/2019,2015,PG-13,96,min
s7050,Movie,I'm in Love with a Church Girl,10/1/2017,2013,PG,119,min
s7051,TV Show,I'm Sorry,9/13/2019,2019,TV-MA,2,Seasons
s7052,Movie,Ice Guardians,10/1/2017,2016,TV-MA,108,min
s7053,Movie,Iceman,1/23/2018,2014,R,104,min
s7054,Movie,Ideachi Kalpana,1/1/2018,2010,TV-14,124,min
s7055,TV Show,Idiotest,12/15/2018,2014,TV-PG,1,Season
s7056,Movie,Igor,9/1/2019,2008,PG,87,min
s7057,Movie,Iliza Shlesinger: War Paint,9/1/2013,2013,NR,75,min
s7058,Movie,Imagine That,12/7/2019,2009,PG,108,min
s7059,Movie,Immoral Tales,6/6/2019,1974,UR,103,min
s7060,TV Show,In Between,1/1/2017,2012,TV-14,1,Season
s7061,Movie,In Search of Fellini,3/19/2018,2017,R,103,min
s7062,Movie,In The Deep,1/10/2018,2017,PG-13,89,min
s7063,Movie,Incir Receli 2,3/10/2017,2014,TV-14,103,min
s7064,Movie,Incoming,10/26/2018,2019,TV-MA,89,min
s7065,Movie,Incomplete,4/8/2017,2017,TV-MA,119,min
s7066,Movie,Inconceivable,3/1/2018,2017,R,106,min
s7067,Movie,Incorruptible,9/1/2017,2015,TV-MA,90,min
s7068,Movie,Incredibles 2 (Spanish Version),2/8/2019,2018,PG,118,min
s7069,Movie,INDIA,2/17/2017,2014,NR,95,min
s7070,TV Show,India: Nature's Wonderland,3/1/2017,2015,TV-PG,1,Season
s7071,Movie,Indiana Jones and the Kingdom of the Crystal Skull,1/1/2019,2008,PG-13,123,min
s7072,Movie,Indiana Jones and the Last Crusade,1/1/2019,1989,PG-13,127,min
s7073,Movie,Indiana Jones and the Raiders of the Lost Ark,1/1/2019,1981,PG,116,min
s7074,Movie,Indiana Jones and the Temple of Doom,1/1/2019,1984,PG,119,min
s7075,Movie,Indiscretion,2/1/2017,2016,TV-MA,99,min
s7076,Movie,Inequality for All,8/29/2018,2013,PG,90,min
s7077,Movie,Influx,4/1/2018,2016,TV-PG,90,min
s7078,Movie,Inglourious Basterds,7/22/2019,2009,R,153,min
s7079,Movie,Inkheart,7/1/2019,2008,PG,106,min
s7080,Movie,Insan,3/1/2018,2005,TV-14,141,min
s7081,TV Show,Inside The Freemasons,9/15/2018,2017,TV-MA,1,Season
s7082,TV Show,Inside the Mind of a Serial Killer,7/1/2019,2015,TV-14,1,Season
s7083,TV Show,Inside the Mossad,1/29/2019,2017,TV-14,1,Season
s7084,TV Show,Inst@famous,12/31/2018,2018,TV-MA,1,Season
s7085,Movie,Instructions Not Included,1/1/2020,2013,PG-13,122,min
s7086,TV Show,Intelligence,7/19/2017,2007,TV-MA,2,Seasons
s7087,Movie,Internet Famous,7/21/2016,2016,TV-14,87,min
s7088,Movie,Into the Forest,11/7/2018,2015,R,102,min
s7089,Movie,Inuyasha the Movie - L'isola del fuoco scarlatto,9/1/2017,2004,TV-PG,88,min
s7090,Movie,Inuyasha the Movie - La spada del dominatore del mondo,9/1/2017,2003,TV-14,99,min
s7091,Movie,InuYasha: The Movie 2: The Castle Beyond the Looking Glass,9/1/2017,2002,TV-14,99,min
s7092,Movie,Invictus,11/1/2019,2009,PG-13,134,min
s7093,Movie,Invisible Essence: The Little Prince,1/14/2019,2018,TV-PG,91,min
s7094,Movie,Inxeba,2/1/2018,2017,TV-MA,88,min
s7095,Movie,Iqbal,3/1/2018,2006,TV-Y7,127,min
s7096,Movie,Irada Pakka,3/15/2018,2010,TV-14,137,min
s7097,Movie,Iron Cowboy: The Story of the 50.50.50,7/19/2019,2018,TV-14,77,min
s7098,Movie,Iron Man & Captain America: Heroes United,10/12/2014,2014,PG,71,min
s7099,TV Show,Iron Man: Armored Adventures,8/1/2020,2011,TV-Y7,2,Seasons
s7100,Movie,Ishqedarriyaan,3/1/2018,2015,TV-14,130,min
s7101,TV Show,Islands of the Future,3/1/2017,2014,TV-PG,1,Season
s7102,TV Show,????,2/19/2018,2015,TV-MA,1,Season
s7103,Movie,Issaq,3/1/2018,2013,TV-MA,140,min
s7104,Movie,It Takes Two,11/20/2019,1995,PG,101,min
s7105,Movie,It's Fine,5/3/2019,2012,TV-14,101,min
s7106,Movie,It's Now or Never,3/1/2016,2015,TV-MA,91,min
s7107,Movie,"It's Okay, Buddy",6/6/2019,2017,TV-14,84,min
s7108,Movie,Iverson,4/1/2016,2014,NR,88,min
s7109,Movie,???? ????? : ??? ??,9/1/2018,2018,TV-Y7,68,min
s7110,Movie,Jaan-E-Mann: Let's Fall in Love... Again,12/31/2019,2006,TV-14,163,min
s7111,Movie,Jack and the Cuckoo-Clock Heart,2/8/2017,2013,PG,93,min
s7112,Movie,Jack of all Trades,7/16/2019,2018,TV-MA,86,min
s7113,TV Show,Jack Taylor,3/31/2013,2016,TV-MA,1,Season
s7114,Movie,Jackie Brown,8/1/2019,1997,R,154,min
s7115,Movie,Jackpot,10/6/2018,2015,TV-14,92,min
s7116,Movie,Jail,12/31/2019,2009,TV-14,132,min
s7117,Movie,Jake's Buccaneer Blast,8/6/2017,2014,TV-Y,22,min
s7118,Movie,Jal,10/15/2017,2013,TV-14,132,min
s7119,Movie,Jalpari: The Desert Mermaid,5/19/2018,2012,TV-14,94,min
s7120,Movie,Janaan,9/15/2017,2016,TV-14,132,min
s7121,TV Show,Japanese Style Originator,5/1/2017,2008,TV-G,1,Season
s7122,Movie,Jay and Silent Bob Strike Back,1/1/2019,2001,R,105,min
s7123,Movie,Jealousy and medicine,10/1/2019,1973,TV-MA,97,min
s7124,TV Show,Jeopardy!,12/18/2020,2019,TV-G,2,Seasons
s7125,Movie,Jeremy Scott: The People's Designer,4/1/2016,2015,PG-13,109,min
s7126,TV Show,Jericho,8/16/2017,2008,TV-14,2,Seasons
s7127,Movie,Jersey Boys,1/1/2019,2014,R,134,min
s7128,Movie,Jesus: Countdown to Calvary,4/1/2019,2018,TV-14,53,min
s7129,Movie,Jewel's Catch One,5/1/2018,2016,TV-MA,84,min
s7130,TV Show,Jhansi Ki Rani,6/1/2017,2009,TV-14,1,Season
s7131,Movie,Jimi Hendrix,11/1/2019,1973,R,102,min
s7132,TV Show,JingleKids,4/1/2019,2017,TV-Y7,1,Season
s7133,Movie,Jiro Dreams of Sushi,6/5/2019,2011,PG,79,min
s7134,Movie,Jis Desh Men Ganga Behti Hai,12/31/2019,1960,TV-14,181,min
s7135,Movie,Joe Cocker: Mad Dog with Soul,4/1/2017,2017,TV-14,90,min
s7136,Movie,John & Jane,8/15/2016,2005,TV-14,79,min
s7137,Movie,John Carter,5/2/2019,2012,PG-13,133,min
s7138,Movie,John Day,12/31/2019,2013,TV-MA,125,min
s7139,Movie,John Mellencamp: Plain Spoken,2/1/2018,2017,TV-MA,80,min
s7140,Movie,Jonathan,4/16/2019,2018,TV-MA,101,min
s7141,TV Show,Jonathan Strange & Mr Norrell,8/25/2016,2015,TV-14,1,Season
s7142,Movie,Jora 10 Numbaria,1/1/2018,2017,TV-MA,135,min
s7143,TV Show,Juana Brava,3/20/2017,2015,TV-MA,1,Season
s7144,TV Show,Juana Inés,1/27/2017,2016,TV-14,1,Season
s7145,Movie,Judwaa,12/31/2019,1997,TV-14,133,min
s7146,Movie,Judy Moody and the Not Bummer Summer,8/8/2019,2011,PG,91,min
s7147,Movie,Jugaad,9/15/2018,2017,TV-14,52,min
s7148,Movie,Julie & Julia,1/1/2021,2009,PG-13,123,min
s7149,TV Show,Julius Jr.,3-Nov-15,2014,TV-Y,2,Seasons
s7150,Movie,Jumping the Broom,11/1/2020,2011,PG-13,113,min
s7151,Movie,Junebug,3/1/2019,2005,R,107,min
s7152,Movie,Jupiter Ascending,8/1/2019,2015,PG-13,128,min
s7153,Movie,Just Friends,9/1/2019,2005,PG-13,94,min
s7154,Movie,"Justice, My Foot!",8/31/2018,1992,TV-14,95,min
s7155,Movie,Justin Bieber: Never Say Never,1/1/2018,2011,G,106,min
s7156,TV Show,K,12/1/2016,2012,TV-MA,1,Season
s7157,Movie,K-19: The Widowmaker,11/21/2019,2002,PG-13,138,min
s7158,TV Show,Kaçak,12/26/2016,2013,TV-14,1,Season
s7159,Movie,Kaabil,6/25/2017,2017,TV-14,139,min
s7160,Movie,Kaakan,3/1/2018,2015,TV-PG,132,min
s7161,Movie,Kaalia,12/31/2019,1981,TV-14,173,min
s7162,Movie,Kaaliyan,8/1/2018,2017,TV-PG,105,min
s7163,Movie,Kabali (Hindi Version),12/15/2017,2016,TV-MA,148,min
s7164,Movie,Kacche Dhaagey,11/1/2017,2016,TV-14,120,min
s7165,Movie,Kahlil Gibran's The Prophet,10/1/2017,2014,PG,85,min
s7166,Movie,Kajraare,10/22/2017,2010,TV-14,113,min
s7167,Movie,Kaleidoscope,5/8/2018,2016,TV-MA,99,min
s7168,Movie,Kalki,3/1/2018,2017,TV-14,41,min
s7169,Movie,Kanika,3/1/2018,2017,TV-14,110,min
s7170,Movie,Karzzzz,10/22/2017,2008,TV-14,137,min
s7171,Movie,Kate & Leopold,1/1/2020,2001,PG-13,118,min
s7172,Movie,Katha,12/31/2019,1982,TV-PG,140,min
s7173,Movie,Katt Williams: Live,7/19/2018,2006,NR,85,min
s7174,Movie,Kaviyude Osyath,7/1/2018,2017,TV-14,116,min
s7175,Movie,Kay Dyache Bola,1/1/2018,2005,TV-14,133,min
s7176,TV Show,Ken Burns: The Civil War,2/22/2017,1990,TV-14,1,Season
s7177,TV Show,Ken Burns: The Roosevelts: An Intimate History,2/22/2017,2014,TV-PG,1,Season
s7178,TV Show,Ken Burns: The West,3/14/2017,1996,TV-PG,1,Season
s7179,Movie,Kevin Hart: Laugh at My Pain,10/1/2018,2011,R,89,min
s7180,Movie,Kevin Hart: Let Me Explain,7/13/2018,2013,R,75,min
s7181,Movie,Kevin Hart: Seriously Funny,10/1/2018,2010,TV-MA,67,min
s7182,Movie,Kevyn Aucoin: Beauty & the Beast in Me,1/1/2019,2017,TV-MA,90,min
s7183,TV Show,Khaani,8/1/2019,2017,TV-14,1,Season
s7184,Movie,Khalnayak,3/1/2018,1993,TV-14,170,min
s7185,TV Show,Khan: No. 1 Crime Hunter,5/1/2018,2018,TV-14,1,Season
s7186,TV Show,Khelti Hai Zindagi Aankh Micholi,4/1/2017,2013,TV-14,1,Season
s7187,Movie,Khosla Ka Ghosla,8/2/2018,2006,TV-14,124,min
s7188,TV Show,Khotey Sikkey,3/15/2018,2011,TV-14,1,Season
s7189,Movie,Khubsoorat,12/31/2019,1980,TV-PG,120,min
s7190,Movie,Khushi,3/1/2018,2003,TV-14,157,min
s7191,Movie,Kia and Cosmos,5/1/2019,2018,TV-14,124,min
s7192,Movie,Kickboxer: Retaliation,4/26/2018,2017,R,110,min
s7193,Movie,Kickboxer: Vengeance,12/8/2016,2016,TV-MA,90,min
s7194,Movie,Kicking and Screaming,11/4/2019,1995,R,97,min
s7195,Movie,Kid Kulafu,3/4/2019,2015,TV-14,108,min
s7196,Movie,Kidnapping Mr. Heineken,9/8/2017,2015,R,95,min
s7197,TV Show,Kikoriki,NULL,2010,TV-Y,2,Seasons
s7198,Movie,Kill Bill: Vol. 1,1/1/2020,2003,R,111,min
s7199,Movie,Kill Bill: Vol. 2,1/1/2020,2004,R,137,min
s7200,Movie,Kill Command,2/23/2017,2016,TV-MA,100,min
s7201,Movie,Kill Hitler! The Luck of the Devil,5/1/2019,2015,TV-14,53,min
s7202,Movie,Kill Ratio,2/17/2017,2016,TV-MA,87,min
s7203,Movie,Kill the Irishman,8/21/2020,2011,R,106,min
s7204,Movie,Killer Klowns from Outer Space,4/1/2020,1988,PG-13,86,min
s7205,Movie,Killers,1/1/2021,2010,PG-13,100,min
s7206,Movie,Kills on Wheels,3/15/2018,2016,TV-MA,103,min
s7207,Movie,Kilo Two Bravo,3/1/2019,2014,R,109,min
s7208,Movie,King Jack,7/1/2016,2015,NR,81,min
s7209,Movie,King's Ransom,11/1/2019,2005,PG-13,98,min
s7210,TV Show,Kingdoms of the Sky,10/1/2018,2018,TV-PG,1,Season
s7211,Movie,Kingpin,1/1/2020,1996,PG-13,114,min
s7212,Movie,Kings,10/29/2018,2017,R,87,min
s7213,Movie,Kis Kisko Pyaar Karoon,11/1/2017,2015,TV-PG,132,min
s7214,Movie,Kiss the Girls,1/1/2020,1997,R,116,min
s7215,TV Show,Kiss The Series,5/26/2019,2016,TV-14,1,Season
s7216,TV Show,Kitten Rescuers,10/2/2019,2017,TV-14,1,Season
s7217,Movie,KL Zombi,8/21/2017,2013,TV-14,92,min
s7218,TV Show,Knights of Sidonia,1-Dec-19,2015,TV-MA,2,Seasons
s7219,Movie,Knock Knock,11/1/2020,2015,R,99,min
s7220,Movie,Know Your Enemy - Japan,3/31/2017,1945,TV-14,63,min
s7221,Movie,Knowing,10/1/2019,2009,PG-13,121,min
s7222,Movie,Koko: The Gorilla Who Talks,3/1/2017,2016,TV-G,56,min
s7223,TV Show,Kon Kon Kon,2/16/2018,2014,TV-PG,1,Season
s7224,Movie,Kon-Tiki,4/26/2019,2012,PG-13,96,min
s7225,Movie,Koshish,12/31/2019,1972,TV-14,115,min
s7226,Movie,Kraftidioten,1/5/2017,2014,TV-MA,117,min
s7227,Movie,Krish Trish and Baltiboy,9/8/2017,2009,TV-Y7,58,min
s7228,Movie,Krish Trish and Baltiboy: Battle of Wits,9/8/2017,2013,TV-Y7,62,min
s7229,Movie,Krish Trish and Baltiboy: Best Friends Forever,9/8/2017,2016,TV-Y,65,min
s7230,Movie,Krish Trish and Baltiboy: Comics of India,9/8/2017,2012,TV-Y7,61,min
s7231,Movie,Krish Trish and Baltiboy: Face Your Fears,11/17/2017,2017,TV-Y7,65,min
s7232,Movie,Krish Trish and Baltiboy: Oversmartness Never Pays,9/8/2017,2017,TV-Y7,65,min
s7233,Movie,Krish Trish and Baltiboy: Part II,9/8/2017,2010,TV-Y7,58,min
s7234,Movie,Krish Trish and Baltiboy: The Greatest Trick,9/8/2017,2013,TV-Y7,60,min
s7235,Movie,Krisha,11/7/2018,2015,R,81,min
s7236,TV Show,Krishna Balram,7/8/2019,2019,TV-Y7,1,Season
s7237,Movie,Kristy,10/31/2015,2013,NR,85,min
s7238,Movie,Krystal,1/1/2019,2017,R,93,min
s7239,Movie,Kuldip Patwal: I Didn't Do It!,12/31/2019,2017,TV-MA,126,min
s7240,Movie,Kung Fu Hustle,4/1/2020,2004,R,99,min
s7241,Movie,Kung Fu Magoo,8/1/2018,2010,TV-Y7,79,min
s7242,Movie,Kung Fu Panda: Holiday,12/1/2012,2010,TV-PG,26,min
s7243,Movie,Kung Fu Yoga,10/6/2017,2017,TV-PG,107,min
s7244,Movie,Kuppivala,8/1/2018,2017,TV-14,133,min
s7245,Movie,Kurt & Courtney,1/8/2019,1998,R,95,min
s7246,TV Show,Kurt Seyit & Sura,12/26/2016,2014,TV-14,1,Season
s7247,Movie,Kurtulus Son Durak,3/10/2017,2012,TV-MA,100,min
s7248,Movie,Kya Kehna,4/1/2018,2000,TV-PG,149,min
s7249,Movie,Kygo: Live at the Hollywood Bowl,3/12/2018,2017,TV-MA,52,min
s7250,Movie,Kyun! Ho Gaya Na,3/1/2018,2004,TV-PG,165,min
s7251,Movie,La Última Fiesta,2/1/2017,2016,TV-MA,104,min
s7252,Movie,LA 92,3/1/2018,2017,R,114,min
s7253,Movie,La Bamba,1/1/2020,1987,PG-13,109,min
s7254,Movie,La Coppia dei Campioni,2/15/2017,2016,TV-MA,88,min
s7255,TV Show,La Familia P. Luche,NULL,2012,TV-14,3,Seasons
s7256,TV Show,La Femme,10/16/2017,2016,TV-14,1,Season
s7257,TV Show,La Piloto,4/2/2018,2017,TV-MA,1,Season
s7258,TV Show,La Rosa de Guadalupe,1/15/2019,2010,TV-PG,1,Season
s7259,TV Show,La Viuda Negra,1/15/2019,2016,TV-14,1,Season
s7260,Movie,Laal Rang,3/1/2018,2016,TV-14,143,min
s7261,Movie,Laddaland,9/7/2018,2011,TV-MA,112,min
s7262,Movie,Lady Bloodfight,8/5/2017,2016,R,101,min
s7263,Movie,Lady in the Water,7/1/2019,2006,PG-13,110,min
s7264,Movie,Lady-Like,1/18/2019,2018,NC-17,83,min
s7265,TV Show,"Lady, la vendedora de rosas",4/1/2018,2015,TV-14,1,Season
s7266,Movie,Lalbaug Parel: Zali Mumbai Sonyachi,3/15/2018,2010,TV-MA,145,min
s7267,TV Show,Land Girls,8/1/2017,2011,TV-14,3,Seasons
s7268,Movie,Larceny,9/15/2017,2017,TV-14,87,min
s7269,TV Show,Last,5/22/2017,2015,TV-14,1,Season
s7270,Movie,Last Ferry,3/11/2020,2019,TV-MA,86,min
s7271,Movie,Last Knights,8/1/2019,2015,R,115,min
s7272,Movie,Last Night,1/1/2019,2010,R,93,min
s7273,Movie,Le K Benzema,5/1/2018,2017,TV-14,121,min
s7274,Movie,Le serment des Hitler,5/1/2019,2014,TV-PG,54,min
s7275,Movie,Leap Year,11/15/2019,2010,PG,100,min
s7276,Movie,LeapFrog: Letter Factory,4/15/2020,2003,TV-Y,37,min
s7277,Movie,LeapFrog: Numberland,4/15/2020,2011,TV-Y,33,min
s7278,Movie,LeapFrog: Phonics Farm,4/15/2020,2011,TV-Y,35,min
s7279,Movie,"LeapFrog: Sing-along, Read-along",4/15/2020,2011,TV-Y,32,min
s7280,TV Show,Learning Time with Timmy,5/15/2020,2018,TV-Y,1,Season
s7281,Movie,Lechmi,8/1/2018,2017,TV-MA,147,min
s7282,Movie,Left Behind,12/26/2018,2014,PG-13,110,min
s7283,Movie,Legend of the Guardians: The Owls of Ga'Hoole,1/1/2020,2010,PG,97,min
s7284,Movie,Legend of the Naga Pearls,3/30/2018,2017,TV-MA,108,min
s7285,Movie,Legendary Weapons of China,8/16/2018,1982,TV-14,101,min
s7286,TV Show,Legends of Strength,1/18/2019,2017,TV-PG,1,Season
s7287,Movie,Legion,11/1/2019,2010,R,100,min
s7288,TV Show,Lego Friends,1-Feb-19,2017,TV-G,3,Seasons
s7289,TV Show,Lego Friends: Girls on a Mission,2/1/2019,2018,TV-Y,1,Season
s7290,Movie,LEGO House - Home of the Brick,6/15/2018,2018,TV-G,48,min
s7291,Movie,LEGO Ninjago: Masters of Spinjitzu: Day of the Departed,2/1/2019,2016,TV-Y7-FV,44,min
s7292,TV Show,Leo & Tig,8/20/2018,2017,TV-Y,1,Season
s7293,Movie,Leo the Lion,12/20/2015,2013,TV-Y7-FV,78,min
s7294,Movie,"Les Bleus - Une autre histoire de France, 1996-2016",3/15/2017,2016,TV-MA,103,min
s7295,Movie,Let There Be Light,3/31/2017,1946,TV-PG,58,min
s7296,TV Show,Leyla and Mecnun,4/15/2017,2014,TV-MA,3,Seasons
s7297,Movie,Lez Bomb,2/7/2019,2018,TV-14,90,min
s7298,TV Show,License to Drill: Louisiana,10/2/2019,2014,TV-PG,1,Season
s7299,Movie,Life After Beth,7/21/2018,2014,R,89,min
s7300,Movie,Life in the Doghouse,6/1/2019,2018,TV-PG,83,min
s7301,TV Show,Life on Location,4/22/2015,2009,TV-G,1,Season
s7302,TV Show,Life Story,6/20/2016,2014,TV-14,1,Season
s7303,Movie,Lifechanger,5/28/2019,2018,TV-MA,84,min
s7304,Movie,Lifeline,8/16/2018,1997,TV-14,104,min
s7305,Movie,Like Arrows,5/6/2019,2018,TV-PG,99,min
s7306,Movie,Like Water for Chocolate,11/1/2019,1992,R,105,min
s7307,Movie,Lila & Eve,2/6/2016,2015,R,94,min
s7308,TV Show,Limmy's Show!,1-Oct-19,2012,TV-MA,2,Seasons
s7309,Movie,Lincoln,2/21/2018,2012,PG-13,150,min
s7310,Movie,Lion's Heart,5/9/2019,2013,TV-14,111,min
s7311,Movie,Listen Up! The Lives of Quincy Jones,11/1/2019,1990,TV-14,116,min
s7312,Movie,Little Dragon Maiden,8/1/2018,1983,TV-14,92,min
s7313,TV Show,Little Lunch,2/1/2018,2015,NULL,1,Season
s7314,Movie,Little Lunch: The Halloween Horror Story,3/15/2018,2016,TV-Y7,23,min
s7315,Movie,Little Lunch: The Nightmare Before Graduation,3/15/2018,2016,TV-Y7,25,min
s7316,Movie,Little Men,1/12/2017,2016,PG,85,min
s7317,Movie,Little Nicky,12/1/2020,2000,PG-13,90,min
s7318,Movie,Little Singham aur Kaal ka Mahajaal,12/1/2018,2018,TV-Y7-FV,68,min
s7319,Movie,Little Singham Bandarpur Mein Hu Ha Hu,7/11/2019,2019,TV-Y7,67,min
s7320,Movie,Little Singham in London,4/22/2019,2019,TV-Y7,66,min
s7321,Movie,Little Sister,1/14/2017,2016,NR,91,min
s7322,TV Show,Liv and Maddie,4/23/2017,2017,TV-G,4,Seasons
s7323,Movie,Lizzie Borden Took an Ax,7/25/2016,2014,TV-14,87,min
s7324,Movie,Lo and Behold: Reveries of the Connected World,12/23/2016,2016,PG-13,98,min
s7325,TV Show,Lo que la verdad esconde: El caso Asunta (Operacion Nenúfar),2/1/2019,2017,TV-14,1,Season
s7326,TV Show,Lo que la vida me robó,12/31/2017,2013,TV-14,1,Season
s7327,Movie,"Lock, Stock and Two Smoking Barrels",1/1/2019,1998,R,108,min
s7328,Movie,Locke,7/15/2018,2013,R,85,min
s7329,Movie,Lockout,5/7/2020,2012,PG-13,95,min
s7330,Movie,Loco Love,7/30/2017,2017,TV-MA,103,min
s7331,Movie,Logan's Run,11/1/2019,1976,PG,118,min
s7332,TV Show,LoliRock,1-May-18,2016,TV-Y,2,Seasons
s7333,Movie,Lolita,11/1/2019,1962,R,153,min
s7334,TV Show,London Spy,3/31/2017,2015,TV-MA,1,Season
s7335,Movie,Long Time Running,11/12/2017,2017,TV-14,96,min
s7336,Movie,"Look Out, Officer",8/16/2018,1990,TV-14,88,min
s7337,Movie,Look Who's Back,4/9/2016,2015,NR,116,min
s7338,Movie,Lorai: Play to Live,9/1/2017,2015,TV-14,155,min
s7339,TV Show,Los 10 años de Peter Capusotto,6/29/2018,2015,TV-MA,1,Season
s7340,Movie,Los Niños Héroes de Chapultepec,12/15/2017,2017,TV-14,88,min
s7341,TV Show,Los tiempos de Pablo Escobar,8/1/2018,2012,TV-14,1,Season
s7342,Movie,Losing Sight of Shore,5/1/2017,2017,TV-14,92,min
s7343,TV Show,Lost Girl,17-Apr-16,2015,TV-14,5,Seasons
s7344,TV Show,Love Cuisine,8/1/2016,2015,TV-MA,1,Season
s7345,Movie,Love Dot Com: The Social Experiment,2/17/2020,2019,TV-MA,98,min
s7346,Movie,Love In A Puff,8/1/2018,2010,TV-MA,103,min
s7347,Movie,Love Ni Bhavai,5/1/2018,2017,TV-14,163,min
s7348,Movie,Love on Delivery,8/16/2018,1994,TV-14,93,min
s7349,TV Show,Love Rain,5/1/2018,2012,TV-PG,1,Season
s7350,TV Show,Love Rhythms - Accidental Daddy,6/18/2018,2016,TV-MA,1,Season
s7351,Movie,Love Shot,7/15/2019,2018,TV-MA,77,min
s7352,Movie,Love Station,4/25/2019,2011,TV-14,97,min
s7353,Movie,Love You... Love You Not,1/5/2019,2015,TV-14,115,min
s7354,TV Show,Love Your Garden,7/26/2019,2013,TV-G,1,Season
s7355,Movie,"Love, Rosie",11/20/2019,2014,R,103,min
s7356,Movie,LoveTrue,5/7/2017,2016,TV-MA,82,min
s7357,Movie,Loving Annabelle,7/1/2018,2006,TV-MA,77,min
s7358,Movie,Loving You,8/16/2018,1995,TV-14,79,min
s7359,Movie,Lucha: Playing the Impossible,7/15/2018,2016,TV-PG,98,min
s7360,TV Show,Lucky Days,9/1/2016,2010,TV-PG,1,Season
s7361,Movie,Lucky: No Time for Love,11/15/2017,2005,TV-14,131,min
s7362,Movie,Lupt,4/5/2019,2018,TV-14,110,min
s7363,Movie,Lusers,7/15/2016,2015,TV-MA,100,min
s7364,Movie,Ma Chu Ka,7/1/2018,2017,TV-14,117,min
s7365,Movie,Maacher Jhol,1/1/2018,2017,TV-PG,107,min
s7366,Movie,Mac & Devin Go to High School,4/20/2016,2012,R,76,min
s7367,Movie,Macchli Jal Ki Rani Hai,10/15/2017,2014,TV-MA,118,min
s7368,Movie,Mad Max,8/1/2020,1979,R,93,min
s7369,TV Show,Mad Men,22-Mar-15,2014,TV-14,7,Seasons
s7370,Movie,Mad Money,11/1/2019,2008,PG-13,99,min
s7371,Movie,Mad Ron's Prevues from Hell,11/1/2010,1987,NR,84,min
s7372,Movie,Mad World,9/20/2018,2016,TV-MA,102,min
s7373,Movie,Madaari,2/17/2017,2016,TV-14,134,min
s7374,Movie,Maddman: The Steve Madden Story,1/1/2018,2017,TV-MA,78,min
s7375,Movie,Madre,8/26/2017,2016,TV-MA,95,min
s7376,TV Show,Maggie & Bianca: Fashion Friends,3/31/2019,2017,TV-Y7,1,Season
s7377,TV Show,Magi: Adventure of Sinbad,7/14/2016,2016,TV-14,1,Season
s7378,Movie,Magic Snowflake,12/20/2015,2013,TV-Y,73,min
s7379,Movie,Magnetic,6/12/2020,2018,TV-14,110,min
s7380,Movie,Magnus,2/22/2017,2016,TV-PG,75,min
s7381,Movie,Mahabharat,8/1/2018,2013,TV-14,119,min
s7382,TV Show,Maharakshak Devi,4/15/2017,2015,TV-14,1,Season
s7383,TV Show,Maharakshak: Aryan,4/1/2017,2014,TV-14,1,Season
s7384,TV Show,Mahi Way,3/1/2018,2010,TV-14,1,Season
s7385,Movie,Mahjong Heroes,8/16/2018,1981,TV-PG,92,min
s7386,TV Show,Mahmut & Meryem,12/26/2016,2013,TV-14,1,Season
s7387,Movie,Maine Pyaar Kyun Kiya,12/31/2019,2005,TV-14,137,min
s7388,Movie,Maine Pyar Kiya,1/1/2018,1989,TV-PG,192,min
s7389,Movie,Mala Kahich Problem Nahi,11/15/2018,2017,TV-PG,132,min
s7390,Movie,Malicious,2/1/2019,2018,TV-MA,91,min
s7391,Movie,Man of Tai Chi,7/26/2018,2013,R,105,min
s7392,Movie,Man Up,9/4/2018,2015,R,88,min
s7393,TV Show,Man vs Wild with Sunny Leone,12/1/2018,2018,TV-PG,1,Season
s7394,Movie,Mandi,1/1/2020,1983,TV-MA,155,min
s7395,Movie,Mandobasar Galpo,4/1/2018,2017,TV-14,103,min
s7396,Movie,Manglehorn,4/16/2017,2014,PG-13,97,min
s7397,Movie,Mango Dreams,3/15/2018,2016,TV-14,92,min
s7398,Movie,Manhattan Romance,9/8/2017,2014,TV-14,98,min
s7399,Movie,Manolo: The Boy Who Made Shoes for Lizards,1/15/2018,2017,TV-MA,89,min
s7400,Movie,Mansfield Park,1/1/2020,1999,PG-13,112,min
s7401,Movie,Mantostaan,12/15/2017,2017,TV-MA,75,min
s7402,Movie,Mantra,12/15/2017,2017,TV-14,89,min
s7403,Movie,Mara,1/5/2019,2017,TV-MA,99,min
s7404,Movie,Marauders,12/1/2020,2016,R,107,min
s7405,TV Show,Marching Orders,8/3/2018,2018,TV-14,1,Season
s7406,Movie,Mark Gatiss: A Study in Sherlock,5/1/2016,2016,TV-14,29,min
s7407,TV Show,Maron,NULL,2016,TV-MA,4,Seasons
s7408,Movie,Maroon,2/1/2017,2016,TV-MA,94,min
s7409,TV Show,Married at First Sight,4/13/2020,2019,TV-14,1,Season
s7410,TV Show,Mars,1-Nov-19,2018,TV-PG,2,Seasons
s7411,Movie,Martial Arts of Shaolin,8/16/2018,1986,R,90,min
s7412,Movie,Martin Lawrence Live: Runteldat,12/1/2019,2002,R,104,min
s7413,Movie,Martin Luther: The Idea that Changed the World,1/1/2018,2017,TV-PG,55,min
s7414,Movie,Martyrs of Marriage,3/15/2018,2016,TV-14,83,min
s7415,Movie,Marvel & ESPN Films Present: 1 of 1: Genesis,3/15/2015,2014,TV-PG,77,min
s7416,Movie,Marvel's Iron Man & Hulk: Heroes United,2/16/2014,2013,PG,72,min
s7417,Movie,Mary and the Witch's Flower,7/17/2018,2017,PG,103,min
s7418,Movie,Mary Poppins Returns,7/9/2019,2018,PG,131,min
s7419,TV Show,Mary Portas: Secret Shopper,7/26/2019,2016,TV-14,1,Season
s7420,Movie,Masoom,12/31/2019,1983,TV-14,138,min
s7421,Movie,Master,2/1/2018,2016,NR,143,min
s7422,Movie,Mater,8/1/2018,2017,TV-MA,80,min
s7423,Movie,Matichya Chuli,2/15/2018,2006,TV-14,132,min
s7424,Movie,Max Rose,1/15/2017,2013,TV-14,84,min
s7425,Movie,May We Chat,8/26/2018,2014,TV-MA,99,min
s7426,Movie,May You Prosper,7/20/2019,2017,TV-14,93,min
s7427,Movie,Maya Angelou: And Still I Rise,5/1/2017,2016,TV-PG,114,min
s7428,Movie,Maynard,9/2/2018,2017,TV-PG,100,min
s7429,Movie,Maza Pati Karodpati,1/1/2018,1988,TV-PG,132,min
s7430,Movie,Me and the Alien,2/14/2017,2016,TV-MA,83,min
s7431,Movie,Mean Dreams,7/1/2019,2016,R,105,min
s7432,Movie,Mean Streets,7/1/2019,1973,R,112,min
s7433,Movie,Meditation Park,3/9/2018,2017,TV-PG,94,min
s7434,Movie,Medium,10/1/2019,1985,TV-MA,90,min
s7435,Movie,Meet the Trumps: From Immigrant to President,10/25/2017,2017,TV-14,48,min
s7436,TV Show,Mega Food,7/12/2019,2013,TV-G,1,Season
s7437,TV Show,MegaTruckers,7/12/2019,2012,TV-PG,1,Season
s7438,Movie,Melle,8/1/2018,2017,TV-PG,110,min
s7439,TV Show,Melodies of Life - Born This Way,6/21/2019,2016,TV-14,1,Season
s7440,Movie,Melvin Goes to Dinner,7/1/2018,2003,R,84,min
s7441,Movie,Memoir of a Murderer,2/19/2018,2017,TV-MA,118,min
s7442,Movie,Memory Games,6/19/2019,2018,TV-14,86,min
s7443,Movie,Men in Black,10/19/2019,1997,PG-13,98,min
s7444,Movie,Men in Black II,10/1/2019,2002,PG-13,88,min
s7445,Movie,Menorca,8/27/2017,2016,TV-MA,81,min
s7446,Movie,Merantau,2/13/2019,2009,R,112,min
s7447,TV Show,Mere Papa Hero Hiralal,5/1/2018,2018,TV-14,1,Season
s7448,TV Show,Merlí,12/1/2016,2015,TV-MA,1,Season
s7449,Movie,Merry Men: The Real Yoruba Demons,9/21/2019,2018,TV-MA,106,min
s7450,TV Show,Mexico Diseña,2/1/2017,2016,TV-PG,1,Season
s7451,Movie,Mi Shivajiraje Bhosale Boltoy,1/1/2018,2009,TV-14,148,min
s7452,Movie,MI-5,8/1/2019,2015,R,105,min
s7453,Movie,Middle School: The Worst Years of My Life,3/3/2019,2016,PG,92,min
s7454,TV Show,Midnight Misadventures With Mallika Dua,4/1/2019,2018,TV-14,1,Season
s7455,Movie,Midnight Special,9/7/2020,2016,PG-13,112,min
s7456,TV Show,Mighty Morphin Alien Rangers,1/1/2016,1996,TV-Y7,1,Season
s7457,Movie,Milk,2/16/2017,2008,R,128,min
s7458,TV Show,Mini Wolf,16-Sep-18,2014,TV-G,2,Seasons
s7459,Movie,Minnaminugu the FireFly,8/1/2018,2017,TV-14,128,min
s7460,TV Show,Minute to Win It,12/15/2018,2013,TV-PG,1,Season
s7461,Movie,Miracle,6/1/2018,2004,PG,136,min
s7462,Movie,Mirror Mirror,4/24/2020,2012,PG,106,min
s7463,Movie,Mirzya,2/20/2017,2016,TV-MA,129,min
s7464,TV Show,Miss Dynamite,5/5/2018,2015,TV-14,1,Season
s7465,Movie,Miss Hokusai,10/1/2017,2015,PG-13,90,min
s7466,Movie,Miss Julie,9/2/2015,2014,PG-13,130,min
s7467,Movie,Miss Me This Christmas,12/19/2017,2017,TV-14,85,min
s7468,Movie,Miss Representation,10/20/2017,2011,NR,90,min
s7469,TV Show,Miss Rose,8/1/2016,2015,TV-MA,1,Season
s7470,Movie,Miss Sharon Jones!,1/7/2017,2015,TV-MA,94,min
s7471,Movie,Miss Stevens,12/19/2016,2016,NR,86,min
s7472,Movie,Mission Control: The Unsung Heroes of Apollo,8/13/2017,2017,TV-14,100,min
s7473,Movie,Mission of Honor,7/29/2019,2018,TV-MA,107,min
s7474,Movie,Mission: Destroy Love,8/7/2017,2014,TV-PG,93,min
s7475,Movie,Mississippi Grind,7/26/2018,2015,R,109,min
s7476,Movie,Moh Maya Money,5/1/2017,2016,TV-MA,109,min
s7477,Movie,Mohawk,6/30/2018,2017,TV-MA,92,min
s7478,Movie,Mojave,7/26/2018,2015,R,93,min
s7479,Movie,Mokalik (Mechanic),9/1/2019,2019,TV-14,100,min
s7480,Movie,Molly's Game,4/1/2020,2017,R,141,min
s7481,TV Show,Momo Salon,7/1/2017,2014,TV-14,1,Season
s7482,Movie,Mona Lisa Smile,1/1/2019,2003,PG-13,119,min
s7483,Movie,Money,10/15/2017,2016,R,84,min
s7484,TV Show,Money for Nothing,7/12/2019,2015,TV-PG,1,Season
s7485,Movie,Money Talks,11/1/2019,1997,R,96,min
s7486,TV Show,Monkey Planet,3/31/2017,2014,TV-PG,1,Season
s7487,Movie,Monkey Up,3/19/2016,2016,PG,83,min
s7488,Movie,Monopoly (The Bank Of Luck),6/15/2019,2017,TV-MA,117,min
s7489,Movie,Monster Family,4/4/2018,2017,PG,93,min
s7490,Movie,Monster High 13 Wishes,3/1/2018,2013,TV-Y7,73,min
s7491,Movie,"Monster High: Boo York, Boo York",9/29/2015,2015,TV-Y7,72,min
s7492,Movie,Monster High: Escape from Skull Shores,1/1/2018,2012,TV-Y7,46,min
s7493,Movie,Monster High: Freaky Fusion,1/30/2018,2014,TV-Y7,74,min
s7494,Movie,Monster High: Friday Night Frights,1/1/2018,2013,TV-Y7,46,min
s7495,Movie,Monster High: Fright On!,1/1/2018,2011,TV-Y7,46,min
s7496,Movie,"Monster High: Frights, Camera, Action!",1/1/2018,2014,TV-Y7,74,min
s7497,Movie,Monster High: Ghouls Rule,3/1/2018,2012,TV-Y7,71,min
s7498,Movie,Monster High: Great Scarrier Reef,10/1/2017,2016,TV-Y7,72,min
s7499,Movie,Monster High: Haunted,3/24/2018,2015,TV-Y7,76,min
s7500,Movie,Monster High: New Ghoul at School,10/1/2017,2010,TV-Y7,23,min
s7501,Movie,"Monster High: Scaris, City of Frights",7/7/2015,2013,TV-G,60,min
s7502,Movie,Monster High: Why Do Ghouls Fall in Love?,1/1/2018,2013,TV-Y7,46,min
s7503,TV Show,Monster Math Squad,5/15/2020,2012,TV-Y,2,Seasons
s7504,Movie,Monster-in-Law,1/1/2020,2005,PG-13,101,min
s7505,TV Show,Monty Don's French Gardens,7/26/2019,2013,TV-G,1,Season
s7506,TV Show,Monty Don's Italian Gardens,7/26/2019,2011,TV-G,1,Season
s7507,Movie,Moon,1/1/2020,2009,R,97,min
s7508,Movie,Moonlight,5/21/2019,2016,R,111,min
s7509,Movie,Moonwalkers,9/8/2017,2015,R,96,min
s7510,Movie,Moor,11/1/2017,2015,TV-14,135,min
s7511,Movie,Morris from America,11/1/2018,2016,R,91,min
s7512,Movie,Mortified Nation,2/1/2018,2013,TV-MA,84,min
s7513,Movie,Morya,2/15/2018,2011,TV-14,121,min
s7514,Movie,Motu Patlu: King of Kings,7/6/2017,2016,TV-Y7-FV,109,min
s7515,Movie,Mountain,10/1/2018,2017,PG,74,min
s7516,Movie,Movie 43,4/9/2019,2013,R,94,min
s7517,Movie,Mr. Church,12/22/2018,2016,PG-13,105,min
s7518,Movie,Mr. Deeds,8/1/2020,2002,PG-13,97,min
s7519,Movie,Mr. Gaga: A True Story of Love and Dance,6/15/2017,2015,TV-14,102,min
s7520,Movie,Mr. Virgin,8/16/2018,1984,TV-14,86,min
s7521,Movie,Mr. Woodcock,9/1/2019,2007,PG-13,88,min
s7522,TV Show,Mr. Young,16-Apr-19,2013,TV-G,2,Seasons
s7523,Movie,Ms. Mammy,6/6/2019,2012,TV-14,90,min
s7524,Movie,Mud,1/1/2021,2012,PG-13,131,min
s7525,Movie,Mujhse Shaadi Karogi,12/31/2019,2004,TV-PG,158,min
s7526,Movie,Mune: Guardian of the Moon,1/26/2018,2014,PG,85,min
s7527,Movie,Muppets Most Wanted,9/1/2020,2014,PG,110,min
s7528,Movie,Murder Party,9/1/2018,2007,NR,79,min
s7529,TV Show,Murderous Affairs,4/17/2018,2017,TV-MA,3,Seasons
s7530,TV Show,Mutant Busters,1-Jun-17,2017,TV-PG,2,Seasons
s7531,Movie,Mutiny on the Bounty,11/1/2019,1962,TV-PG,185,min
s7532,Movie,My Babysitter's a Vampire: The Movie,10/17/2018,2010,TV-PG,80,min
s7533,Movie,My Brother ... Nikhil,10/30/2018,2005,TV-PG,116,min
s7534,Movie,My Daddy is in Heaven,6/12/2018,2017,TV-14,95,min
s7535,Movie,My Dog is My Guide,4/18/2019,2013,TV-14,99,min
s7536,Movie,My Entire High School Sinking Into the Sea,1/23/2018,2016,PG-13,77,min
s7537,Movie,My Ex-Ex,8/15/2017,2015,TV-MA,91,min
s7538,Movie,My Honor Was Loyalty,3/1/2017,2015,NULL,115,min
s7539,TV Show,My Hotter Half,7/22/2019,2017,TV-PG,1,Season
s7540,Movie,My Life as a Zucchini,10/1/2017,2016,PG-13,68,min
s7541,TV Show,My Life My Story,11/1/2017,2017,TV-14,1,Season
s7542,Movie,My Little Pony Equestria Girls: Friendship Games,12/1/2015,2015,TV-Y,72,min
s7543,Movie,My Little Pony Equestria Girls: Rainbow Rocks,12/17/2014,2014,TV-Y,73,min
s7544,Movie,My Only Mother,3/4/2019,2013,TV-14,104,min
s7545,Movie,"My Schoolmate, the Barbarian",8/16/2018,2001,TV-14,90,min
s7546,Movie,My Scientology Movie,7/13/2017,2015,TV-MA,99,min
s7547,Movie,My Sister's Keeper,9/1/2019,2009,PG-13,109,min
s7548,TV Show,My Tattoo Addiction,2/1/2019,2013,TV-MA,1,Season
s7549,Movie,My True Friend,7/25/2018,2012,TV-MA,108,min
s7550,Movie,My Week with Marilyn,5/30/2019,2011,R,99,min
s7551,Movie,My Wife and My Wifey,4/18/2019,2014,TV-14,99,min
s7552,TV Show,Mystery Science Theater 3000,3/15/2018,1999,TV-14,1,Season
s7553,Movie,Mythily Veendum Varunnu,8/1/2018,2017,TV-PG,88,min
s7554,Movie,Nacho Libre,11/1/2019,2006,PG,92,min
s7555,Movie,Naga The Eternal Yogi,2/5/2017,2016,TV-PG,73,min
s7556,Movie,Nails,3/10/2018,2017,TV-MA,85,min
s7557,Movie,Naledi: A Baby Elephant's Tale,5/28/2020,2016,TV-PG,91,min
s7558,Movie,Namak Halaal,12/31/2019,1982,TV-14,171,min
s7559,Movie,Namour,3/15/2017,2016,NR,80,min
s7560,Movie,Naruto Shippuden : Blood Prison,9/1/2017,2011,TV-14,102,min
s7561,Movie,Natalia Valdebenito: Gritona,11/10/2017,2017,TV-MA,76,min
s7562,Movie,National Bird,5/8/2017,2016,TV-MA,92,min
s7563,Movie,National Lampoon's Loaded Weapon 1,11/1/2019,1993,PG-13,82,min
s7564,Movie,National Parks Adventure,2/1/2018,2016,TV-G,42,min
s7565,Movie,National Treasure,6/1/2018,2004,PG,131,min
s7566,Movie,Natsamrat - Asa Nat Hone Nahi,6/1/2018,2016,TV-14,165,min
s7567,Movie,Natural Born Pranksters,9/15/2016,2016,R,91,min
s7568,Movie,Natural Selection,12/1/2016,2015,R,101,min
s7569,TV Show,Nature: Animals With Cameras,10/1/2018,2018,TV-PG,1,Season
s7570,TV Show,NATURE: Natural Born Hustlers,3/1/2017,2016,TV-G,1,Season
s7571,Movie,Nature: Raising the Dinosaur Giant,3/1/2017,2016,TV-G,53,min
s7572,TV Show,Nature's Great Events (2009),10/10/2015,2009,TV-PG,1,Season
s7573,TV Show,Nature's Great Events: Diaries,4/22/2015,2009,TV-PG,1,Season
s7574,TV Show,Nature's Great Race,10/1/2017,2016,TV-PG,1,Season
s7575,TV Show,Nature's Weirdest Events,1-Sep-19,2015,TV-PG,3,Seasons
s7576,Movie,Nazi Concentration Camps,3/31/2017,1945,TV-MA,59,min
s7577,TV Show,Nazi Mega Weapons,1-Mar-17,2016,TV-PG,3,Seasons
s7578,Movie,Neruda,6/26/2017,2016,R,108,min
s7579,Movie,Never Heard,2/15/2019,2018,TV-PG,89,min
s7580,Movie,New York Minute,1/1/2020,2004,PG,91,min
s7581,Movie,Newtown,4/7/2017,2016,NR,84,min
s7582,Movie,Next,7/1/2019,2007,PG-13,96,min
s7583,Movie,Nibunan,5/1/2018,2017,TV-14,124,min
s7584,Movie,Night Comes On,8/27/2020,2018,TV-MA,87,min
s7585,Movie,Night Moves,6/30/2019,2013,R,113,min
s7586,Movie,Nightcrawler,8/10/2020,2014,R,118,min
s7587,TV Show,"Nightmare Tenants, Slum Landlords",12-Jul-19,2016,TV-MA,2,Seasons
s7588,Movie,Nights in Rodanthe,7/1/2019,2008,PG-13,97,min
s7589,TV Show,Ninja Hattori,12/23/2018,1981,TV-Y7,1,Season
s7590,TV Show,Ninja Turtles: The Next Mutation,1/1/2016,1997,TV-G,1,Season
s7591,Movie,No Entry,3/1/2018,2005,TV-PG,161,min
s7592,Movie,No Estoy Loca,5/4/2018,2018,TV-MA,116,min
s7593,Movie,No Reservations,10/1/2019,2007,PG,104,min
s7594,TV Show,Nobel,12/10/2016,2016,R,1,Season
s7595,Movie,Norm of the North: Family Vacation,5/25/2020,2020,TV-Y7,89,min
s7596,Movie,Norm of the North: Keys to the Kingdom,8/21/2020,2019,TV-PG,92,min
s7597,Movie,Norm of the North: King Sized Adventure,9/9/2019,2019,TV-PG,90,min
s7598,TV Show,North & South,3/31/2017,2004,NR,1,Season
s7599,Movie,Not Alone,1/1/2018,2017,TV-14,50,min
s7600,Movie,NOVA: Bird Brain,7/1/2019,2017,TV-G,53,min
s7601,Movie,NOVA: Black Hole Apocalypse,7/1/2019,2018,TV-G,113,min
s7602,Movie,NOVA: Building Chernobyl's MegaTomb,7/1/2019,2017,TV-PG,53,min
s7603,Movie,NOVA: Chinese Chariot Revealed,7/1/2019,2017,TV-PG,54,min
s7604,Movie,NOVA: Day the Dinosaurs Died,7/1/2019,2017,TV-PG,53,min
s7605,Movie,NOVA: Death Dive to Saturn,7/1/2019,2017,TV-G,54,min
s7606,Movie,NOVA: Decoding the Weather Machine,7/1/2019,2018,TV-14,113,min
s7607,Movie,NOVA: Eclipse Over America,7/1/2019,2017,TV-G,53,min
s7608,Movie,NOVA: Extreme Animal Weapons,7/1/2019,2017,TV-PG,53,min
s7609,Movie,NOVA: First Face of America,7/1/2019,2018,TV-PG,53,min
s7610,Movie,NOVA: Holocaust Escape Tunnel,7/1/2019,2017,TV-14,54,min
s7611,Movie,NOVA: Killer Floods,7/1/2019,2017,TV-PG,54,min
s7612,Movie,NOVA: Killer Hurricanes,7/1/2019,2017,TV-PG,52,min
s7613,Movie,NOVA: Killer Volcanoes,7/1/2019,2017,TV-PG,54,min
s7614,Movie,NOVA: Poisoned Water,7/1/2019,2017,TV-PG,54,min
s7615,Movie,NOVA: Prediction by the Numbers,7/1/2019,2018,TV-G,53,min
s7616,Movie,NOVA: Secrets of the Shining Knight,7/1/2019,2017,TV-PG,53,min
s7617,Movie,NOVA: Thai Cave Rescue,7/1/2019,2018,TV-PG,53,min
s7618,Movie,NOVA: The Impossible Flight,7/1/2019,2018,TV-PG,113,min
s7619,Movie,Nova: Ultimate Mars Challenge,7/1/2019,2012,TV-G,53,min
s7620,Movie,November Criminals,7/3/2020,2017,PG-13,86,min
s7621,Movie,Now and Then,8/2/2019,1995,PG-13,102,min
s7622,Movie,Now More Than Ever: The History of Chicago,1/1/2018,2016,TV-MA,114,min
s7623,Movie,Nowhere Boy,4/14/2018,2009,R,99,min
s7624,TV Show,NSU German History X,7/7/2016,2016,TV-MA,1,Season
s7625,TV Show,Nuestra Lucha Libre,8/15/2018,2018,TV-MA,1,Season
s7626,Movie,Numbered,12/31/2017,2012,TV-PG,55,min
s7627,Movie,Numero Zero. The Roots of Italian Rap,4/15/2018,2015,TV-MA,91,min
s7628,TV Show,Nura: Rise of the Yokai Clan: Demon Capital,12/1/2016,2011,TV-MA,1,Season
s7629,TV Show,Nurse Jackie,31-Dec-15,2015,TV-MA,7,Seasons
s7630,TV Show,Nurses Who Kill,8/1/2017,2016,TV-14,1,Season
s7631,Movie,Nymphomaniac: Volume 1,1/1/2018,2013,NR,117,min
s7632,Movie,Nymphomaniac: Volume II,8/25/2018,2013,TV-MA,124,min
s7633,TV Show,"O-Negative, Love Can’t Be Designed",4/13/2018,2016,TV-MA,1,Season
s7634,Movie,Oasis: Supersonic,12/28/2018,2016,R,122,min
s7635,Movie,Obvious Child,7/19/2018,2014,R,84,min
s7636,Movie,Océans,9/19/2019,2009,G,84,min
s7637,Movie,Occupation,1/3/2019,2018,R,120,min
s7638,Movie,Ocean's Eleven,11/1/2019,1960,TV-PG,127,min
s7639,Movie,Ocean's Thirteen,10/1/2019,2007,PG-13,122,min
s7640,Movie,Ocean's Twelve,10/1/2019,2004,PG-13,125,min
s7641,TV Show,OCTB,2/5/2018,2017,TV-14,1,Season
s7642,Movie,Off Course,9/1/2016,2015,TV-MA,107,min
s7643,Movie,Officer Downe,3/30/2017,2016,R,91,min
s7644,Movie,Oh My Ghost 2,7/25/2018,2011,TV-MA,103,min
s7645,Movie,Oh My Ghost 3,8/16/2018,2012,TV-MA,103,min
s7646,Movie,Oh My Ghost 4,7/25/2018,2015,TV-MA,106,min
s7647,TV Show,Oh No! It's an Alien Invasion,31-May-15,2014,TV-Y7-FV,2,Seasons
s7648,Movie,Oklahoma City,4/19/2017,2017,TV-14,102,min
s7649,TV Show,Oliver Stone's Untold History of the United States,11/15/2016,2013,TV-PG,1,Season
s7650,TV Show,Ollie & Moon,3/28/2018,2018,TV-Y,1,Season
s7651,Movie,Omar and Salma 3,4/25/2019,2012,TV-MA,97,min
s7652,Movie,On the Wrong Track,8/2/2018,1983,TV-14,89,min
s7653,Movie,On Yoga The Architecture of Peace,1/10/2018,2017,TV-14,92,min
s7654,Movie,Onaatah,5/1/2018,2016,TV-14,107,min
s7655,Movie,Once In A Lifetime Sessions with Moby,8/1/2018,2018,TV-14,86,min
s7656,Movie,Once In A Lifetime Sessions with Nile Rodgers,8/1/2018,2018,TV-PG,70,min
s7657,Movie,Once In A Lifetime Sessions with Noel Gallagher,8/1/2018,2018,TV-MA,66,min
s7658,Movie,Once In A Lifetime Sessions with TLC,8/1/2018,2018,TV-PG,72,min
s7659,Movie,Once Upon a Time in London,4/15/2020,2019,TV-MA,111,min
s7660,Movie,Once Upon a Time in the West,11/20/2019,1968,PG-13,166,min
s7661,Movie,One Day,9/5/2018,2016,TV-PG,135,min
s7662,Movie,One Direction: This Is Us,10/1/2019,2013,PG,92,min
s7663,Movie,One Heart: The A.R. Rahman Concert Film,11/1/2017,2017,TV-G,87,min
s7664,Movie,One Last Thing,8/25/2019,2018,TV-MA,92,min
s7665,Movie,One More Shot,1/15/2018,2017,TV-MA,89,min
s7666,Movie,One Night Stand,10/15/2017,2016,TV-MA,93,min
s7667,TV Show,One Strange Rock,2/2/2019,2018,TV-PG,1,Season
s7668,Movie,Only God Forgives,5/15/2018,2013,R,90,min
s7669,Movie,Only the Dead,11/15/2018,2015,TV-MA,76,min
s7670,Movie,Open Season,9/1/2019,2006,PG,86,min
s7671,Movie,Operation Chromite,1/15/2018,2016,NR,111,min
s7672,TV Show,Operation Gold Rush,2/1/2019,2016,TV-14,1,Season
s7673,Movie,Operation Mekong,8/5/2017,2016,TV-MA,124,min
s7674,Movie,Operation Odessa,4/1/2020,2018,TV-MA,93,min
s7675,TV Show,Operation Ouch!,8/1/2020,2012,TV-PG,1,Season
s7676,TV Show,Operation Proposal,7/1/2016,2012,TV-PG,1,Season
s7677,Movie,Operation Red Sea,11/27/2018,2018,TV-MA,139,min
s7678,Movie,Operator,2/16/2017,2016,TV-MA,91,min
s7679,Movie,Opium and the Kung Fu Master,8/16/2018,1984,TV-MA,86,min
s7680,TV Show,Origins Collection,20-Jul-18,2018,TV-PG,3,Seasons
s7681,Movie,Oru Vishsheshapetta Biryani Kissa,8/1/2018,2017,TV-14,122,min
s7682,Movie,OtherLife,10/15/2017,2017,TV-MA,96,min
s7683,Movie,Ottaal,3/15/2017,2014,TV-PG,88,min
s7684,Movie,Our Godfather,9/10/2019,2019,TV-MA,93,min
s7685,Movie,Our House,6/1/2020,2018,PG-13,90,min
s7686,Movie,Our Shining Days,7/1/2018,2017,TV-PG,103,min
s7687,Movie,Outlawed,2/15/2019,2018,TV-MA,102,min
s7688,Movie,P,5/31/2019,2006,TV-MA,105,min
s7689,Movie,P Se PM Tak,8/1/2018,2015,TV-14,117,min
s7690,TV Show,P. King Duckling,11/7/2017,2016,TV-Y,1,Season
s7691,Movie,P.S. I Love You,4/1/2019,2007,PG-13,126,min
s7692,Movie,Paathi,7/1/2018,2017,TV-14,89,min
s7693,Movie,Pablo Escobar: Angel or Demon?,3/23/2018,2007,NR,82,min
s7694,TV Show,Pacific Heat,12/2/2016,2016,TV-14,1,Season
s7695,Movie,Pahuyut Fighting Beat,7/26/2018,2007,TV-MA,82,min
s7696,Movie,Paid in Full,11/1/2019,2002,R,98,min
s7697,Movie,Paint It Black,2/1/2018,2016,R,96,min
s7698,Movie,Painted Faces,8/16/2018,1988,TV-PG,108,min
s7699,TV Show,Pajanimals,3/31/2020,2011,TV-Y,1,Season
s7700,Movie,Palio,6/30/2016,2015,TV-14,91,min
s7701,Movie,Palm Trees in the Snow,5/1/2016,2015,TV-MA,163,min
s7702,Movie,Panic Room,8/1/2019,2002,R,112,min
s7703,Movie,Papa the Great,12/8/2017,2000,TV-PG,137,min
s7704,Movie,Paper Year,4/20/2019,2018,TV-MA,89,min
s7705,Movie,Paranormal Activity,1/1/2020,2007,R,86,min
s7706,TV Show,Paranormal Survivor,4-Aug-17,2016,TV-14,2,Seasons
s7707,Movie,Pardes,3/1/2018,1997,TV-14,187,min
s7708,Movie,Pareeth Pandaari,7/1/2018,2017,TV-PG,109,min
s7709,Movie,Paris Is Burning,2/1/2017,1990,R,77,min
s7710,TV Show,Parks and Recreation,13-Jan-16,2015,TV-14,7,Seasons
s7711,TV Show,Pasión de Gavilanes,5/4/2017,2003,TV-14,1,Season
s7712,Movie,Passenger 57,1/1/2021,1992,R,84,min
s7713,Movie,Patiala House,10/22/2017,2011,TV-PG,140,min
s7714,Movie,Patient Seventeen,1/29/2018,2017,TV-14,68,min
s7715,Movie,Patriot Games,1/1/2020,1992,R,117,min
s7716,Movie,Patron Mutlu Son Istiyor,3/10/2017,2014,TV-MA,105,min
s7717,Movie,Paul Blart: Mall Cop,11/1/2020,2009,PG,91,min
s7718,Movie,Paulettante Veedu,7/1/2018,2016,TV-14,104,min
s7719,TV Show,Pawn Stars,9/15/2019,2010,TV-14,1,Season
s7720,Movie,Paying Guests,7/1/2018,2009,TV-14,114,min
s7721,Movie,Pee Mak,9/1/2018,2013,TV-MA,112,min
s7722,TV Show,Pee-wee's Playhouse,18-Dec-14,1990,TV-PG,5,Seasons
s7723,Movie,Pee-wee's Playhouse: Christmas Special,12/18/2014,1988,TV-PG,48,min
s7724,Movie,Pekak,8/25/2017,2016,TV-MA,95,min
s7725,Movie,Penelope,4/1/2019,2006,PG,89,min
s7726,TV Show,Penny Dreadful,9/17/2016,2016,TV-MA,3,Seasons
s7727,Movie,People You May Know,2/28/2017,2016,TV-MA,108,min
s7728,Movie,Perfect Bid: The Contestant Who Knew Too Much,4/30/2019,2017,TV-MA,72,min
s7729,Movie,Perfect Stranger,1/1/2019,2007,R,109,min
s7730,TV Show,Person of Interest,22-Sep-16,2016,TV-14,5,Seasons
s7731,Movie,Personal Shopper,2/1/2019,2016,R,105,min
s7732,Movie,Peter and the Farm,3/9/2017,2016,TV-MA,92,min
s7733,Movie,Peter Rabbit,8/18/2018,2018,PG,95,min
s7734,Movie,Phamous,12/31/2019,2018,TV-MA,108,min
s7735,Movie,Phantom Boy,10/1/2017,2015,PG,85,min
s7736,Movie,Philadelphia,7/1/2019,1993,PG-13,126,min
s7737,Movie,Phir Se,1/15/2018,2015,TV-14,118,min
s7738,Movie,Phobia 2,9/5/2018,2009,TV-MA,125,min
s7739,Movie,Phone Swap,9/1/2019,2012,TV-14,112,min
s7740,Movie,Phullu,12/31/2019,2017,TV-14,96,min
s7741,Movie,Pick of the Litter,8/2/2020,2018,TV-PG,81,min
s7742,Movie,Pierre Jackson,6/29/2019,2018,TV-MA,81,min
s7743,Movie,Pimpal,11/15/2018,2017,TV-PG,92,min
s7744,TV Show,Pioneers of African-American Cinema,2/1/2017,1946,TV-14,1,Season
s7745,Movie,Pitaah,3/1/2018,2002,TV-MA,127,min
s7746,Movie,"Pizza, birra, faso",3/15/2018,1998,TV-MA,81,min
s7747,Movie,"Plaire, aimer et courir vite",7/13/2019,2018,TV-MA,133,min
s7748,TV Show,Planet Earth II,12/25/2017,2016,TV-G,1,Season
s7749,TV Show,Planet Earth: The Complete Collection,4/22/2015,2006,TV-PG,1,Season
s7750,Movie,Planet Hulk,6/1/2020,2010,TV-14,81,min
s7751,Movie,Planetarium,1/1/2018,2016,TV-MA,108,min
s7752,Movie,Platoon,11/1/2020,1986,R,120,min
s7753,Movie,Playing for Time,12/1/2017,1980,TV-14,149,min
s7754,Movie,Playing Hard,4/5/2019,2018,TV-MA,92,min
s7755,Movie,Pope Francis: A Man of His Word,1/3/2019,2018,PG,96,min
s7756,Movie,Popeye,11/24/2019,1980,PG,114,min
s7757,TV Show,Portlandia,9/25/2019,2018,TV-14,8,Seasons
s7758,Movie,Porto,4/16/2018,2016,TV-MA,77,min
s7759,Movie,Postcards from London,2/19/2019,2018,TV-MA,90,min
s7760,TV Show,Powder,2/15/2018,2010,TV-14,1,Season
s7761,TV Show,Power Battle Watch Car,6/1/2017,2016,TV-Y7,1,Season
s7762,TV Show,Power Rangers Dino Charge,12/2/2015,2015,TV-Y7,1,Season
s7763,TV Show,Power Rangers Dino Super Charge,10/15/2016,2016,TV-Y7,1,Season
s7764,TV Show,Power Rangers Dino Thunder,1/1/2016,2004,TV-Y7,1,Season
s7765,TV Show,Power Rangers in Space,1/1/2016,1998,TV-Y7,1,Season
s7766,TV Show,Power Rangers Jungle Fury,1/1/2016,2008,TV-Y7,1,Season
s7767,TV Show,Power Rangers Lightspeed Rescue,1/1/2016,2000,TV-Y7,1,Season
s7768,TV Show,Power Rangers Lost Galaxy,1/1/2016,1999,TV-Y7,1,Season
s7769,TV Show,Power Rangers Mystic Force,1/1/2016,2006,TV-Y7,1,Season
s7770,TV Show,Power Rangers Ninja Storm,1/1/2016,2003,TV-Y7,1,Season
s7771,TV Show,Power Rangers Operation Overdrive,1/1/2016,2007,TV-Y7,1,Season
s7772,TV Show,Power Rangers RPM,1/1/2016,2009,TV-Y7,1,Season
s7773,TV Show,Power Rangers S.P.D.,1/1/2016,2005,TV-Y7,1,Season
s7774,TV Show,Power Rangers Samurai,1/1/2016,2011,TV-Y7,1,Season
s7775,Movie,"Power Rangers Samurai: Christmas Together, Friends Forever (Christmas Special)",1/1/2016,2011,TV-Y7,24,min
s7776,Movie,Power Rangers Samurai: Clash of the Red Rangers,1/1/2016,2011,TV-Y7,46,min
s7777,Movie,Power Rangers Samurai: Party Monsters (Halloween Special),1/1/2016,2011,TV-Y7,24,min
s7778,TV Show,Power Rangers Super Megaforce,1/1/2016,2014,TV-Y7,1,Season
s7779,Movie,Power Rangers Super Megaforce: The Legendary Battle (Extended),1/1/2016,2014,TV-Y7,55,min
s7780,TV Show,Power Rangers Super Samurai,1/1/2016,2012,TV-Y7,1,Season
s7781,Movie,Power Rangers Super Samurai: Stuck on Christmas,1/1/2016,2012,TV-Y7,24,min
s7782,Movie,Power Rangers Super Samurai: Trickster Treat,1/1/2016,2012,TV-Y7,23,min
s7783,TV Show,Power Rangers Time Force,1/1/2016,2001,TV-Y7,1,Season
s7784,TV Show,Power Rangers Turbo,1/1/2016,1997,TV-Y7,1,Season
s7785,TV Show,Power Rangers Wild Force,1/1/2016,2002,TV-Y7,1,Season
s7786,TV Show,Power Rangers Zeo,1/1/2016,1996,TV-Y7,1,Season
s7787,TV Show,Power Rangers: Megaforce,1/1/2016,2013,TV-Y7,1,Season
s7788,Movie,Power Rangers: Megaforce: Raising Spirits,1/1/2016,2013,TV-Y7,24,min
s7789,Movie,Power Rangers: Megaforce: The Robo Knight Before Christmas,1/1/2016,2013,TV-Y7,24,min
s7790,Movie,Prague,12/1/2017,2013,TV-MA,106,min
s7791,Movie,Prelude to War,3/31/2017,1942,TV-14,52,min
s7792,Movie,Premachi Goshta,2/15/2018,2013,TV-14,127,min
s7793,Movie,Prescription Thugs,4/15/2016,2015,NR,86,min
s7794,Movie,Primal Fear,12/1/2019,1996,R,131,min
s7795,Movie,Prince Charming,8/31/2018,1984,TV-14,93,min
s7796,TV Show,Prince Jai Aur Dumdaar Viru,10/18/2020,2017,TV-Y,1,Season
s7797,Movie,Princess Cyd,2/5/2018,2017,TV-MA,97,min
s7798,Movie,Professor Mack,8/6/2019,2018,TV-MA,84,min
s7799,TV Show,Prohibition: A Film by Ken Burns and Lynn Novick,2/22/2017,2011,TV-PG,1,Season
s7800,Movie,Prosecuting Evil: The Extraordinary World of Ben Ferencz,6/1/2019,2019,TV-MA,83,min
s7801,TV Show,Psiconautas,4/15/2018,2016,TV-MA,2,Seasons
s7802,Movie,Pukar,3/1/2018,2000,TV-14,165,min
s7803,Movie,Pulp Fiction,1/1/2019,1994,R,154,min
s7804,Movie,Punjab 1984,11/1/2017,2014,TV-14,158,min
s7805,Movie,Pusher,12/27/2017,2012,R,89,min
s7806,Movie,Pyaar Ka Punchnama,5/1/2017,2011,TV-14,149,min
s7807,TV Show,Pyaar Tune Kya Kiya,1-Jun-17,2014,TV-14,3,Seasons
s7808,Movie,Q Ball,3/11/2020,2019,TV-MA,96,min
s7809,TV Show,Qué pena tu serie,11/4/2016,2015,TV-MA,1,Season
s7810,Movie,Quantum of Solace,8/31/2020,2008,PG-13,106,min
s7811,TV Show,Queen of No Marriage,8/1/2016,2009,TV-MA,1,Season
s7812,Movie,Queen of the Desert,4/6/2019,2015,PG-13,128,min
s7813,TV Show,Queens of Comedy,5/1/2018,2017,TV-MA,1,Season
s7814,TV Show,Queens vs. Kings,10/25/2018,2018,TV-14,1,Season
s7815,Movie,R.L. Stine's Mostly Ghostly,8/1/2018,2008,PG,98,min
s7816,TV Show,Rab Se Sohna Isshq,6/1/2017,2012,TV-14,1,Season
s7817,Movie,Race to Witch Mountain,7/1/2019,2009,PG,99,min
s7818,Movie,Rachel Getting Married,9/1/2019,2008,R,113,min
s7819,Movie,Radical: the Controversial Saga of Dada Figueiredo,4/12/2017,2013,TV-MA,71,min
s7820,Movie,Radiopetti,1/1/2017,2015,TV-PG,83,min
s7821,Movie,Raging Bull,10/1/2019,1980,R,129,min
s7822,Movie,Rahasya,3/1/2018,2015,TV-14,117,min
s7823,Movie,Raiders!: The Story of the Greatest Fan Film Ever Made,9/16/2016,2015,NR,93,min
s7824,Movie,Railroad Tigers,8/19/2017,2016,TV-14,124,min
s7825,Movie,Raja Hindustani,5/1/2017,1996,TV-14,177,min
s7826,Movie,Rajnigandha,12/31/2019,1974,TV-PG,104,min
s7827,Movie,Ralph Breaks the Internet: Wreck-It Ralph 2,6/11/2019,2018,PG,113,min
s7828,Movie,Ram Teri Ganga Maili,12/31/2019,1985,TV-14,178,min
s7829,TV Show,Ramayan,4/1/2018,2012,TV-14,1,Season
s7830,Movie,Ramen Shop,7/31/2019,2018,TV-PG,90,min
s7831,Movie,Ramji Londonwaley,12/31/2019,2005,TV-14,154,min
s7832,Movie,Rampant,5/26/2019,2018,TV-MA,122,min
s7833,Movie,Ranbhool,3/15/2018,2010,TV-MA,115,min
s7834,Movie,Rangreza,8/1/2018,2017,TV-14,126,min
s7835,Movie,Rats,12/16/2016,2016,NR,88,min
s7836,TV Show,Razia Sultan,4/1/2017,2015,TV-14,1,Season
s7837,Movie,Reaction,6/20/2019,2011,TV-14,99,min
s7838,Movie,Ready,10/22/2017,2011,TV-PG,144,min
s7839,TV Show,Reality of Dream,7/31/2018,2015,TV-MA,1,Season
s7840,Movie,Rebel Without a Cause,11/1/2019,1955,PG-13,111,min
s7841,TV Show,Rebelde,12/31/2017,2004,TV-14,1,Season
s7842,Movie,Recall,6/25/2019,2018,TV-MA,73,min
s7843,TV Show,Rectify,3/4/2017,2016,TV-MA,4,Seasons
s7844,Movie,Red Christmas,12/11/2017,2016,TV-MA,81,min
s7845,Movie,Red Dawn,12/31/2019,1984,PG-13,114,min
s7846,Movie,Red Oleanders Raktokarobi,9/15/2018,2017,TV-14,112,min
s7847,Movie,Red Trees,3/24/2018,2017,TV-PG,80,min
s7848,TV Show,Red vs. Blue,NULL,2015,NR,13,Seasons
s7849,Movie,Refugee,3/10/2017,2016,TV-PG,24,min
s7850,Movie,Regatta,5/9/2019,2015,TV-MA,100,min
s7851,TV Show,Reggie Yates Outside Man,15-Dec-17,2017,TV-MA,2,Seasons
s7852,Movie,Reincarnated,6/13/2016,2012,R,96,min
s7853,Movie,Rembat,8/21/2017,2015,TV-PG,88,min
s7854,Movie,Remember,7/26/2018,2015,R,95,min
s7855,Movie,Remember Me,8/1/2020,2010,PG-13,112,min
s7856,Movie,Rememory,6/1/2020,2017,PG-13,112,min
s7857,TV Show,Republic of Doyle,5/28/2020,2014,TV-14,6,Seasons
s7858,Movie,Resident Evil: Afterlife,1/1/2020,2010,R,97,min
s7859,Movie,Residente,1/1/2018,2017,TV-MA,97,min
s7860,Movie,Restless Creature: Wendy Whelan,9/26/2017,2016,TV-MA,94,min
s7861,Movie,Return To The 36th Chamber,8/16/2018,1980,R,97,min
s7862,Movie,Revelations,3/1/2017,2016,NR,118,min
s7863,TV Show,Revenge,5/2/2019,2017,TV-MA,1,Season
s7864,Movie,Revenge of the Green Dragons,7/21/2018,2014,R,95,min
s7865,TV Show,Revolting Rhymes,2/1/2018,2017,TV-PG,1,Season
s7866,Movie,Revolutionary Road,11/1/2019,2008,R,120,min
s7867,Movie,Rezeta,12/3/2016,2012,NR,84,min
s7868,TV Show,"Rica, Famosa, Latina",4/26/2019,2016,TV-MA,4,Seasons
s7869,Movie,Righteous Kill,6/1/2019,2008,R,101,min
s7870,Movie,Ringan,5/1/2018,2015,TV-14,103,min
s7871,TV Show,Ripper Street,9/8/2017,2017,TV-MA,5,Seasons
s7872,Movie,Rise of the Zombie,12/15/2017,2013,TV-MA,83,min
s7873,TV Show,Rishta.com,3/15/2018,2010,TV-14,1,Season
s7874,Movie,Rivaaz,11/1/2017,2011,TV-MA,107,min
s7875,Movie,Road to Sangam,12/31/2019,2010,TV-14,136,min
s7876,Movie,Road to Yesterday,7/1/2016,2015,TV-14,96,min
s7877,Movie,Roberto Saviano: Writing Under Police Protection,5/1/2018,2016,TV-14,45,min
s7878,Movie,Robin Hood: The Rebellion,5/1/2019,2018,TV-14,92,min
s7879,TV Show,Robotech,10/1/2016,1985,TV-MA,1,Season
s7880,Movie,Rocky,8/1/2019,1976,PG,120,min
s7881,Movie,Rocky II,8/1/2019,1979,PG,119,min
s7882,Movie,Rocky III,8/1/2019,1982,PG,100,min
s7883,Movie,Rocky IV,8/1/2019,1985,PG,92,min
s7884,Movie,Rocky V,8/1/2019,1990,PG-13,104,min
s7885,Movie,Roger Corman's Death Race 2050,1/17/2017,2017,R,93,min
s7886,Movie,Roh's Beauty,4/19/2019,2014,TV-MA,98,min
s7887,Movie,Roll Red Roll,8/8/2019,2018,TV-MA,80,min
s7888,Movie,Rolling Papers,9/8/2017,2015,TV-MA,79,min
s7889,Movie,Romeo Ranjha,11/1/2017,2014,TV-14,122,min
s7890,Movie,Room,7/19/2018,2015,R,118,min
s7891,Movie,Room for Rent,3/1/2019,2017,TV-MA,89,min
s7892,Movie,Room on the Broom,7/1/2019,2012,TV-Y7,26,min
s7893,TV Show,Roonpi Secret Love,6/21/2019,2016,TV-14,3,Seasons
s7894,Movie,Roots,11/1/2017,2016,TV-PG,62,min
s7895,Movie,Rosemary's Baby,11/1/2019,1968,R,137,min
s7896,Movie,Rounders,11/1/2019,1998,R,121,min
s7897,TV Show,Royal Pains,18-May-17,2016,TV-PG,8,Seasons
s7898,TV Show,Rubi,12/31/2017,2004,TV-PG,1,Season
s7899,Movie,Rukh,4/1/2018,2017,TV-MA,103,min
s7900,Movie,Rumble,9/15/2017,2016,TV-MA,92,min
s7901,Movie,Rumble in the Bronx,11/1/2019,1995,R,89,min
s7902,Movie,Rumor Has It,8/1/2019,2005,PG-13,97,min
s7903,Movie,Run,3/1/2018,2004,TV-14,134,min
s7904,Movie,Runaway Bride,12/1/2020,1999,PG,116,min
s7905,Movie,Running for Grace,6/19/2019,2018,TV-14,110,min
s7906,Movie,Running Out Of Time,8/1/2019,2018,TV-14,88,min
s7907,TV Show,Rurouni Kenshin,1-Jan-20,1998,TV-14,3,Seasons
s7908,Movie,Russell Madness,5/10/2015,2015,PG,93,min
s7909,TV Show,Russell Peters vs. the World,10/14/2013,2013,NR,1,Season
s7910,Movie,Russell Peters: Notorious,10/14/2013,2013,NR,72,min
s7911,Movie,Rustom,1/6/2017,2016,TV-14,141,min
s7912,Movie,S Is for Stanley,6/15/2017,2016,TV-MA,82,min
s7913,Movie,S.W.A.T.,1/1/2021,2003,PG-13,117,min
s7914,Movie,Saath Saath,12/31/2019,1982,TV-14,118,min
s7915,Movie,Sacro GRA,3/21/2017,2013,TV-MA,91,min
s7916,Movie,Sadece Sen,3/10/2017,2014,TV-MA,105,min
s7917,Movie,Sadie's Last Days on Earth,8/22/2017,2016,TV-14,94,min
s7918,Movie,Sadma,12/31/2019,1983,TV-14,137,min
s7919,TV Show,Sadqay Tumhare,12/15/2016,2014,TV-PG,1,Season
s7920,Movie,Saeed Mirza: The Leftist Sufi,5/1/2017,2016,TV-MA,61,min
s7921,Movie,Safety Not Guaranteed,8/13/2020,2012,R,86,min
s7922,Movie,Saheb Bibi Golaam,1/1/2017,2016,TV-MA,118,min
s7923,Movie,Sairat,4/1/2018,2016,TV-14,173,min
s7924,Movie,Sakhi,2/15/2018,2007,TV-PG,152,min
s7925,Movie,Salem: His Sister's Father,6/22/2019,2014,TV-14,99,min
s7926,Movie,Samantaral,9/15/2018,2017,TV-MA,110,min
s7927,Movie,Samarppanam,3/1/2018,2017,TV-PG,116,min
s7928,Movie,Sameer Abu Alneel,6/6/2019,2013,TV-14,107,min
s7929,Movie,Samson,12/14/2018,2018,PG-13,109,min
s7930,Movie,Samudri Lootere,6/18/2019,2018,TV-Y,65,min
s7931,Movie,San Pietro,3/31/2017,1945,TV-14,32,min
s7932,Movie,Sanai Choughade,1/1/2018,2008,TV-14,122,min
s7933,Movie,Sangam,12/31/2019,1964,TV-14,228,min
s7934,Movie,Santa Claws,11/17/2017,2014,TV-PG,86,min
s7935,Movie,Santa's Apprentice,12/20/2015,2010,TV-G,72,min
s7936,Movie,Sarah's Key,9/21/2019,2010,PG-13,102,min
s7937,Movie,Sardaar ji,12/1/2017,2015,TV-14,140,min
s7938,Movie,Sardaarji 2,10/15/2017,2016,TV-PG,145,min
s7939,Movie,Sarivar Sari,2/15/2018,2005,TV-14,126,min
s7940,Movie,Sarvopari Palakkaran,7/1/2018,2017,TV-14,133,min
s7941,Movie,Sat Sri Akal,1/30/2019,2008,TV-14,141,min
s7942,Movie,Satan & Adam,6/1/2019,2018,TV-MA,78,min
s7943,TV Show,Satrangi,4/1/2017,2014,TV-PG,1,Season
s7944,Movie,Satrangi Re,3/15/2018,2012,TV-14,150,min
s7945,Movie,Satte Pe Satta,12/31/2019,1982,TV-14,153,min
s7946,Movie,Saturday Church,10/6/2020,2017,TV-MA,83,min
s7947,Movie,Savage Dog,11/1/2017,2017,TV-MA,95,min
s7948,Movie,Savage Raghda,6/13/2019,2018,TV-MA,93,min
s7949,TV Show,Save Our Shelter,8/18/2018,2015,TV-G,1,Season
s7950,Movie,Saving Mr. Banks,3/2/2019,2013,PG-13,126,min
s7951,Movie,Saving Zoë,1/15/2020,2019,R,95,min
s7952,Movie,Say When,7/19/2018,2014,R,99,min
s7953,Movie,Scales: Mermaids Are Real,1/23/2020,2017,PG,93,min
s7954,TV Show,Scandal,19-May-18,2018,TV-14,7,Seasons
s7955,Movie,Scandal in Sorrento,11/13/2020,1955,TV-PG,93,min
s7956,Movie,Scary Movie,1/1/2020,2000,R,88,min
s7957,Movie,Scary Movie 5,8/12/2020,2013,PG-13,88,min
s7958,Movie,Schindler's List,4/1/2018,1993,R,195,min
s7959,Movie,School Daze,11/1/2020,1988,R,120,min
s7960,Movie,Scooby-Doo on Zombie Island,12/15/2019,1998,TV-PG,77,min
s7961,Movie,Scott Pilgrim vs. the World,9/16/2018,2010,PG-13,112,min
s7962,Movie,Scream 2,10/1/2019,1997,R,121,min
s7963,Movie,Scream 3,7/1/2019,2000,R,117,min
s7964,Movie,Seal Team Six: The Raid on Osama Bin Laden,1/1/2020,2012,TV-MA,90,min
s7965,Movie,Searching for Bobby Fischer,12/7/2020,1993,PG,110,min
s7966,Movie,Searching for Sugar Man,12/1/2019,2012,PG-13,86,min
s7967,Movie,Season of the Witch,4/26/2019,2011,PG-13,95,min
s7968,Movie,Secret,7/1/2018,2007,TV-PG,101,min
s7969,TV Show,Secret Affair,5/22/2017,2014,TV-14,1,Season
s7970,Movie,Secret in Their Eyes,4/1/2018,2015,PG-13,111,min
s7971,Movie,Secrets of Althorp - The Spencers,4/22/2017,2013,TV-PG,54,min
s7972,Movie,Secrets of Chatsworth,2/22/2017,2013,TV-PG,54,min
s7973,Movie,Secrets of Henry VIII's Palace: Hampton Court,2/22/2017,2013,TV-PG,54,min
s7974,Movie,Secrets of Her Majesty's Secret Service,2/22/2017,2014,TV-PG,55,min
s7975,Movie,Secrets of Highclere Castle,2/22/2017,2013,TV-PG,54,min
s7976,Movie,Secrets of Scotland Yard,4/22/2017,2013,TV-14,55,min
s7977,Movie,Secrets of Selfridges,4/22/2017,2014,TV-PG,55,min
s7978,Movie,Secrets of the Tower of London,2/22/2017,2013,TV-PG,55,min
s7979,Movie,Secrets of Underground London,4/22/2017,2014,TV-PG,55,min
s7980,Movie,Secrets of Westminster,4/22/2017,2014,TV-PG,55,min
s7981,Movie,Sen Kimsin?,3/10/2017,2012,TV-14,102,min
s7982,Movie,Senna,10/1/2019,2010,PG-13,106,min
s7983,TV Show,Sensitive Skin,1-Dec-19,2016,TV-MA,1,Season
s7984,Movie,"Septiembre, un llanto en silencio",3/10/2018,2017,TV-MA,69,min
s7985,TV Show,Servant of the People,3/1/2017,2015,TV-14,1,Season
s7986,Movie,Set Up,1/10/2020,2011,R,85,min
s7987,Movie,Sex and the City 2,1/1/2021,2010,R,146,min
s7988,Movie,Sex and the City: The Movie,1/1/2021,2008,R,145,min
s7989,Movie,Sex Doll,7/10/2017,2016,UR,103,min
s7990,Movie,"Sexo, Pudor y Lagrimas",12/15/2017,1999,R,111,min
s7991,Movie,SGT. Will Gardner,5/19/2019,2019,TV-MA,125,min
s7992,TV Show,Shadow of Truth,1/27/2017,2016,TV-MA,1,Season
s7993,Movie,Shahanpan Dega Deva,1/1/2018,2011,TV-14,115,min
s7994,TV Show,Shaka Zulu,1/10/2019,1986,TV-14,1,Season
s7995,Movie,Shakti: The Power,3/1/2018,2002,TV-MA,168,min
s7996,Movie,Shanghai,3/1/2018,2012,TV-14,109,min
s7997,Movie,Shararat,3/1/2018,2002,TV-PG,148,min
s7998,Movie,Shark Busters,8/16/2018,2002,TV-14,92,min
s7999,Movie,Shark Night,11/2/2019,2011,PG-13,91,min
s8000,Movie,Shaurya: It Takes Courage to Make Right... Right,3/1/2018,2008,TV-14,135,min
s8001,Movie,She Did That,2/4/2020,2019,TV-PG,71,min
s8002,Movie,Shelter,12/29/2017,2010,R,112,min
s8003,TV Show,Sherlock,5/15/2017,2017,TV-14,4,Seasons
s8004,Movie,Sherlock Holmes,1/1/2021,2009,PG-13,128,min
s8005,Movie,Shiva,12/31/2019,1990,TV-MA,168,min
s8006,Movie,Shopkins: Chef Club,11/15/2018,2016,TV-Y,45,min
s8007,Movie,Shopkins: Wild,11/15/2018,2018,TV-Y,75,min
s8008,Movie,Shopkins: World Vacation,11/15/2018,2017,TV-Y,71,min
s8009,Movie,Shorgul,10/30/2018,2016,TV-14,122,min
s8010,Movie,Short Term 12,7/18/2019,2013,R,97,min
s8011,Movie,Shorts,7/1/2019,2009,PG,89,min
s8012,Movie,SHOT! The Psycho-Spiritual Mantra of Rock,8/10/2017,2016,TV-MA,98,min
s8013,Movie,Shuddhi,3/1/2018,2017,TV-14,115,min
s8014,Movie,Shutter,9/5/2018,2004,TV-MA,96,min
s8015,Movie,Sicilian Ghost Story,7/6/2019,2017,TV-MA,119,min
s8016,TV Show,Sid the Science Kid,3/31/2020,2008,TV-Y,1,Season
s8017,Movie,Siddhant,10/30/2018,2014,TV-G,105,min
s8018,Movie,Silencer,12/3/2018,2018,TV-MA,88,min
s8019,Movie,Silent Hill: Revelation,12/13/2019,2012,R,94,min
s8020,Movie,Silicon Cowboys,4/1/2017,2016,TV-PG,77,min
s8021,TV Show,Silver Spoon,9/15/2017,2015,TV-MA,2,Seasons
s8022,TV Show,Sin senos no hay paraíso,5/15/2017,2008,TV-14,1,Season
s8023,TV Show,Sin Senos sí Hay Paraíso,11-Jan-19,2018,TV-MA,3,Seasons
s8024,Movie,Singh Saab the Great,7/15/2017,2013,TV-14,143,min
s8025,Movie,Single,9/28/2018,2015,TV-PG,127,min
s8026,Movie,Singularity,6/1/2018,2017,PG-13,92,min
s8027,Movie,Sinister Circle,10/1/2019,2017,TV-MA,87,min
s8028,Movie,Siren,1/1/2020,2016,TV-MA,83,min
s8029,Movie,Sister Code,2/14/2016,2015,R,95,min
s8030,Movie,Skin Trade,12/17/2018,2014,R,96,min
s8031,TV Show,Skin Wars,10/1/2016,2016,TV-14,3,Seasons
s8032,TV Show,Skin Wars: Fresh Paint,12/15/2018,2016,TV-14,1,Season
s8033,Movie,Skiptrace,7/4/2019,2016,PG-13,107,min
s8034,Movie,Sky on Fire,8/5/2017,2016,TV-MA,100,min
s8035,Movie,Skydancers,6/27/2018,2014,TV-G,49,min
s8036,Movie,Skyline,1/16/2019,2010,PG-13,94,min
s8037,Movie,Sleeping with Other People,10/2/2017,2015,R,101,min
s8038,Movie,Sleepover,3/1/2020,2004,PG,89,min
s8039,Movie,Sling Blade,11/1/2019,1996,R,135,min
s8040,Movie,Sliver,1/1/2020,1993,R,107,min
s8041,TV Show,Slobby's World,12/31/2018,2018,TV-MA,1,Season
s8042,Movie,Slow West,7/26/2018,2015,R,84,min
s8043,Movie,Small Soldiers,6/1/2019,1998,PG-13,110,min
s8044,Movie,Smart People,7/12/2019,2008,R,95,min
s8045,Movie,Smash: Motorized Mayhem,5/15/2017,2017,TV-MA,66,min
s8046,Movie,SMOSH: The Movie,9/22/2015,2015,PG-13,83,min
s8047,Movie,Sniper: Special Ops,1/10/2020,2016,R,86,min
s8048,Movie,Socha Na Tha,7/1/2018,2005,TV-14,137,min
s8049,Movie,Social Animals,3/19/2019,2018,TV-MA,87,min
s8050,Movie,Soekarno,1/5/2019,2013,TV-MA,142,min
s8051,Movie,Solo Con Tu Pareja,9/1/2018,1991,NR,94,min
s8052,Movie,Solo: A Star Wars Story,1/9/2019,2018,PG-13,135,min
s8053,Movie,Solo: A Star Wars Story (Spanish Version),1/9/2019,2018,PG-13,135,min
s8054,Movie,Solomon Kane,2/15/2018,2009,R,104,min
s8055,Movie,Some Freaks,12/18/2017,2017,TV-MA,97,min
s8056,Movie,Something's Gotta Give,8/1/2019,2003,PG-13,128,min
s8057,Movie,Son of a Gun,7/19/2018,2014,R,109,min
s8058,Movie,Sons of Ben,12/10/2016,2016,NR,73,min
s8059,TV Show,Sotus The Series,5/25/2019,2016,TV-MA,1,Season
s8060,Movie,Soul Surfer,5/17/2020,2011,PG,106,min
s8061,Movie,Soul to Keep,7/1/2019,2019,TV-MA,94,min
s8062,Movie,Sour Grapes,11/18/2016,2016,NR,85,min
s8063,TV Show,Space Racers,3/31/2020,2014,TV-Y,1,Season
s8064,Movie,Sparkle,11/1/2019,1976,PG,98,min
s8065,TV Show,Spartacus,1-Feb-15,2013,TV-MA,4,Seasons
s8066,Movie,Speech & Debate,7/6/2017,2017,PG-13,96,min
s8067,Movie,Speed Is My Need,1/9/2020,2019,TV-14,75,min
s8068,Movie,Spider-Man 3,11/1/2019,2007,PG-13,139,min
s8069,Movie,Spider-Man: Into the Spider-Verse,6/26/2019,2018,PG,117,min
s8070,Movie,Spitfire: The Plane that Saved the World,11/1/2019,2018,TV-14,95,min
s8071,TV Show,Splash and Bubbles,13-Aug-18,2018,TV-Y,2,Seasons
s8072,Movie,Spotlight,7/22/2020,2015,R,129,min
s8073,Movie,Spring Breakers,1/10/2021,2012,R,94,min
s8074,Movie,Sprinter,4/15/2020,2018,TV-MA,112,min
s8075,Movie,Spy Kids,4/1/2019,2001,PG,88,min
s8076,Movie,Spy Kids 2: The Island of Lost Dreams,3/8/2019,2002,PG,100,min
s8077,Movie,Spy Kids 3: Game Over,4/1/2019,2003,PG,83,min
s8078,Movie,Spy Time,6/1/2016,2015,TV-MA,93,min
s8079,Movie,St. Agatha,8/8/2019,2018,TV-MA,103,min
s8080,Movie,Staged Killer,6/28/2019,2019,TV-14,88,min
s8081,Movie,Standoff,12/11/2018,2015,R,86,min
s8082,Movie,Star Men,2/5/2017,2015,TV-14,88,min
s8083,Movie,Star Wars: Episode VIII: The Last Jedi,6/26/2018,2017,PG-13,152,min
s8084,TV Show,Star-Crossed,4/16/2015,2014,TV-14,1,Season
s8085,Movie,Starred Up,8/29/2019,2013,TV-MA,106,min
s8086,TV Show,Station Horizon,9/1/2016,2015,TV-MA,1,Season
s8087,Movie,Stealing History,7/1/2016,2006,TV-PG,52,min
s8088,Movie,Step Brothers,11/1/2019,2008,R,98,min
s8089,Movie,Step Outside,6/6/2019,2018,TV-14,89,min
s8090,Movie,Stephanie,9/1/2018,2017,R,86,min
s8091,Movie,Sthaniya Sambaad,3/15/2018,2010,TV-14,106,min
s8092,Movie,Still,9/14/2018,2010,TV-MA,100,min
s8093,Movie,Stink!,11/1/2018,2015,TV-PG,91,min
s8094,TV Show,Stoked,12/16/2017,2010,TV-PG,1,Season
s8095,TV Show,Stone Age,7/1/2019,2017,TV-Y7,1,Season
s8096,Movie,Stonehearst Asylum,9/8/2017,2014,PG-13,113,min
s8097,Movie,Stop at Nothing: The Lance Armstrong Story,2/15/2015,2014,NR,100,min
s8098,TV Show,Storage Wars: Northern Treasures,7/22/2019,2015,TV-MA,1,Season
s8099,Movie,Story of an Egg,10/15/2017,2017,TV-PG,132,min
s8100,Movie,Straight Up,6/26/2020,2020,TV-MA,96,min
s8101,Movie,Strange but True,8/30/2020,2019,PG-13,96,min
s8102,Movie,Stranger than Fiction,10/1/2020,2006,PG-13,113,min
s8103,TV Show,Strawberry Shortcake: Berry Bitty Adventures,1/1/2016,2015,TV-Y,1,Season
s8104,Movie,Strictly Ballroom,1/1/2020,1992,PG,95,min
s8105,Movie,Strike a Pose,4/7/2017,2016,TV-MA,85,min
s8106,Movie,Stripes,9/1/2019,1981,R,106,min
s8107,Movie,Striptease,1/1/2021,1996,R,117,min
s8108,TV Show,Strong Girl Bong-soon,11/24/2019,2017,TV-14,1,Season
s8109,Movie,Stronger Than the World,2/11/2017,2016,NR,123,min
s8110,TV Show,Strongland,1/18/2019,2018,TV-PG,1,Season
s8111,Movie,Stuart Little 2,1/1/2020,2002,PG,78,min
s8112,Movie,Submission,11/11/2019,2019,TV-MA,95,min
s8113,Movie,Suburra,10/14/2015,2015,NR,135,min
s8114,Movie,Suckseed,9/5/2018,2011,TV-MA,130,min
s8115,Movie,Sudani from Nigeria,8/1/2018,2018,TV-14,115,min
s8116,Movie,Suicide (Hitabdut),7/1/2016,2014,TV-MA,114,min
s8117,Movie,Suite Française,6/5/2017,2014,TV-MA,107,min
s8118,TV Show,Suits,12/1/2019,2018,TV-MA,1,Season
s8119,Movie,Summer Night,3/19/2020,2019,TV-MA,93,min
s8120,Movie,Summer of '92,7/10/2016,2015,TV-MA,94,min
s8121,Movie,Sunrise,3/15/2017,2014,TV-MA,85,min
s8122,TV Show,Super Bheem,6/28/2019,2019,TV-Y,1,Season
s8123,Movie,Super Bheem Bana Vajraveer,6/18/2019,2018,TV-Y7,63,min
s8124,Movie,Super Dark Times,1/1/2018,2017,TV-MA,104,min
s8125,Movie,Super Nani,3/1/2018,2014,TV-PG,127,min
s8126,TV Show,Super Wings,12/1/2020,2020,TV-Y,3,Seasons
s8127,Movie,Superbad,1/1/2021,2007,R,113,min
s8128,Movie,Superfly,11/1/2019,1972,R,91,min
s8129,Movie,Superman Returns,10/1/2019,2006,PG-13,154,min
s8130,TV Show,SuperNature: Wild Flyers,3/1/2017,2016,TV-PG,1,Season
s8131,Movie,Superstar,11/20/2019,1999,PG-13,82,min
s8132,Movie,Surat Dari Praha,10/9/2018,2016,TV-14,98,min
s8133,TV Show,Surviving R. Kelly Part II: The Reckoning,4/13/2020,2020,TV-MA,1,Season
s8134,Movie,Survivors Guide to Prison,5/24/2018,2017,TV-MA,103,min
s8135,Movie,Susanne Bartsch: On Top,12/10/2018,2017,TV-MA,86,min
s8136,Movie,Sustainable,3/1/2017,2016,TV-G,92,min
s8137,Movie,Swami,12/31/2019,1977,TV-PG,123,min
s8138,TV Show,Swami Baba Ramdev: The Untold Story,5/1/2018,2018,TV-14,1,Season
s8139,Movie,Sweeney Todd: The Demon Barber of Fleet Street,1/1/2020,2007,R,116,min
s8140,Movie,Sweet Virginia,12/1/2019,2017,R,93,min
s8141,Movie,Swiss Army Man,1/30/2019,2016,R,97,min
s8142,Movie,Sword Master,6/10/2017,2016,TV-MA,108,min
s8143,Movie,Sword Masters: Two Champions of Shaolin,8/16/2018,1980,R,101,min
s8144,TV Show,Sym-Bionic Titan,12/15/2019,2010,TV-PG,1,Season
s8145,Movie,Taal,3/1/2018,1999,TV-PG,177,min
s8146,Movie,Tahaan,7/15/2018,2008,TV-14,95,min
s8147,Movie,Take Me Home Tonight,5/16/2019,2011,R,97,min
s8148,TV Show,Taken,12-Jan-19,2018,TV-14,2,Seasons
s8149,TV Show,Tales of the City (1993),6/28/2019,1993,TV-MA,1,Season
s8150,Movie,Tamanchey,10/15/2017,2014,TV-MA,111,min
s8151,Movie,Tarif de nuit,3/1/2018,2015,TV-MA,81,min
s8152,Movie,Tarzan,6/23/2018,1999,G,89,min
s8153,Movie,Tarzan 2,6/23/2017,2005,G,72,min
s8154,Movie,Tattah,5/9/2019,2013,TV-14,112,min
s8155,Movie,Tayo the Little Bus Movie: Mission Ace,7/1/2019,2016,TV-Y7,48,min
s8156,Movie,Teach Us All,9/25/2017,2017,TV-14,81,min
s8157,Movie,Teen Patti,3/1/2018,2010,TV-PG,137,min
s8158,Movie,Teenage Cocktail,1/15/2017,2016,TV-MA,89,min
s8159,Movie,Teenage Mutant Ninja Turtles,5/1/2019,2007,PG,87,min
s8160,Movie,Teenage Mutant Ninja Turtles II: The Secret of the Ooze,1/1/2020,1991,PG,88,min
s8161,Movie,Teenage Mutant Ninja Turtles: The Movie,1/1/2020,1990,PG,94,min
s8162,Movie,Tees Maar Khan,8/2/2018,2010,TV-PG,125,min
s8163,Movie,Tellur Aliens,12/1/2016,2016,TV-Y7,67,min
s8164,Movie,Temporada de Caza,7/15/2018,2017,TV-MA,108,min
s8165,Movie,Ten Years,2/12/2019,2015,TV-MA,102,min
s8166,TV Show,Teresa,12/31/2017,2010,TV-PG,1,Season
s8167,Movie,Terminator 3: Rise of the Machines,1/1/2020,2003,R,109,min
s8168,Movie,Terminator Salvation,1/1/2020,2009,PG-13,115,min
s8169,Movie,Terra,5/1/2016,2015,TV-PG,98,min
s8170,Movie,Terrifier,9/1/2018,2017,TV-MA,84,min
s8171,Movie,Teshan,10/15/2017,2016,TV-PG,133,min
s8172,Movie,Tezz,12/1/2017,2012,TV-MA,121,min
s8173,TV Show,Th Eena Meena Deeka Chase Comedy Show,3/31/2018,2015,TV-Y7,1,Season
s8174,TV Show,Thackeray,5/25/2019,2019,TV-MA,1,Season
s8175,TV Show,That '70s Show,1-Nov-17,2005,TV-14,8,Seasons
s8176,TV Show,The 2000s,2/19/2019,2018,TV-MA,1,Season
s8177,Movie,The 24 Hour War,11/15/2019,2016,TV-MA,100,min
s8178,Movie,The 4th Company,4/6/2018,2016,TV-MA,117,min
s8179,Movie,The Accountant of Auschwitz,7/1/2019,2018,TV-14,78,min
s8180,Movie,The Adderall Diaries,7/15/2018,2015,R,87,min
s8181,TV Show,The Adjusters,9/18/2017,2010,TV-PG,2,Seasons
s8182,Movie,The Adventure Club,5/10/2017,2016,TV-Y7,88,min
s8183,TV Show,The Adventures of Figaro Pho,NULL,2015,TV-Y7,2,Seasons
s8184,Movie,The Adventures of Sharkboy and Lavagirl,12/2/2020,2005,PG,93,min
s8185,Movie,The Adventures of Tintin,11/20/2019,2011,PG,107,min
s8186,Movie,The Aerial,4/1/2018,2007,TV-MA,99,min
s8187,Movie,The Age of Shadows,1/1/2018,2016,TV-MA,140,min
s8188,Movie,The American President,1/1/2021,1995,PG-13,113,min
s8189,Movie,The Amityville Horror,1/1/2020,2005,R,89,min
s8190,TV Show,The Andy Griffith Show,1-Jul-17,1967,TV-G,8,Seasons
s8191,Movie,The Angry Birds Movie 2,2/27/2020,2019,PG,97,min
s8192,Movie,The Animal People,3/11/2020,2019,TV-MA,97,min
s8193,Movie,The Ant's Scream,6/13/2019,2010,TV-14,108,min
s8194,TV Show,The Apartment,14-Dec-18,2014,TV-PG,2,Seasons
s8195,Movie,The Apostate,5/10/2017,2015,TV-MA,80,min
s8196,Movie,The Art of the Steal,12/8/2018,2013,R,90,min
s8197,Movie,The Art of War,7/1/2020,2000,R,117,min
s8198,Movie,The Assignment,3/15/2020,2016,R,95,min
s8199,Movie,The Autopsy of Jane Doe,12/30/2018,2016,R,86,min
s8200,TV Show,The Bachelor,12/1/2019,2009,TV-14,1,Season
s8201,Movie,The Bachelors,2/21/2018,2017,TV-14,100,min
s8202,Movie,The Bad Education Movie,12/15/2018,2015,TV-MA,87,min
s8203,Movie,The Bad Kids,4/1/2017,2016,TV-MA,101,min
s8204,Movie,The Bare-Footed Kid,8/16/2018,1993,TV-14,83,min
s8205,Movie,The Basement,4/9/2019,2018,TV-MA,89,min
s8206,Movie,The Battle of Midway,3/31/2017,1942,TV-14,18,min
s8207,TV Show,The Beat,9/18/2017,2012,TV-MA,1,Season
s8208,TV Show,The Beginning of Life: The Series,11/11/2016,2016,TV-PG,1,Season
s8209,TV Show,The Bible's Buried Secrets,2/1/2019,2011,TV-14,1,Season
s8210,TV Show,The Big Catch,2/1/2019,2015,TV-PG,1,Season
s8211,Movie,The Bill Murray Stories: Life Lessons Learned From a Mythical Man,12/31/2018,2018,TV-MA,72,min
s8212,Movie,The Black Room,8/7/2017,2016,TV-MA,95,min
s8213,Movie,The Blackcoat's Daughter,5/18/2019,2015,R,95,min
s8214,Movie,The Bleeder,3/29/2019,2016,R,98,min
s8215,TV Show,The Blue Planet: A Natural History of the Oceans,10/10/2015,2001,TV-G,1,Season
s8216,Movie,The Bomb,8/1/2017,2016,TV-14,59,min
s8217,TV Show,The Bomb Squad,2/1/2019,2011,TV-MA,1,Season
s8218,Movie,The Book of Eli,7/1/2019,2010,R,118,min
s8219,Movie,The Boss's Daughter,3/10/2017,2015,TV-MA,98,min
s8220,Movie,The Bounty Hunter,10/1/2019,2010,PG-13,111,min
s8221,Movie,The Box,6/1/2019,2009,PG-13,116,min
s8222,Movie,The Boy,6/1/2020,2016,PG-13,97,min
s8223,Movie,The Boy in the Striped Pajamas,1/1/2019,2008,PG-13,95,min
s8224,Movie,The Brave One,11/1/2019,2007,R,122,min
s8225,Movie,The Brawler,5/18/2019,2019,TV-MA,95,min
s8226,Movie,The Breadwinner,2/20/2018,2017,PG-13,93,min
s8227,Movie,The Break-Up,7/16/2019,2006,PG-13,107,min
s8228,Movie,The Bridge,9/1/2019,2017,TV-14,119,min
s8229,Movie,The Brothers Grimm,7/1/2019,2005,PG-13,119,min
s8230,Movie,The Bucket List,10/1/2019,2007,PG-13,97,min
s8231,Movie,The Bulbul's Nest,5/9/2019,2013,TV-MA,96,min
s8232,Movie,The Bund,9/20/2018,1983,TV-14,103,min
s8233,Movie,The Bye Bye Man,4/1/2019,2017,PG-13,96,min
s8234,Movie,The Bygone,3/23/2020,2019,TV-MA,106,min
s8235,Movie,The Cakemaker,12/4/2018,2017,TV-14,109,min
s8236,TV Show,The Calling,4/1/2019,2018,TV-MA,1,Season
s8237,Movie,The Captive,7/20/2018,2014,R,112,min
s8238,Movie,The Car,6/1/2020,1977,PG,96,min
s8239,Movie,The Carter Effect,5/1/2018,2017,TV-MA,60,min
s8240,Movie,The Case for Christ,11/21/2017,2017,TV-PG,113,min
s8241,Movie,The Cell,6/13/2019,2017,TV-MA,126,min
s8242,Movie,The CEO,9/1/2019,2016,TV-14,109,min
s8243,Movie,The Charnel House,2/4/2017,2016,R,93,min
s8244,TV Show,The Chefs' Line,8/1/2019,2017,TV-14,1,Season
s8245,Movie,The Chord,6/20/2019,2010,TV-MA,101,min
s8246,Movie,The Chosen,4/14/2017,2016,TV-14,111,min
s8247,Movie,The Chosen Ones,5/8/2016,2015,TV-MA,107,min
s8248,Movie,The Christmas Candle,11/1/2019,2013,PG,100,min
s8249,Movie,The Christmas Project,3/1/2019,2016,TV-PG,92,min
s8250,Movie,The Cincinnati Kid,11/1/2019,1965,TV-14,103,min
s8251,TV Show,The Code,2/1/2018,2011,TV-PG,1,Season
s8252,Movie,The Company Men,7/28/2018,2010,R,105,min
s8253,Movie,The Competition,7/23/2019,2018,TV-14,103,min
s8254,Movie,The Confirmation,2/6/2019,2016,PG-13,101,min
s8255,Movie,The Congress,8/23/2019,2013,TV-MA,123,min
s8256,Movie,The Consul's Son,4/25/2019,2011,TV-14,114,min
s8257,Movie,The Craft,1/1/2020,1996,R,101,min
s8258,TV Show,The Cravings,20-Apr-17,2016,TV-14,2,Seasons
s8259,Movie,The Croods,7/29/2019,2013,PG,99,min
s8260,Movie,The Crow,1/1/2019,1994,R,102,min
s8261,Movie,The Cruise,10/1/2019,1970,TV-PG,66,min
s8262,Movie,The Crying Game,1/1/2020,1992,R,112,min
s8263,TV Show,The Curse of Oak Island,9/15/2019,2016,TV-PG,1,Season
s8264,Movie,The D Train,4/2/2017,2015,R,101,min
s8265,Movie,The Damned Rain,1/1/2018,2009,TV-14,99,min
s8266,Movie,The Dancer,12/8/2018,2011,TV-MA,105,min
s8267,Movie,The Dark Crystal,5/1/2019,1982,PG,93,min
s8268,Movie,The Dark Side of Life: Mumbai City,12/31/2019,2018,TV-MA,121,min
s8269,Movie,The Darkest Dawn,6/23/2018,2016,TV-MA,75,min
s8270,Movie,The Daughter,4/26/2017,2015,TV-MA,95,min
s8271,Movie,The Dawn Wall,3/4/2019,2017,TV-MA,100,min
s8272,TV Show,The Day My Butt Went Psycho!,30-Jun-15,2015,TV-Y7,2,Seasons
s8273,Movie,The Departed,1/1/2021,2006,R,151,min
s8274,Movie,The Desert Bride,11/8/2018,2017,TV-14,78,min
s8275,Movie,The Detained,2/15/2019,2017,TV-14,85,min
s8276,Movie,The Devil and Father Amorth,7/23/2018,2017,TV-PG,69,min
s8277,Movie,The Devil Inside,11/20/2019,2012,R,84,min
s8278,TV Show,The Devil Is a Part-Timer!,4/1/2019,2013,TV-14,1,Season
s8279,Movie,The Devil We Know,1/15/2019,2018,TV-14,88,min
s8280,Movie,The Diabolical,8/1/2018,2015,TV-MA,86,min
s8281,Movie,The Dreamer,10/4/2018,2009,TV-PG,121,min
s8282,Movie,The Drowning,9/1/2017,2016,TV-MA,99,min
s8283,TV Show,The Drunk and on Drugs Happy Funtime Hour,8/24/2018,2011,TV-MA,1,Season
s8284,Movie,The Duel,6/2/2019,2016,R,110,min
s8285,Movie,The Dukes of Hazzard,1/1/2020,2005,PG-13,104,min
s8286,Movie,The Dukes of Hazzard: The Beginning,1/1/2020,2007,R,95,min
s8287,Movie,The Eichmann Show,8/31/2017,2015,TV-MA,96,min
s8288,TV Show,The Eighties,9/30/2018,2016,TV-PG,1,Season
s8289,Movie,The End of the Tour,7/26/2018,2015,R,106,min
s8290,Movie,The Endless,9/19/2018,2017,TV-MA,112,min
s8291,Movie,The Evil Dead,1/10/2020,1981,TV-MA,85,min
s8292,Movie,The Exception,7/26/2019,2016,R,107,min
s8293,Movie,The Eyes of My Mother,4/6/2017,2016,R,76,min
s8294,TV Show,The Fear,3/31/2017,2012,TV-MA,1,Season
s8295,Movie,The Fear of 13,6/1/2016,2015,TV-MA,95,min
s8296,Movie,The Feels,7/1/2018,2018,TV-MA,88,min
s8297,Movie,The Fighter,1/13/2019,2010,R,116,min
s8298,Movie,The Figurine (Araromire),10/1/2019,2009,TV-14,121,min
s8299,Movie,The Final Destination,1/1/2020,2009,R,82,min
s8300,Movie,The First Line,9/20/2016,2014,TV-14,87,min
s8301,Movie,The First Temptation of Christ,12/3/2019,2019,TV-MA,46,min
s8302,Movie,The First Wives Club,11/20/2019,1996,PG,103,min
s8303,TV Show,The Five,9/15/2017,2016,TV-MA,1,Season
s8304,Movie,The Five Venoms,7/31/2018,1978,R,97,min
s8305,Movie,The Flintstones,10/1/2019,1994,PG,91,min
s8306,Movie,The Flintstones in Viva Rock Vegas,10/1/2019,2000,PG,91,min
s8307,Movie,The Flying Guillotine,7/28/2018,1975,TV-MA,101,min
s8308,Movie,The Forbidden Kingdom,7/1/2019,2008,PG-13,104,min
s8309,Movie,The Force,1/29/2018,2017,TV-MA,92,min
s8310,Movie,The Foreigner,2/14/2020,2017,R,113,min
s8311,Movie,The Forgotten,9/11/2017,2014,TV-MA,89,min
s8312,TV Show,The Fosters,5-Oct-17,2017,TV-14,5,Seasons
s8313,Movie,The Founder,8/21/2020,2016,PG-13,115,min
s8314,Movie,The Free Man,10/1/2017,2016,TV-PG,84,min
s8315,Movie,The Frozen Ground,8/27/2020,2013,R,106,min
s8316,TV Show,The Furchester Hotel,1-Feb-17,2015,TV-Y,2,Seasons
s8317,TV Show,The Future of Water,7/1/2016,2007,TV-PG,1,Season
s8318,Movie,The Gathering,12/8/2018,2003,TV-14,124,min
s8319,Movie,The Gentleman Driver,1/31/2019,2018,TV-MA,83,min
s8320,Movie,The Ghost Who Walks,4/7/2020,2019,TV-MA,107,min
s8321,Movie,The Girl with the Dragon Tattoo,1/5/2021,2011,R,158,min
s8322,TV Show,The Golden Years with Javed Akhtar,6/1/2017,2016,TV-G,1,Season
s8323,Movie,The Golem,6/26/2019,2018,TV-MA,95,min
s8324,Movie,The Good Catholic,1/24/2018,2017,PG-13,97,min
s8325,Movie,The Good Neighbor,12/5/2016,2016,TV-MA,97,min
s8326,Movie,"The Goods: Live Hard, Sell Hard",11/20/2019,2009,R,89,min
s8327,Movie,The Gospel of John,10/20/2018,2014,TV-14,161,min
s8328,Movie,The Gospel of Luke,10/19/2018,2015,TV-14,205,min
s8329,Movie,The Gospel of Mark,10/19/2018,2015,TV-14,123,min
s8330,Movie,The Gospel of Matthew,10/19/2018,2014,TV-14,190,min
s8331,Movie,The Great Battle,4/8/2019,2018,TV-MA,136,min
s8332,TV Show,The Great British Baking Show: Masterclass,12/1/2018,2018,TV-PG,4,Seasons
s8333,Movie,The Great Gambler,12/31/2019,1979,TV-14,161,min
s8334,Movie,The Great Raid,11/1/2019,2005,R,133,min
s8335,TV Show,The Great Train Robbery,3/31/2017,2013,NR,1,Season
s8336,Movie,The Green Hornet,4/18/2020,2011,PG-13,119,min
s8337,TV Show,The Guild,3/2/2019,2013,TV-MA,1,Season
s8338,Movie,The Hatred,12/11/2017,2017,R,94,min
s8339,Movie,The Haunting of Molly Hartley,10/4/2018,2008,PG-13,85,min
s8340,Movie,The Healer,6/1/2020,2017,TV-14,108,min
s8341,Movie,The Heat: A Kitchen (R)evolution,5/7/2019,2018,TV-MA,71,min
s8342,Movie,The Help,6/1/2020,2011,PG-13,147,min
s8343,Movie,The Heretics,9/4/2019,2017,TV-MA,88,min
s8344,Movie,The Heroes of Evil,6/1/2016,2015,TV-MA,99,min
s8345,Movie,The Heyday of the Insensitive Bastards,2/26/2018,2017,TV-MA,96,min
s8346,Movie,The Hollow Point,3/16/2017,2016,R,97,min
s8347,Movie,The Holy Man,7/25/2018,2005,TV-14,92,min
s8348,TV Show,The Homecoming,6/2/2017,2015,TV-PG,1,Season
s8349,Movie,The House on Coco Road,6/30/2017,2016,TV-14,79,min
s8350,TV Show,The House That Made Me,3/31/2017,2015,TV-PG,3,Seasons
s8351,Movie,The Human Factor: The Untold Story of the Bombay Film Orchestras,4/1/2017,2013,TV-PG,53,min
s8352,Movie,The Humanity Bureau,12/18/2018,2017,R,94,min
s8353,Movie,The Hundred-Foot Journey,1/31/2019,2014,PG,123,min
s8354,TV Show,The Hunt,5/14/2017,2015,TV-PG,1,Season
s8355,Movie,The Hurricane Heist,9/26/2018,2018,PG-13,103,min
s8356,Movie,The Hurt Business,2/1/2017,2016,PG-13,111,min
s8357,Movie,The Imaginarium of Doctor Parnassus,3/8/2019,2009,PG-13,123,min
s8358,TV Show,The Inbetweeners,1-Jan-18,2010,TV-MA,3,Seasons
s8359,Movie,The Incident,6/19/2017,2014,TV-MA,100,min
s8360,Movie,The Incredible Story of the Giant Pear,3/1/2019,2018,TV-G,75,min
s8361,Movie,The Incredibles 2,1/30/2019,2018,PG,118,min
s8362,Movie,The Indian in the Cupboard,11/1/2020,1995,PG,96,min
s8363,Movie,The Informant!,8/1/2018,2009,R,108,min
s8364,Movie,The Intent,5/15/2017,2016,TV-MA,99,min
s8365,Movie,The Intent 2: The Come Up,2/21/2019,2018,TV-MA,103,min
s8366,Movie,The Invention of Lying,1/1/2020,2009,PG-13,99,min
s8367,TV Show,The Investigator: A British Crime Story,3/5/2020,2018,TV-MA,2,Seasons
s8368,Movie,The Invitation,7/8/2016,2015,TV-MA,100,min
s8369,TV Show,The Irish Mob,12/1/2016,2008,TV-MA,1,Season
s8370,Movie,The Iron Lady,7/7/2019,2011,PG-13,105,min
s8371,Movie,The Jack King Affair,1/2/2018,2015,TV-14,52,min
s8372,TV Show,The Jaime Maussan Show,12/1/2017,2010,TV-PG,1,Season
s8373,Movie,The Jane Austen Book Club,3/8/2019,2007,PG-13,106,min
s8374,TV Show,The Jungle Book,5/11/2019,2010,TV-Y7,1,Season
s8375,Movie,The Jungle School,10/30/2018,2013,TV-PG,90,min
s8376,Movie,The Keeping Hours,9/1/2018,2017,PG-13,95,min
s8377,TV Show,The Kindness Diaries,5/1/2019,2019,TV-PG,1,Season
s8378,Movie,The King's Speech,6/2/2018,2010,R,118,min
s8379,TV Show,The L Word,20-Mar-18,2009,TV-MA,6,Seasons
s8380,TV Show,The Lady in Dignity,1/30/2018,2017,TV-MA,1,Season
s8381,Movie,The Lake House,9/1/2019,2006,PG,98,min
s8382,Movie,The Lamb,6/4/2018,2017,PG,86,min
s8383,Movie,The Land of the Enlightened,1/1/2017,2016,TV-MA,84,min
s8384,Movie,The Last Days of Chez Nous,11/1/2016,1992,R,93,min
s8385,Movie,The Last Exorcism,9/1/2019,2010,PG-13,88,min
s8386,Movie,The Last Face,1/13/2020,2016,R,131,min
s8387,Movie,The Last Hangover,12/21/2018,2018,TV-MA,44,min
s8388,Movie,The Last Man on the Moon,5/26/2016,2014,TV-PG,96,min
s8389,Movie,The Last Resort,4/21/2019,2018,TV-14,70,min
s8390,Movie,The Last Whistle,10/26/2019,2019,PG,88,min
s8391,Movie,The Legend of 420,12/1/2017,2017,TV-MA,87,min
s8392,Movie,The Legend of Michael Mishra,4/1/2019,2016,TV-14,118,min
s8393,TV Show,The Liar,10/21/2017,2013,TV-14,1,Season
s8394,Movie,The Little Hours,12/23/2018,2017,R,89,min
s8395,Movie,The Little Mermaid,12/1/2018,2018,PG,85,min
s8396,Movie,The Little Prince,11/6/2020,2015,PG,107,min
s8397,Movie,The Lives of Others,3/15/2019,2006,R,138,min
s8398,TV Show,The Lizzie Borden Chronicles,2/1/2016,2015,TV-14,1,Season
s8399,Movie,The Lobster,12/2/2018,2015,R,119,min
s8400,Movie,The Lodgers,8/23/2018,2017,R,93,min
s8401,Movie,The Long Goodbye: The Kara Tippetts Story,6/23/2019,2019,TV-PG,87,min
s8402,Movie,The Longest Yard,11/20/2019,1974,R,121,min
s8403,Movie,The Longshots,1/30/2019,2008,PG,95,min
s8404,Movie,The Look of Silence,2/26/2016,2014,PG-13,103,min
s8405,Movie,The Lord of the Rings: The Return of the King,1/1/2020,2003,PG-13,201,min
s8406,Movie,The Lord of the Rings: The Two Towers,1/1/2020,2002,PG-13,179,min
s8407,Movie,The Love Guru,11/20/2019,2008,PG-13,87,min
s8408,Movie,The Lovers and the Despot,2/23/2017,2016,TV-14,98,min
s8409,Movie,The lynx,10/1/2019,1982,TV-14,82,min
s8410,Movie,The Mad Monk,8/16/2018,1993,TV-14,85,min
s8411,Movie,The Magic Pill,4/24/2018,2017,TV-PG,90,min
s8412,TV Show,The Making of Frozen Planet,1/28/2016,2012,TV-PG,1,Season
s8413,Movie,The Man Who Would Be Polka King,1/12/2018,2009,TV-14,68,min
s8414,Movie,The Mask of Zorro,1/1/2020,1998,PG-13,138,min
s8415,Movie,The Matrix,11/1/2019,1999,R,136,min
s8416,Movie,The Matrix Reloaded,11/1/2019,2003,R,138,min
s8417,Movie,The Matrix Revolutions,11/1/2019,2003,R,129,min
s8418,Movie,The Mayo Clinic,4/19/2019,2018,TV-14,116,min
s8419,Movie,The Mayor,9/30/2017,2017,TV-MA,130,min
s8420,Movie,"The Memphis Belle: A Story of a
Flying Fortress",3/31/2017,1944,TV-PG,40,min
s8421,Movie,The Men Who Stare at Goats,6/4/2019,2009,R,94,min
s8422,TV Show,The Messengers,4/17/2016,2015,TV-14,1,Season
s8423,TV Show,The Mind of a Chef,1-Nov-17,2016,TV-PG,5,Seasons
s8424,TV Show,The Minimighty Kids,15-Apr-18,2012,TV-G,2,Seasons
s8425,TV Show,The Ministry of Time,28-Jan-18,2017,TV-MA,3,Seasons
s8426,Movie,The Model,12/6/2016,2016,TV-MA,104,min
s8427,Movie,The Monster,1/9/2019,2016,R,91,min
s8428,Movie,The Monster of Mangatiti,12/15/2015,2015,TV-MA,70,min
s8429,TV Show,The Mortified Guide,2/14/2018,2018,TV-MA,1,Season
s8430,TV Show,The Most Beautiful Hands of Delhi,7/20/2017,2017,TV-MA,1,Season
s8431,Movie,The Muppets,9/1/2020,2011,PG,104,min
s8432,TV Show,The Murder Detectives,3/31/2017,2015,TV-MA,1,Season
s8433,Movie,The Music of Silence,7/1/2018,2017,TV-PG,115,min
s8434,Movie,The Naked Gun 2 1/2: The Smell of Fear,1/1/2020,1991,PG-13,85,min
s8435,Movie,The Naked Gun: From the Files of Police Squad!,1/1/2021,1988,PG-13,85,min
s8436,Movie,The Natural,1/1/2020,1984,PG,138,min
s8437,Movie,The Negro Soldier,3/31/2017,1944,TV-14,40,min
s8438,TV Show,The Netflix Afterparty,1/2/2021,2021,TV-MA,1,Season
s8439,Movie,The New Romantic,4/15/2019,2018,TV-MA,82,min
s8440,TV Show,The Nineties,9/30/2018,2017,TV-14,1,Season
s8441,Movie,The NSU-Complex,12/28/2016,2016,TV-14,90,min
s8442,Movie,The Nutcracker and the Four Realms,5/28/2019,2018,PG,99,min
s8443,TV Show,The Office (U.S.),1-Jan-16,2012,TV-14,9,Seasons
s8444,Movie,The One I Love,5/30/2019,2014,R,91,min
s8445,Movie,The Only Mother To You All,2/27/2019,2008,TV-PG,106,min
s8446,Movie,The Other Guys,2/1/2020,2010,PG-13,108,min
s8447,Movie,The Parole Officer,8/1/2018,2001,R,94,min
s8448,Movie,The Pass,1/1/2019,2016,NR,87,min
s8449,Movie,The Peacemaker,1/1/2020,1997,R,124,min
s8450,Movie,The Pelican Brief,11/1/2019,1993,PG-13,141,min
s8451,Movie,The Perfect Day,9/1/2018,2018,TV-14,93,min
s8452,Movie,The Perks of Being a Wallflower,4/1/2020,2012,PG-13,103,min
s8453,Movie,The Phantom of the Opera,6/1/2019,2004,PG-13,141,min
s8454,Movie,The Physician,7/15/2015,2013,R,155,min
s8455,Movie,The Pink Panther,7/1/2019,2006,PG,93,min
s8456,Movie,The Pirate Fairy,6/15/2014,2014,G,78,min
s8457,Movie,The Pirates of Somalia,3/1/2018,2017,R,118,min
s8458,Movie,The Pirates! Band of Misfits,10/1/2020,2012,PG,88,min
s8459,Movie,The Place Beyond the Pines,5/16/2017,2012,R,140,min
s8460,Movie,The Plan,3/1/2018,2015,TV-MA,124,min
s8461,Movie,The Player,6/20/2019,2012,TV-MA,110,min
s8462,Movie,The Polar Express,1/1/2021,2004,G,100,min
s8463,Movie,The Power of Grayskull: The Definitive History of He-Man and the Masters of the Universe,8/24/2018,2017,TV-14,96,min
s8464,Movie,The President's Barber,10/1/2017,2004,TV-MA,116,min
s8465,Movie,The Prince,2/22/2019,2014,R,91,min
s8466,Movie,The Prince & Me,10/1/2020,2004,PG,111,min
s8467,Movie,The Princess and the Frog,7/16/2019,2009,G,98,min
s8468,Movie,The Prison,11/18/2017,2017,TV-MA,125,min
s8469,Movie,The Pursuit,8/7/2019,2019,TV-14,76,min
s8470,Movie,The Pursuit of Happyness,10/1/2019,2006,PG-13,117,min
s8471,Movie,The Push,6/7/2019,2018,TV-MA,90,min
s8472,TV Show,The Pyramid Code,2/8/2016,2009,TV-PG,1,Season
s8473,Movie,The Rainbow Troops,10/21/2018,2008,TV-PG,119,min
s8474,Movie,The Rainmaker,11/20/2019,1997,PG-13,136,min
s8475,TV Show,The Rap Game,9/15/2019,2016,TV-14,1,Season
s8476,Movie,The Rat Race,1/1/2017,2010,TV-PG,52,min
s8477,TV Show,The Real Football Factories,12/29/2017,2006,TV-MA,1,Season
s8478,Movie,The Real Miyagi,6/16/2017,2015,TV-PG,81,min
s8479,Movie,The Rebound,2/28/2019,2016,TV-MA,77,min
s8480,Movie,The Redeemed and the Dominant: Fittest on Earth,7/1/2018,2017,TV-14,120,min
s8481,Movie,The Rehearsal,1/1/2018,2016,TV-MA,102,min
s8482,Movie,The Republic of Imbaba,6/6/2019,2015,TV-14,90,min
s8483,TV Show,The Returned,2/17/2019,2015,TV-MA,1,Season
s8484,Movie,The Rezort,1/16/2017,2016,TV-MA,90,min
s8485,Movie,The Rift: The Dark Side of the Moon,2/26/2018,2016,TV-MA,92,min
s8486,Movie,The Right One,6/13/2019,2011,TV-14,93,min
s8487,Movie,The Ring,1/1/2020,2002,PG-13,116,min
s8488,Movie,The Riot Club,3/16/2017,2014,R,107,min
s8489,Movie,The River Thief,1/14/2017,2016,NR,87,min
s8490,Movie,The River Wild,9/1/2018,1994,PG-13,111,min
s8491,TV Show,The Road to Calvary,9/1/2018,2017,TV-14,1,Season
s8492,Movie,The Rolling Stones: Olé Olé Olé! A Trip Across Latin America,3/22/2019,2016,TV-MA,101,min
s8493,Movie,The Roommate,4/1/2020,2011,PG-13,91,min
s8494,Movie,The Rover,7/19/2018,2014,R,103,min
s8495,Movie,THE RUM DIARY,12/6/2019,2011,R,120,min
s8496,Movie,The Runner,9/8/2017,2015,R,90,min
s8497,Movie,The Salvation,3/2/2017,2014,R,92,min
s8498,Movie,The Sapphires,4/26/2019,2012,PG-13,99,min
s8499,Movie,The Score,11/28/2019,2001,R,124,min
s8500,Movie,The Sea of Trees,11/8/2018,2015,PG-13,111,min
s8501,Movie,The Search for Life in Space,4/1/2018,2016,TV-G,32,min
s8502,Movie,The Secret Life of Pets 2,12/27/2019,2019,PG,86,min
s8503,Movie,The Seven Five,4/14/2017,2014,R,104,min
s8504,TV Show,The Seventies,9/30/2018,2015,TV-PG,1,Season
s8505,Movie,The Shaukeens,3/1/2018,2014,TV-MA,123,min
s8506,Movie,The Show,6/1/2020,2017,TV-MA,105,min
s8507,Movie,The Sign of Venus,11/13/2020,1955,TV-14,97,min
s8508,Movie,The Signal,7/13/2018,2014,PG-13,97,min
s8509,Movie,The Similars,1/15/2017,2015,NR,90,min
s8510,Movie,The Sinking Of Van Der Wijck,9/28/2018,2013,TV-14,163,min
s8511,TV Show,The Sniffer,1-Jun-18,2017,TV-MA,3,Seasons
s8512,Movie,The Social Network,4/1/2020,2010,PG-13,121,min
s8513,Movie,The Space Between Us,6/1/2019,2016,PG-13,120,min
s8514,Movie,The Spectacular Now,7/15/2018,2013,R,95,min
s8515,Movie,The spiral,10/1/2019,1978,TV-MA,84,min
s8516,Movie,The Spy Next Door,11/1/2020,2010,PG,94,min
s8517,Movie,The Spy Who Fell to Earth,4/5/2019,2019,TV-MA,94,min
s8518,Movie,The Stanford Prison Experiment,6/17/2017,2015,R,122,min
s8519,TV Show,The Story of God with Morgan Freeman,1-Feb-19,2017,TV-14,2,Seasons
s8520,TV Show,The Story of Us with Morgan Freeman,2/1/2019,2017,TV-14,1,Season
s8521,Movie,The Student,3/15/2019,2017,TV-14,90,min
s8522,Movie,The Sunshine Makers,3/9/2017,2015,TV-MA,91,min
s8523,Movie,The Super,2/16/2019,2017,R,89,min
s8524,TV Show,The Super Mario Bros. Super Show!,5/22/2016,1989,TV-Y7,1,Season
s8525,Movie,The Surrounding Game,8/30/2018,2018,TV-14,98,min
s8526,Movie,The Taking of Pelham 123,9/1/2019,2009,R,106,min
s8527,Movie,The Talented Mr. Ripley,1/1/2020,1999,R,139,min
s8528,Movie,The Texas Chainsaw Massacre,10/22/2019,1974,R,83,min
s8529,Movie,The Thief and the Imbecile,6/6/2019,2013,TV-14,96,min
s8530,Movie,The Tiger Hunter,4/9/2018,2016,TV-14,94,min
s8531,Movie,The Tigers of Scotland,11/1/2018,2017,TV-G,58,min
s8532,Movie,The Time Machine,11/23/2019,2002,PG-13,96,min
s8533,Movie,The Time Traveler's Wife,10/1/2019,2009,PG-13,107,min
s8534,TV Show,The Traffickers,1/22/2018,2016,TV-MA,1,Season
s8535,Movie,The Tribes of Palos Verdes,12/1/2019,2017,R,104,min
s8536,Movie,The Trigger Effect,1/1/2018,1996,R,94,min
s8537,Movie,The Trip to Spain,12/12/2017,2016,TV-MA,108,min
s8538,Movie,The Trust,4/1/2019,2015,R,91,min
s8539,Movie,The Truth About Alcohol,8/1/2017,2016,TV-14,58,min
s8540,TV Show,The Tudors,8-Jan-18,2010,TV-MA,4,Seasons
s8541,Movie,The Tuxedo,11/1/2019,2002,PG-13,99,min
s8542,TV Show,The Twilight Zone (Original Series),7/1/2017,1963,TV-14,4,Seasons
s8543,Movie,The Ugly Truth,4/25/2019,2009,R,96,min
s8544,Movie,The Unborn Child,7/30/2018,2011,TV-MA,93,min
s8545,TV Show,The Underwear,6/19/2018,2017,TV-MA,1,Season
s8546,TV Show,The Universe,9/15/2019,2009,TV-14,1,Season
s8547,Movie,The Unknown Girl,12/12/2017,2016,TV-MA,106,min
s8548,Movie,The Unknown Known,2/22/2019,2013,PG-13,103,min
s8549,Movie,The Vatican Tapes,4/20/2020,2015,PG-13,91,min
s8550,TV Show,The Vietnam War: A Film by Ken Burns and Lynn Novick,6/20/2018,2017,TV-MA,1,Season
s8551,Movie,The Walls of the Moon,4/18/2019,2015,TV-14,98,min
s8552,TV Show,The War: A Film by Ken Burns and Lynn Novick,2/22/2017,2007,TV-14,1,Season
s8553,Movie,The Water Diviner,10/7/2019,2014,R,111,min
s8554,Movie,The Water Horse: Legend of the Deep,11/1/2018,2007,PG,112,min
s8555,Movie,The Waterboy,3/8/2017,1998,PG-13,90,min
s8556,Movie,The Wedding Curse,3/21/2019,2006,TV-PG,101,min
s8557,Movie,The Wedding Party 2: Destination Dubai,9/21/2019,2017,TV-14,98,min
s8558,TV Show,The West Wing,25-Dec-15,2005,TV-14,7,Seasons
s8559,Movie,The Witch,9/17/2018,2015,R,92,min
s8560,Movie,The Witch Files,2/1/2019,2018,TV-14,88,min
s8561,TV Show,The Womanizer,9/1/2016,2010,TV-MA,1,Season
s8562,Movie,The Women Who Kill Lions,8/1/2017,2016,TV-MA,47,min
s8563,Movie,The Women's Balcony,12/19/2017,2016,TV-PG,100,min
s8564,Movie,The Workshop,11/10/2018,2017,TV-MA,114,min
s8565,Movie,The World Is Not Enough,12/31/2019,1999,PG-13,128,min
s8566,Movie,The World's Most Wanted Animal,4/1/2019,2018,TV-PG,53,min
s8567,Movie,The Wrong Babysitter,6/18/2019,2017,TV-14,89,min
s8568,TV Show,The Year of Happiness and Love,9/1/2016,2009,TV-PG,1,Season
s8569,Movie,The Young Offenders,3/9/2017,2016,TV-MA,83,min
s8570,Movie,The Young Vagabond,8/16/2018,1985,TV-14,85,min
s8571,Movie,Theater of Life,7/18/2017,2016,TV-PG,94,min
s8572,Movie,Theeram,7/1/2018,2017,TV-14,104,min
s8573,Movie,"Thelonious Monk: Straight, No Chaser",11/1/2019,1988,PG-13,89,min
s8574,Movie,Theo Who Lived,12/16/2016,2016,TV-14,86,min
s8575,TV Show,ThirTEEN Terrors,3/1/2019,2014,TV-14,1,Season
s8576,TV Show,This Is My Love,5/22/2017,2015,TV-14,1,Season
s8577,Movie,This Is Not What I Expected,10/14/2017,2017,TV-PG,107,min
s8578,Movie,This Was Tomorrow,12/15/2015,2015,NR,77,min
s8579,Movie,Thithi,3/9/2017,2015,TV-MA,123,min
s8580,Movie,Thong Dee Fun Khao,1/15/2018,2017,TV-MA,122,min
s8581,Movie,Thor: Ragnarok,6/5/2018,2017,PG-13,131,min
s8582,Movie,Thor: Tales of Asgard,4/15/2020,2011,TV-Y7,77,min
s8583,Movie,Thorne: Scaredy Cat,11/2/2016,2010,NR,125,min
s8584,Movie,Thorne: Sleepyhead,11/2/2016,2010,NR,125,min
s8585,Movie,Three,6/3/2017,2016,TV-MA,88,min
s8586,Movie,Three-Quarters Decent,6/20/2019,2010,TV-14,96,min
s8587,Movie,Thumper,2/5/2018,2017,TV-MA,93,min
s8588,Movie,Thunderbolt,3/31/2017,1947,TV-PG,42,min
s8589,TV Show,Tientsin Mystic,2/9/2018,2017,TV-14,1,Season
s8590,Movie,Tik Tok,7/1/2017,2016,TV-14,108,min
s8591,Movie,Tikli and Laxmi Bomb,8/1/2018,2017,TV-MA,151,min
s8592,Movie,Time Please,1/1/2018,2013,TV-14,125,min
s8593,TV Show,Timeless Season,9/18/2017,2009,TV-14,1,Season
s8594,TV Show,Timeline,2/23/2018,2014,TV-14,1,Season
s8595,Movie,Tinker Bell and the Legend of the NeverBeast,5/17/2015,2014,G,78,min
s8596,Movie,Tinker',3/19/2019,2018,TV-14,97,min
s8597,TV Show,Tip the Mouse,9/1/2017,2014,TV-Y,1,Season
s8598,Movie,To Be a Miss,1/1/2017,2016,TV-14,84,min
s8599,Movie,"To Wong Foo, Thanks for Everything! Julie Newmar",8/1/2019,1995,PG-13,108,min
s8600,TV Show,Toast of London,9/1/2017,2015,TV-MA,3,Seasons
s8601,TV Show,Tobot,9/11/2019,2018,TV-Y7,2,Seasons
s8602,Movie,Tokyo Idols,10/1/2017,2017,TV-14,89,min
s8603,Movie,Tom and Jerry: The Magic Ring,12/15/2019,2001,TV-Y7,60,min
s8604,Movie,Tomorrow Never Dies,12/31/2019,1997,PG-13,119,min
s8605,TV Show,Top 10 Secrets and Mysteries,3/15/2019,2018,TV-14,1,Season
s8606,TV Show,Top Grier,12/31/2018,2018,TV-MA,3,Seasons
s8607,Movie,Tope: The Bait,3/1/2018,2016,TV-14,87,min
s8608,Movie,Tortilla Soup,9/15/2020,2001,PG-13,104,min
s8609,Movie,Total Frat Movie,12/19/2016,2016,NR,94,min
s8610,TV Show,Towies,12/27/2017,2016,TV-MA,1,Season
s8611,Movie,Tracers,10/22/2019,2015,PG-13,94,min
s8612,Movie,Traffic Signal,12/31/2019,2007,TV-MA,130,min
s8613,Movie,Train of the Dead,7/25/2018,2007,TV-MA,88,min
s8614,Movie,Train to Busan,3/18/2017,2016,TV-MA,118,min
s8615,Movie,Trainspotting,10/1/2019,1996,R,94,min
s8616,Movie,Traitor,7/1/2018,2008,PG-13,114,min
s8617,Movie,Transcendence,11/1/2018,2014,PG-13,119,min
s8618,Movie,Trash,1/1/2019,2014,R,114,min
s8619,Movie,Trash Fire,2/2/2017,2016,R,94,min
s8620,Movie,Treasures from the Wreck of the Unbelievable,1/1/2018,2017,TV-G,82,min
s8621,Movie,Tree Man,11/1/2016,2015,TV-PG,82,min
s8622,Movie,Tremors,1/1/2020,1990,PG-13,96,min
s8623,Movie,Tremors 2: Aftershocks,1/1/2020,1995,PG-13,100,min
s8624,Movie,Tremors 3: Back to Perfection,1/1/2020,2001,PG,104,min
s8625,Movie,Tremors 4: The Legend Begins,1/1/2020,2004,PG-13,101,min
s8626,Movie,Tremors 5:  Bloodline,1/1/2020,2015,PG-13,99,min
s8627,Movie,Tremors 6: A Cold Day in Hell,5/1/2018,2018,PG-13,98,min
s8628,Movie,Trespass Against Us,2/22/2019,2016,R,100,min
s8629,Movie,"Trikal (Past, Present, Future)",12/31/2019,1985,TV-14,134,min
s8630,Movie,Trimurti,3/1/2018,1995,TV-PG,173,min
s8631,Movie,Trip to Bhangarh: Asia's Most Haunted Place,11/1/2017,2014,TV-MA,113,min
s8632,Movie,Trixie Mattel: Moving Parts,3/27/2020,2019,TV-MA,91,min
s8633,Movie,Trophy,2/13/2018,2017,TV-MA,110,min
s8634,TV Show,Trotsky,12/10/2018,2017,TV-MA,1,Season
s8635,Movie,Troy: The Odyssey,3/12/2018,2017,TV-MA,90,min
s8636,Movie,True Grit,1/1/2020,1969,G,128,min
s8637,Movie,True to the Game,3/1/2018,2017,R,108,min
s8638,Movie,Trumbo,5/19/2020,2015,R,124,min
s8639,Movie,Tucker and Dale vs. Evil,3/29/2019,2010,R,89,min
s8640,Movie,Tukaram,2/15/2018,2012,TV-PG,162,min
s8641,Movie,Tunisian Victory,3/31/2017,1944,TV-14,76,min
s8642,Movie,Turbo,9/12/2019,2013,PG,96,min
s8643,Movie,Tusk,7/24/2018,2014,R,102,min
s8644,Movie,Twice,12/31/2017,2010,TV-14,53,min
s8645,TV Show,Twin Peaks,7/1/2017,1990,TV-14,2,Seasons
s8646,Movie,Twinsanity,3/15/2019,2018,TV-MA,86,min
s8647,TV Show,Twirlywoos,5/15/2020,2018,TV-Y,2,Seasons
s8648,Movie,"Twisted Trunk, Big Fat Body",1/15/2017,2015,TV-14,89,min
s8649,Movie,Two Graves,5/1/2019,2018,TV-MA,80,min
s8650,Movie,Two Lovers and a Bear,5/2/2017,2016,R,95,min
s8651,Movie,Tyke Elephant Outlaw,12/1/2015,2015,TV-14,78,min
s8652,Movie,Tyson,3/1/2019,2008,R,90,min
s8653,Movie,Ugly,3/1/2017,2013,NR,125,min
s8654,TV Show,Ugly Duckling,2/15/2019,2015,TV-14,4,Seasons
s8655,Movie,Una,4/1/2018,2016,R,94,min
s8656,Movie,Unaccompanied Minors,10/1/2019,2006,PG,90,min
s8657,Movie,Unacknowledged,8/21/2017,2017,TV-MA,104,min
s8658,Movie,Under an Arctic Sky,12/15/2017,2017,TV-14,40,min
s8659,Movie,Under The Skin,7/15/2018,2013,R,108,min
s8660,Movie,Undercover Grandpa,11/1/2017,2016,PG-13,94,min
s8661,Movie,Undercover: How to Operate Behind Enemy Lines,3/31/2017,1943,TV-PG,61,min
s8662,Movie,Unfinished Song,7/22/2019,2012,PG-13,94,min
s8663,Movie,Union Leader,12/31/2019,2017,TV-14,105,min
s8664,Movie,Unruly Friends,6/20/2019,2011,TV-14,83,min
s8665,Movie,Up in the Air,1/1/2020,2009,R,110,min
s8666,Movie,Urvi,1/15/2018,2017,TV-MA,121,min
s8667,Movie,Used Goods,9/1/2019,2018,TV-14,95,min
s8668,Movie,USS Indianapolis: Men of Courage,9/25/2019,2016,R,130,min
s8669,Movie,V for Vendetta,10/1/2018,2005,R,132,min
s8670,TV Show,V.R. Troopers,1/1/2016,1995,TV-G,2,Seasons
s8671,Movie,Vantage Point,11/1/2019,2008,PG-13,90,min
s8672,Movie,Veerappan,10/15/2017,2016,TV-14,117,min
s8673,Movie,Veerey Ki Wedding,12/31/2019,2018,TV-14,130,min
s8674,Movie,Vegas Baby,7/4/2017,2016,TV-14,78,min
s8675,Movie,Viceroy's House,12/12/2017,2017,NR,106,min
s8676,Movie,Victor,7/24/2017,2015,PG-13,110,min
s8677,Movie,Viking Destiny,2/2/2019,2018,R,91,min
s8678,Movie,Vikings Unearthed,3/1/2017,2016,TV-PG,113,min
s8679,Movie,Vincent N Roxxy,9/2/2017,2016,R,101,min
s8680,TV Show,ViR: The Robot Boy,3/31/2018,2013,TV-Y7,2,Seasons
s8681,Movie,Viswasapoorvam Mansoor,7/1/2018,2017,TV-14,125,min
s8682,Movie,Vitti Dandu,7/15/2017,2014,TV-14,116,min
s8683,Movie,Vizontele Tuuba,3/10/2017,2004,NR,106,min
s8684,Movie,Vodka Diaries,12/31/2019,2018,TV-14,113,min
s8685,TV Show,Vroomiz,1-Aug-17,2016,TV-Y,3,Seasons
s8686,Movie,VS.,6/19/2019,2018,TV-MA,99,min
s8687,Movie,Waar,7/1/2017,2013,TV-MA,130,min
s8688,Movie,Waarrior Savitri,11/1/2017,2016,TV-14,120,min
s8689,Movie,Waiting,5/1/2018,2015,TV-MA,94,min
s8690,Movie,Waiting...,9/23/2020,2005,R,94,min
s8691,TV Show,Wake Up,3/31/2018,2017,TV-14,2,Seasons
s8692,Movie,Wakefield,3/2/2019,2016,R,109,min
s8693,Movie,Walk with Me,12/26/2017,2017,TV-PG,94,min
s8694,Movie,Walking Out,10/1/2019,2017,PG-13,96,min
s8695,Movie,War,4/1/2019,2007,R,103,min
s8696,Movie,War Chhod Na Yaar,3/2/2019,2013,TV-14,109,min
s8697,Movie,War Horse,5/6/2019,2011,PG-13,147,min
s8698,Movie,War on Everyone,12/3/2019,2016,R,98,min
s8699,Movie,Warda,4/18/2019,2014,TV-14,73,min
s8700,Movie,Warehoused,11/1/2017,2015,TV-14,92,min
s8701,TV Show,Wartime Portraits,9/15/2016,2014,TV-MA,1,Season
s8702,Movie,Water & Power: A California Heist,2/1/2018,2017,PG,78,min
s8703,Movie,Waterschool,7/25/2018,2018,TV-G,68,min
s8704,Movie,We Are Your Friends,1/27/2020,2015,R,96,min
s8705,Movie,We Belong Together,7/16/2019,2018,TV-14,83,min
s8706,Movie,We Need to Talk,9/1/2016,2016,TV-MA,91,min
s8707,Movie,We the Animals,2/11/2019,2018,R,93,min
s8708,Movie,"We, the Marines",7/1/2018,2017,TV-PG,38,min
s8709,Movie,We're No Animals,8/15/2017,2015,TV-MA,94,min
s8710,Movie,Weather forecast,10/1/2019,1983,TV-MA,91,min
s8711,TV Show,Weeds,4/1/2014,2012,TV-MA,8,Seasons
s8712,Movie,Weeds on Fire,9/27/2018,2016,TV-MA,95,min
s8713,TV Show,Weird Wonders of the World,31-Mar-17,2016,TV-PG,2,Seasons
s8714,Movie,Welcome 2 Karachi,3/1/2018,2015,TV-MA,124,min
s8715,Movie,Welcome to Monster High: The Origin Story,10/1/2017,2016,TV-Y7,73,min
s8716,Movie,Welcome to New York,3/23/2017,2014,R,108,min
s8717,Movie,Welcome to Willits,2/6/2018,2017,TV-MA,84,min
s8718,Movie,Westerplatte Resists,10/1/2019,1967,TV-MA,93,min
s8719,Movie,Westside vs. the World,8/9/2019,2019,TV-MA,96,min
s8720,Movie,What a Wonderful Family!,7/1/2018,2017,TV-14,102,min
s8721,TV Show,What Happens to My Family,5/5/2017,2016,TV-14,1,Season
s8722,TV Show,What Is Love?,1/1/2017,2012,TV-14,1,Season
s8723,Movie,What Lies Beneath,1/1/2020,2000,PG-13,130,min
s8724,Movie,What Makes a Psychopath?,2/1/2019,2017,TV-14,52,min
s8725,Movie,What Still Remains,12/21/2018,2018,TV-14,91,min
s8726,Movie,What's Up With Love?,12/8/2018,2002,R,110,min
s8727,TV Show,When Calls the Heart,12/29/2018,2017,TV-PG,5,Seasons
s8728,Movie,When Hari Got Married,12/25/2016,2013,NR,75,min
s8729,Movie,When Two Worlds Collide,11/30/2016,2016,TV-14,103,min
s8730,Movie,Where the Money Is,1/15/2020,2000,PG-13,89,min
s8731,Movie,Where's the Money,1/22/2018,2017,R,86,min
s8732,Movie,While We're Young,10/23/2017,2015,R,97,min
s8733,Movie,White Chamber,8/1/2019,2018,TV-MA,89,min
s8734,Movie,White Island,9/25/2017,2016,TV-MA,91,min
s8735,Movie,Who the F**k Is That Guy?,9/1/2017,2017,TV-MA,78,min
s8736,Movie,Who's That Knocking at My Door?,7/1/2019,1967,R,90,min
s8737,TV Show,Who's the One,1/1/2017,2011,TV-14,1,Season
s8738,Movie,Why Are We Getting So Fat?,2/1/2019,2016,TV-14,50,min
s8739,Movie,Why Knot,10/15/2017,2016,TV-MA,84,min
s8740,Movie,Why We Fight: The Battle of Russia,3/31/2017,1943,TV-PG,82,min
s8741,TV Show,Wild Alaska,3/31/2017,2015,TV-PG,1,Season
s8742,TV Show,Wild Arabia,3/31/2017,2013,TV-PG,1,Season
s8743,Movie,Wild Wild West,1/1/2020,1999,PG-13,106,min
s8744,Movie,Wildlife,9/1/2020,2018,PG-13,105,min
s8745,Movie,Williams,11/4/2017,2017,TV-MA,105,min
s8746,Movie,Willy Wonka & the Chocolate Factory,1/1/2020,1971,G,100,min
s8747,Movie,Winnie,2/26/2018,2017,TV-14,85,min
s8748,TV Show,Winsanity,12/15/2018,2016,TV-G,1,Season
s8749,Movie,Winter of Our Dreams,11/1/2016,1981,NR,86,min
s8750,TV Show,Winter Sun,8/1/2017,2014,TV-MA,1,Season
s8751,Movie,Winter's Bone,3/1/2019,2010,R,100,min
s8752,Movie,Wish I Was Here,8/16/2018,2014,R,106,min
s8753,Movie,Wish Man,12/3/2019,2019,TV-14,108,min
s8754,Movie,Withdrawn,5/1/2018,2017,TV-MA,74,min
s8755,Movie,Wolves,3/29/2019,2016,R,109,min
s8756,TV Show,Women Behind Bars,1-Nov-16,2010,TV-14,3,Seasons
s8757,Movie,Woodstock,8/13/2019,2019,TV-MA,97,min
s8758,Movie,World Trade Center,11/20/2019,2006,PG-13,129,min
s8759,TV Show,World's Busiest Cities,2/1/2019,2017,TV-PG,1,Season
s8760,Movie,World's Weirdest Homes,2/1/2019,2015,TV-PG,49,min
s8761,Movie,Would You Rather,6/5/2019,2013,TV-MA,93,min
s8762,Movie,Wrong No.,7/1/2017,2015,TV-14,133,min
s8763,Movie,Wrong Side Raju,10/1/2017,2016,TV-MA,140,min
s8764,Movie,WWII: Report from the Aleutians,3/31/2017,1943,TV-PG,45,min
s8765,Movie,Wyatt Earp,1/1/2020,1994,PG-13,191,min
s8766,Movie,XX,6/22/2017,2017,R,81,min
s8767,Movie,XXx,1/1/2019,2002,PG-13,124,min
s8768,Movie,XXX: State of the Union,1/1/2019,2005,PG-13,101,min
s8769,Movie,Y Tu Mamá También,6/1/2017,2001,R,106,min
s8770,Movie,Y.M.I.: Yeh Mera India,3/1/2018,2008,TV-MA,137,min
s8771,Movie,Yaadein,3/1/2018,2001,TV-14,171,min
s8772,Movie,Yaara O Dildaara,11/1/2017,2011,TV-14,132,min
s8773,Movie,Yamla Pagla Deewana 2,5/1/2017,2013,TV-14,147,min
s8774,Movie,Yanda Kartavya Aahe,1/1/2018,2006,TV-PG,151,min
s8775,Movie,??? ?????,10/22/2019,2018,TV-14,97,min
s8776,TV Show,Yeh Meri Family,8/31/2018,2018,TV-PG,1,Season
s8777,Movie,Yellowbird,8/5/2015,2014,PG,90,min
s8778,Movie,Yes or No,12/6/2018,2010,TV-PG,111,min
s8779,Movie,Yes or No 2,11/8/2018,2012,TV-PG,112,min
s8780,Movie,Yes or No 2.5,11/8/2018,2015,TV-PG,107,min
s8781,TV Show,Yo-Kai Watch,4/1/2016,2015,TV-Y7,1,Season
s8782,Movie,Yo-Kai Watch: The Movie,12/1/2016,2016,TV-Y7,96,min
s8783,Movie,Yoga Hosers,12/2/2016,2016,PG-13,88,min
s8784,TV Show,Yoko,6/23/2018,2016,TV-Y,1,Season
s8785,Movie,Yoko and His Friends,6/23/2018,2015,TV-Y,78,min
s8786,TV Show,YOM,6/7/2018,2016,TV-Y7,1,Season
s8787,Movie,You Can Tutu,12/31/2017,2017,TV-G,87,min
s8788,Movie,You Can’t Fight Christmas,12/19/2017,2017,TV-PG,85,min
s8789,Movie,You Carry Me,7/1/2016,2015,TV-MA,157,min
s8790,Movie,You Changed My Life,2/27/2019,2009,TV-PG,116,min
s8791,Movie,You Don't Mess with the Zohan,9/1/2019,2008,UR,113,min
s8792,Movie,Young Adult,11/20/2019,2011,R,94,min
s8793,Movie,Young Tiger,11/1/2016,1973,NR,81,min
s8794,Movie,"Yours, Mine and Ours",11/20/2019,2005,PG,88,min
s8795,Movie,??????,10/11/2018,2016,TV-14,98,min
s8796,TV Show,Yu-Gi-Oh! Arc-V,5/1/2018,2015,TV-Y7,2,Seasons
s8797,TV Show,Yunus Emre,1/17/2017,2016,TV-PG,2,Seasons
s8798,TV Show,Zak Storm,9/13/2018,2016,TV-Y7,3,Seasons
s8799,Movie,Zed Plus,12/31/2019,2014,TV-MA,131,min
s8800,Movie,Zenda,2/15/2018,2009,TV-14,120,min
s8801,TV Show,Zindagi Gulzar Hai,12/15/2016,2012,TV-PG,1,Season
s8802,Movie,Zinzana,3/9/2016,2015,TV-MA,96,min
s8803,Movie,Zodiac,11/20/2019,2007,R,158,min
s8804,TV Show,Zombie Dumb,7/1/2019,2018,TV-Y7,2,Seasons
s8805,Movie,Zombieland,11/1/2019,2009,R,88,min
s8806,Movie,Zoom,1/11/2020,2006,PG,88,min
s8807,Movie,Zubaan,3/2/2019,2015,TV-14,111,min
